{
  "strategy": "A",
  "period": "20150101 ~ 20251231",
  "full_metrics": {
    "total_return": 97.46818099713508,
    "cagr": 12.663676458475193,
    "annual_volatility": 17.145032611411235,
    "mdd": -23.351969141965352,
    "sharpe": 0.5636429324749916,
    "sortino": 0.8264393902016631,
    "win_rate": 52.64255910987483,
    "trading_days": 1438,
    "calmar": 0.5422958715596089,
    "var_95": NaN,
    "var_99": NaN,
    "cvar_95": NaN,
    "cvar_99": NaN,
    "information_ratio": 0.10394000888053707,
    "tracking_error": 9.373466944731756
  },
  "is_metrics": {
    "total_return": 28.255177289603385,
    "cagr": 5.40646152199471,
    "annual_volatility": 16.63159314362695,
    "mdd": -23.351969141965352,
    "sharpe": 0.1446921831969441,
    "sortino": 0.20984252785783591,
    "win_rate": 52.22502099076406,
    "trading_days": 1191,
    "calmar": 0.23152058351596855,
    "var_95": NaN,
    "var_99": NaN,
    "cvar_95": NaN,
    "cvar_99": NaN,
    "information_ratio": 0.191308495123142,
    "tracking_error": 8.969207277406886
  },
  "oos_metrics": {
    "total_return": 53.965075851282805,
    "cagr": 55.315998259395684,
    "annual_volatility": 19.338830577783927,
    "mdd": -9.19364764501981,
    "sharpe": 2.7052307040476005,
    "sortino": 4.075747663365911,
    "win_rate": 54.655870445344135,
    "trading_days": 247,
    "calmar": 6.0167629210110425,
    "var_95": NaN,
    "var_99": NaN,
    "cvar_95": NaN,
    "cvar_99": NaN,
    "information_ratio": -0.23400501456982006,
    "tracking_error": 11.139187046025235
  },
  "n_rebalances": 23
}