{
  "strategy": "B",
  "period": "20150101 ~ 20251231",
  "full_metrics": {
    "total_return": -99.99999998547639,
    "cagr": -99.99999999999349,
    "annual_volatility": 231.96042693384115,
    "mdd": -100.30419118927949,
    "sharpe": -0.44404125894013274,
    "sortino": -0.3025230264796315,
    "win_rate": 55.85106382978723,
    "trading_days": 188,
    "calmar": 0.9969673132729622,
    "var_95": -2.0503663536755066,
    "var_99": -100.30855943422242,
    "cvar_95": -42.026693907173275,
    "cvar_99": -100.34699218120448,
    "information_ratio": -2.4186745194614927,
    "tracking_error": 230.24948787891412
  },
  "is_metrics": {},
  "oos_metrics": {
    "total_return": -100.39682017041262,
    "cagr": 0,
    "annual_volatility": 119.23422592087405,
    "mdd": -0.0,
    "sharpe": -0.025160560877804106,
    "sortino": -0.01695408998901784,
    "win_rate": 56.75675675675676,
    "trading_days": 185,
    "calmar": 0,
    "var_95": -1.8248534586236171,
    "var_99": -3.7227178400882632,
    "cvar_95": -12.490616034790198,
    "cvar_99": -52.89651377694254,
    "information_ratio": -1.3361253507696125,
    "tracking_error": 115.05115735842276
  },
  "n_rebalances": 6
}