{
  "strategy": "B",
  "period": "20150101 ~ 20251231",
  "full_metrics": {
    "total_return": 43.92753358598376,
    "cagr": 16.035364393314854,
    "annual_volatility": 25.973957879148113,
    "mdd": -31.521955794064972,
    "sharpe": 0.5018628448527531,
    "sortino": 0.763574417602866,
    "win_rate": 49.270664505672606,
    "trading_days": 617,
    "calmar": 0.5087046152235907,
    "var_95": NaN,
    "var_99": NaN,
    "cvar_95": NaN,
    "cvar_99": NaN,
    "information_ratio": -0.04446768530818806,
    "tracking_error": 21.075540757760784
  },
  "is_metrics": {
    "total_return": -4.66794836119827,
    "cagr": -3.2034152410747696,
    "annual_volatility": 27.693788251198942,
    "mdd": -31.521955794064972,
    "sharpe": -0.22400024094956406,
    "sortino": -0.34299203460435546,
    "win_rate": 44.86486486486487,
    "trading_days": 370,
    "calmar": 0.10162488844292829,
    "var_95": NaN,
    "var_99": NaN,
    "cvar_95": NaN,
    "cvar_99": NaN,
    "information_ratio": 0.03802160290808661,
    "tracking_error": 26.328588859167652
  },
  "oos_metrics": {
    "total_return": 50.97496708798697,
    "cagr": 52.23920282279446,
    "annual_volatility": 23.129801658169704,
    "mdd": -13.997284264972865,
    "sharpe": 2.1288207979683484,
    "sortino": 3.261556160998349,
    "win_rate": 55.87044534412956,
    "trading_days": 247,
    "calmar": 3.732095586107305,
    "var_95": NaN,
    "var_99": NaN,
    "cvar_95": NaN,
    "cvar_99": NaN,
    "information_ratio": -0.4432428917715282,
    "tracking_error": 8.62902974293914
  },
  "n_rebalances": 10
}