,total_return,cagr,annual_volatility,mdd,sharpe,sortino,win_rate,trading_days,calmar,var_95,var_99,cvar_95,cvar_99,information_ratio,tracking_error
코스피,118.75428251074563,7.5823521235809155,17.253947828385645,-43.89786736150931,0.26558282018461743,0.3498271826121061,53.79770285290848,2699.0,0.17272711817953373,-1.6854999344521893,-3.0451851537622843,-2.5684467455174493,-4.183657523591666,0.0,0.0
전략 A (마법공식),97.46818099713508,12.663676458475193,17.145032611411235,-23.351969141965352,0.5636429324749916,0.8264393902016631,52.64255910987483,1438.0,0.5422958715596089,,,,,0.10394000888053707,9.373466944731756
전략 B (멀티팩터),43.92753358598376,16.035364393314854,25.973957879148113,-31.521955794064972,0.5018628448527531,0.763574417602866,49.270664505672606,617.0,0.5087046152235907,,,,,-0.04446768530818806,21.075540757760784
