{
  "strategy": "C",
  "period": "20150101 ~ 20250131",
  "full_metrics": {
    "total_return": 0.9317824065093738,
    "cagr": 0.18670397113573767,
    "volatility": 25.89179068470755,
    "mdd": -49.25707045595106,
    "sharpe": -0.10865590808772749,
    "sortino": -0.15898271749125423,
    "win_rate": 50.997605746209096,
    "trading_days": 1253
  },
  "is_metrics": {
    "total_return": 22.96521778481031,
    "cagr": 4.471241359704847,
    "volatility": 25.50999971918487,
    "mdd": -40.701813403398354,
    "sharpe": 0.05767312332027962,
    "sortino": 0.08452531292578983,
    "win_rate": 51.30142737195634,
    "trading_days": 1191
  },
  "oos_metrics": {
    "total_return": -17.91842910965239,
    "cagr": -55.18224484426231,
    "volatility": 32.218515601622244,
    "mdd": -26.358924717955407,
    "sharpe": -1.805863608481477,
    "sortino": -2.7446384164769935,
    "win_rate": 45.16129032258064,
    "trading_days": 62
  },
  "n_rebalances": 20
}