{
  "총_수익률": -0.25860029743605173,
  "CAGR": -0.05332380106997714,
  "연간_변동성": 0.31202683376333373,
  "Sharpe": -0.17089492088498454,
  "Sortino": -0.19489195453429214,
  "MDD": -0.6984855740621718,
  "Calmar": 0.07634202201179723
}