{
  "top5_equal": {
    "label": "Top 5 동일비중",
    "total_return": -41.44415538734572,
    "cagr": -11.42175508127764,
    "volatility": 38.853385543166816,
    "mdd": -69.92680695387563,
    "sharpe": -0.37118400056167067,
    "sortino": -0.5565627469839238,
    "calmar": 0.16333871913830608,
    "win_rate": 44.514388489208635,
    "trading_days": 1112
  },
  "top5_ranked": {
    "label": "Top 5 순위가중",
    "total_return": -33.82544689654223,
    "cagr": -8.932119186362053,
    "volatility": 37.63329143498152,
    "mdd": -65.86574364692834,
    "sharpe": -0.3170628645909699,
    "sortino": -0.49041840553948834,
    "calmar": 0.13561099733789467,
    "win_rate": 44.42446043165468,
    "trading_days": 1112
  },
  "top10_equal": {
    "label": "Top 10 동일비중",
    "total_return": -37.500574780311815,
    "cagr": -10.103726584899464,
    "volatility": 37.68787685372995,
    "mdd": -69.92680695387563,
    "sharpe": -0.34769076103056185,
    "sortino": -0.5171278682120163,
    "calmar": 0.14449003214981596,
    "win_rate": 44.694244604316545,
    "trading_days": 1112
  },
  "top10_ranked": {
    "label": "Top 10 순위가중",
    "total_return": -32.61230651471338,
    "cagr": -8.556433597221014,
    "volatility": 36.22170637728538,
    "mdd": -65.86574364692834,
    "sharpe": -0.31904718891068173,
    "sortino": -0.4870324307026286,
    "calmar": 0.12990718882773966,
    "win_rate": 44.24460431654676,
    "trading_days": 1112
  },
  "kospi200": {
    "label": "KOSPI200",
    "total_return": 147.55096204910183,
    "cagr": 8.831757926747263,
    "volatility": 18.127030833275505,
    "mdd": -41.185845409202216,
    "sharpe": 0.32171611448037024,
    "sortino": 0.43672127347515854,
    "calmar": 0.2144367279340579,
    "win_rate": 53.316042978881065,
    "trading_days": 2699
  }
}