{
  "A_boost_2025": {
    "baseline": {
      "rev_z_mean": 1.2828811666666666,
      "oca_z_mean": 1.2684365,
      "n_dates": 30
    },
    "weighted": {
      "rev_z_mean": 1.2008093333333334,
      "oca_z_mean": 1.2717678333333333,
      "n_dates": 30
    },
    "half": {
      "rev_z_mean": 1.2222973333333336,
      "oca_z_mean": 1.2679315,
      "n_dates": 30
    }
  },
  "B_defense_2022": {
    "baseline": {
      "rev_z_mean": 0.5333933333333333,
      "oca_z_mean": 0.5876928333333333,
      "n_dates": 30
    },
    "weighted": {
      "rev_z_mean": 0.5830511666666667,
      "oca_z_mean": 0.6072393333333331,
      "n_dates": 30
    },
    "half": {
      "rev_z_mean": 0.5906304999999998,
      "oca_z_mean": 0.5988988333333334,
      "n_dates": 30
    }
  }
}