{
  "strategy": "A",
  "period": "20150101 ~ 20250131",
  "full_metrics": {
    "total_return": 17.26630669724849,
    "cagr": 3.255201369650118,
    "volatility": 17.010876255814185,
    "mdd": -27.338104070110468,
    "sharpe": 0.015002247139555338,
    "sortino": 0.022024066670314577,
    "win_rate": 50.19952114924182,
    "trading_days": 1253
  },
  "is_metrics": {
    "total_return": 23.220776939328267,
    "cagr": 4.517144159872233,
    "volatility": 16.974864471662396,
    "mdd": -27.338104070110468,
    "sharpe": 0.08937592181692716,
    "sortino": 0.13076018547677756,
    "win_rate": 50.20990764063812,
    "trading_days": 1191
  },
  "oos_metrics": {
    "total_return": -4.832358949507098,
    "cagr": -18.234625354299972,
    "volatility": 17.76798997336962,
    "mdd": -7.060143204374085,
    "sharpe": -1.1951056583286062,
    "sortino": -1.8839822517440188,
    "win_rate": 50.0,
    "trading_days": 62
  },
  "n_rebalances": 20
}