date,ticker,forward_eps,analyst_count,has_consensus,eps_cy,eps_ny
20260625,373220,-1403.0,23.0,1,,
20260625,086520,,,0,,
20260625,950160,-460.0,1.0,1,,
20260625,180640,,,0,,
20260625,028300,,,0,,
20260625,000250,,,0,,
20260625,011790,-4692.0,4.0,1,,
20260625,000500,,,0,,
20260625,298380,-1012.0,4.0,1,,
20260625,066970,-169.0,22.0,1,,
20260625,088980,,,0,,
20260625,141080,-1197.0,6.0,1,,
20260625,347850,,,0,,
20260625,087010,,,0,,
20260625,085620,,1.0,0,,
20260625,336260,-521.0,6.0,1,,
20260625,022100,,,0,,
20260625,214370,,,0,,
20260625,450080,,,0,,
20260625,310210,-2553.0,1.0,1,,
20260625,319400,,,0,,
20260625,012510,,,0,,
20260625,011170,-5556.0,13.0,1,,
20260625,031210,,1.0,0,,
20260625,005290,,,0,,
20260625,302440,-1020.0,3.0,1,,
20260625,001720,,,0,,
20260625,226950,,,0,,
20260625,020150,-453.0,14.0,1,,
20260625,010170,,,0,,
20260625,032820,,,0,,
20260625,026960,,,0,,
20260625,457190,,,0,,
20260625,003690,,3.0,0,,
20260625,009970,,,0,,
20260625,089030,,,0,,
20260625,008930,,,0,,
20260625,030530,,,0,,
20260625,140410,,,0,,
20260625,007390,,,0,,
20260625,068760,,,0,,
20260625,395400,,,0,,
20260625,001820,,,0,,
20260625,002790,,,0,,
20260625,281820,,,0,,
20260625,0009K0,,,0,,
20260625,031330,,,0,,
20260625,001800,,,0,,
20260625,023590,,,0,,
20260625,361610,-2614.0,10.0,1,,
20260625,020560,,,0,,
20260625,437730,,,0,,
20260625,323280,,,0,,
20260625,475830,,,0,,
20260625,101490,,,0,,
20260625,476830,,,0,,
20260625,100790,,,0,,
20260625,007310,,,0,,
20260625,127120,,,0,,
20260625,415640,,,0,,
20260625,030610,,,0,,
20260625,090710,,,0,,
20260625,082640,,1.0,0,,
20260625,003530,,,0,,
20260625,417200,,,0,,
20260625,003380,,,0,,
20260625,085660,,,0,,
20260625,065350,,,0,,
20260625,330590,,,0,,
20260625,281740,,,0,,
20260625,038500,,,0,,
20260625,003090,,,0,,
20260625,003240,,,0,,
20260625,083450,,,0,,
20260625,161580,,,0,,
20260625,491000,-1077.0,2.0,1,,
20260625,057050,,,0,,
20260625,328130,,,0,,
20260625,137400,,,0,,
20260625,003470,,,0,,
20260625,090360,,,0,,
20260625,388720,,,0,,
20260625,445680,,,0,,
20260625,365550,,,0,,
20260625,397030,-371.0,3.0,1,,
20260625,451800,,,0,,
20260625,192400,,,0,,
20260625,006340,,,0,,
20260625,252990,,,0,,
20260625,115180,,,0,,
20260625,466100,,,0,,
20260625,048410,,,0,,
20260625,000670,,,0,,
20260625,036830,,,0,,
20260625,019210,,,0,,
20260625,490470,-85.0,1.0,1,,
20260625,137310,,,0,,
20260625,033100,,,0,,
20260625,036530,,,0,,
20260625,004490,,,0,,
20260625,293490,-1090.0,2.0,1,,
20260625,006120,,,0,,
20260625,222080,,,0,,
20260625,160190,,,0,,
20260625,484870,,,0,,
20260625,006110,,,0,,
20260625,094170,,,0,,
20260625,053610,,,0,,
20260625,079160,-405.0,3.0,1,,
20260625,358570,,,0,,
20260625,027360,,,0,,
20260625,439960,,,0,,
20260625,052020,,,0,,
20260625,124500,,,0,,
20260625,032190,,,0,,
20260625,046890,,,0,,
20260625,033790,,,0,,
20260625,456160,,,0,,
20260625,037460,,,0,,
20260625,059090,,,0,,
20260625,348370,,,0,,
20260625,033160,,2.0,0,,
20260625,376900,,,0,,
20260625,001510,,,0,,
20260625,056080,,,0,,
20260625,093050,,,0,,
20260625,293940,,,0,,
20260625,365340,-794.0,4.0,1,,
20260625,317450,,,0,,
20260625,002960,,,0,,
20260625,001570,,,0,,
20260625,001270,,,0,,
20260625,102940,,,0,,
20260625,001060,,,0,,
20260625,007700,,,0,,
20260625,008060,,,0,,
20260625,053800,,,0,,
20260625,006380,,,0,,
20260625,003620,,,0,,
20260625,225570,,,0,,
20260625,425420,,,0,,
20260625,041960,,,0,,
20260625,174900,,,0,,
20260625,014820,,,0,,
20260625,009520,,,0,,
20260625,082270,,,0,,
20260625,249420,,2.0,0,,
20260625,399720,,,0,,
20260625,093320,,,0,,
20260625,000400,,,0,,
20260625,389470,,,0,,
20260625,002840,,,0,,
20260625,089890,,,0,,
20260625,001500,,,0,,
20260625,253590,,,0,,
20260625,015750,,,0,,
20260625,045100,,,0,,
20260625,094800,,,0,,
20260625,348340,,,0,,
20260625,268280,,,0,,
20260625,004710,,,0,,
20260625,278280,-775.0,2.0,1,,
20260625,161000,,,0,,
20260625,003300,,,0,,
20260625,017900,,,0,,
20260625,035890,,,0,,
20260625,214430,,,0,,
20260625,009410,,,0,,
20260625,002240,,,0,,
20260625,005250,,,0,,
20260625,284740,,,0,,
20260625,460930,,,0,,
20260625,230360,,,0,,
20260625,486990,-253.0,2.0,1,,
20260625,448730,,,0,,
20260625,025980,,,0,,
20260625,101160,,,0,,
20260625,452260,,,0,,
20260625,377740,,,0,,
20260625,241770,,,0,,
20260625,200470,,,0,,
20260625,368770,,,0,,
20260625,356680,,,0,,
20260625,005420,,,0,,
20260625,448900,,,0,,
20260625,034950,,,0,,
20260625,019170,,,0,,
20260625,001200,,,0,,
20260625,168360,,,0,,
20260625,041190,,,0,,
20260625,372320,-1852.0,1.0,1,,
20260625,271940,,,0,,
20260625,008730,,,0,,
20260625,219130,,,0,,
20260625,145990,,,0,,
20260625,003000,,,0,,
20260625,078130,,,0,,
20260625,110990,,,0,,
20260625,016610,,,0,,
20260625,034310,,,0,,
20260625,079940,,,0,,
20260625,072710,,,0,,
20260625,000070,,,0,,
20260625,003280,,,0,,
20260625,024850,-1260.0,1.0,1,,
20260625,160980,,,0,,
20260625,060280,,,0,,
20260625,130660,,,0,,
20260625,199800,,,0,,
20260625,092790,,,0,,
20260625,217590,,,0,,
20260625,029530,,,0,,
20260625,025320,,,0,,
20260625,417310,,,0,,
20260625,004700,,,0,,
20260625,101930,,,0,,
20260625,047920,,,0,,
20260625,067630,,,0,,
20260625,015360,,,0,,
20260625,357120,,,0,,
20260625,393890,-2136.0,6.0,1,,
20260625,950210,,,0,,
20260625,006910,,,0,,
20260625,092190,,,0,,
20260625,006220,,,0,,
20260625,016590,,,0,,
20260625,089590,-565.0,9.0,1,,
20260625,064260,,,0,,
20260625,002030,,,0,,
20260625,002810,,,0,,
20260625,025900,-417.0,1.0,1,,
20260625,078160,,,0,,
20260625,204620,,,0,,
20260625,012030,,,0,,
20260625,344820,,,0,,
20260625,144960,,,0,,
20260625,484590,,,0,,
20260625,0011T0,,,0,,
20260625,287840,,,0,,
20260625,119850,,,0,,
20260625,493280,,,0,,
20260625,003800,,,0,,
20260625,0120G0,,,0,,
20260625,078350,,,0,,
20260625,424870,,,0,,
20260625,005950,,,0,,
20260625,265520,,,0,,
20260625,029460,,,0,,
20260625,078020,,,0,,
20260625,010820,,,0,,
20260625,468530,,,0,,
20260625,092230,,,0,,
20260625,394280,-22.0,3.0,1,,
20260625,015860,,,0,,
20260625,455900,,,0,,
20260625,079370,,,0,,
20260625,206650,,,0,,
20260625,117730,,,0,,
20260625,098070,,,0,,
20260625,254490,,,0,,
20260625,389650,-469.0,4.0,1,,
20260625,005610,,,0,,
20260625,170900,,5.0,0,,
20260625,091810,,,0,,
20260625,187660,,,0,,
20260625,126560,,,0,,
20260625,200880,,,0,,
20260625,215600,,,0,,
20260625,002710,,,0,,
20260625,046970,,,0,,
20260625,005720,,,0,,
20260625,084110,,,0,,
20260625,065680,,,0,,
20260625,069540,,,0,,
20260625,036890,,,0,,
20260625,425040,,,0,,
20260625,272450,-862.0,7.0,1,,
20260625,365270,,,0,,
20260625,332570,,,0,,
20260625,243070,,,0,,
20260625,064820,,,0,,
20260625,092870,,,0,,
20260625,002310,,,0,,
20260625,441270,,,0,,
20260625,025860,,,0,,
20260625,018250,,,0,,
20260625,034830,,1.0,0,,
20260625,317330,,,0,,
20260625,001390,,,0,,
20260625,228760,,,0,,
20260625,445090,,,0,,
20260625,452280,,,0,,
20260625,159010,,,0,,
20260625,061970,,,0,,
20260625,314930,,,0,,
20260625,016800,,,0,,
20260625,136480,,,0,,
20260625,477850,,,0,,
20260625,092460,,,0,,
20260625,064850,,,0,,
20260625,488900,,,0,,
20260625,084690,,,0,,
20260625,009290,,,0,,
20260625,035810,,,0,,
20260625,005680,,,0,,
20260625,025770,,,0,,
20260625,298000,,,0,,
20260625,009160,,,0,,
20260625,123890,,,0,,
20260625,096760,,,0,,
20260625,000430,,,0,,
20260625,378340,,,0,,
20260625,042370,,,0,,
20260625,352480,,,0,,
20260625,017390,,,0,,
20260625,241520,,,0,,
20260625,187870,,,0,,
20260625,092730,,1.0,0,,
20260625,304360,-593.0,1.0,1,,
20260625,272110,,,0,,
20260625,024720,,,0,,
20260625,101730,,,0,,
20260625,309710,,,0,,
20260625,037710,,,0,,
20260625,900290,,,0,,
20260625,002900,,,0,,
20260625,114190,,,0,,
20260625,182400,,,0,,
20260625,389260,,,0,,
20260625,203650,,,0,,
20260625,023410,,,0,,
20260625,298830,,,0,,
20260625,151860,,,0,,
20260625,003720,,,0,,
20260625,078520,,,0,,
20260625,000650,,,0,,
20260625,004310,,,0,,
20260625,018000,,,0,,
20260625,043370,,,0,,
20260625,200130,,,0,,
20260625,003120,,,0,,
20260625,472850,,,0,,
20260625,900140,,,0,,
20260625,121800,,,0,,
20260625,005430,,,0,,
20260625,001750,,,0,,
20260625,003960,,,0,,
20260625,004360,,,0,,
20260625,017890,,,0,,
20260625,475400,,,0,,
20260625,377460,,,0,,
20260625,092200,,,0,,
20260625,036710,,,0,,
20260625,220100,,,0,,
20260625,144510,,,0,,
20260625,002320,,,0,,
20260625,003920,,,0,,
20260625,065660,,,0,,
20260625,005010,,,0,,
20260625,053030,-185.0,2.0,1,,
20260625,267980,,,0,,
20260625,0001A0,,,0,,
20260625,404990,,,0,,
20260625,950170,,,0,,
20260625,019010,,,0,,
20260625,051360,,,0,,
20260625,382900,,,0,,
20260625,011500,,,0,,
20260625,394420,-220.0,3.0,1,,
20260625,078150,,,0,,
20260625,355150,,,0,,
20260625,004430,,,0,,
20260625,014940,,,0,,
20260625,112290,,,0,,
20260625,026890,,,0,,
20260625,334890,,,0,,
20260625,003200,,,0,,
20260625,217730,,,0,,
20260625,108860,,,0,,
20260625,000680,,,0,,
20260625,448280,,,0,,
20260625,000320,,,0,,
20260625,058970,,1.0,0,,
20260625,290690,,,0,,
20260625,017860,,,0,,
20260625,0030R0,,,0,,
20260625,462350,-1132.0,1.0,1,,
20260625,416180,,,0,,
20260625,009470,,,0,,
20260625,206640,,,0,,
20260625,348950,,,0,,
20260625,125020,,,0,,
20260625,251370,,,0,,
20260625,357550,,,0,,
20260625,065710,,,0,,
20260625,037270,,,0,,
20260625,439090,,,0,,
20260625,067390,,,0,,
20260625,084850,,,0,,
20260625,0082N0,,,0,,
20260625,180400,,,0,,
20260625,036170,,,0,,
20260625,088260,,,0,,
20260625,461300,,,0,,
20260625,098120,,,0,,
20260625,023760,,,0,,
20260625,475560,,,0,,
20260625,000050,,,0,,
20260625,134380,,,0,,
20260625,000480,,,0,,
20260625,045390,,,0,,
20260625,000540,,,0,,
20260625,314130,,,0,,
20260625,000490,,,0,,
20260625,095500,,,0,,
20260625,044450,,,0,,
20260625,003520,,,0,,
20260625,025000,,,0,,
20260625,094480,,,0,,
20260625,028100,,,0,,
20260625,036030,,,0,,
20260625,459510,,,0,,
20260625,136490,,,0,,
20260625,308430,,,0,,
20260625,128820,,,0,,
20260625,094820,,,0,,
20260625,012860,,,0,,
20260625,001460,,,0,,
20260625,115450,,,0,,
20260625,210980,,,0,,
20260625,046120,,,0,,
20260625,084990,,,0,,
20260625,025560,,,0,,
20260625,009680,,,0,,
20260625,007160,,,0,,
20260625,013890,-1180.0,1.0,1,,
20260625,003650,,,0,,
20260625,394800,,,0,,
20260625,474650,,,0,,
20260625,033920,,,0,,
20260625,030210,,,0,,
20260625,318060,-63.0,1.0,1,,
20260625,294570,,,0,,
20260625,018310,,,0,,
20260625,099440,,,0,,
20260625,126730,,,0,,
20260625,008490,,,0,,
20260625,005710,,,0,,
20260625,242040,,,0,,
20260625,190510,,,0,,
20260625,226320,,,0,,
20260625,199820,,,0,,
20260625,380540,,,0,,
20260625,004980,,,0,,
20260625,052330,,,0,,
20260625,389020,-145.0,1.0,1,,
20260625,388790,,,0,,
20260625,274090,,,0,,
20260625,478340,,,0,,
20260625,338840,,,0,,
20260625,0015G0,,,0,,
20260625,123860,,,0,,
20260625,446540,,,0,,
20260625,464080,,,0,,
20260625,010580,,,0,,
20260625,001790,,,0,,
20260625,001630,,,0,,
20260625,138610,,,0,,
20260625,307180,,,0,,
20260625,432320,,,0,,
20260625,049630,,,0,,
20260625,035510,,,0,,
20260625,179900,,,0,,
20260625,126640,,,0,,
20260625,481070,,,0,,
20260625,012210,,,0,,
20260625,007860,,,0,,
20260625,053300,,,0,,
20260625,121440,,,0,,
20260625,126600,,,0,,
20260625,194480,,,0,,
20260625,032580,,,0,,
20260625,494120,,,0,,
20260625,192440,,,0,,
20260625,122990,,,0,,
20260625,484120,,,0,,
20260625,036190,,,0,,
20260625,487570,,,0,,
20260625,082800,,,0,,
20260625,067080,,,0,,
20260625,004560,,,0,,
20260625,092070,,,0,,
20260625,039830,,,0,,
20260625,001130,,,0,,
20260625,298690,,,0,,
20260625,457550,,,0,,
20260625,102260,,,0,,
20260625,016790,,,0,,
20260625,117580,,,0,,
20260625,432720,,,0,,
20260625,083930,,,0,,
20260625,484810,,,0,,
20260625,100250,,,0,,
20260625,000140,,,0,,
20260625,304100,,,0,,
20260625,083310,,,0,,
20260625,024840,,,0,,
20260625,377190,,,0,,
20260625,064550,,,0,,
20260625,036560,,,0,,
20260625,034810,,,0,,
20260625,001780,,,0,,
20260625,004380,,,0,,
20260625,003610,,,0,,
20260625,102460,,,0,,
20260625,382800,,,0,,
20260625,357880,,,0,,
20260625,033530,,,0,,
20260625,088800,,,0,,
20260625,138360,,,0,,
20260625,256840,,,0,,
20260625,002100,,,0,,
20260625,003350,,,0,,
20260625,176750,,,0,,
20260625,101360,,,0,,
20260625,0088M0,,,0,,
20260625,066620,,,0,,
20260625,003460,,,0,,
20260625,255220,,,0,,
20260625,040350,,,0,,
20260625,102120,,,0,,
20260625,950140,,,0,,
20260625,109740,,,0,,
20260625,049430,,,0,,
20260625,002150,,,0,,
20260625,042420,,,0,,
20260625,000390,,,0,,
20260625,000300,,,0,,
20260625,489500,,,0,,
20260625,163730,,,0,,
20260625,264450,,1.0,0,,
20260625,216080,,,0,,
20260625,126700,,,0,,
20260625,462520,,,0,,
20260625,143240,,,0,,
20260625,016450,,,0,,
20260625,001080,,,0,,
20260625,080160,,,0,,
20260625,071200,,,0,,
20260625,402490,,,0,,
20260625,086820,,,0,,
20260625,086670,,,0,,
20260625,418550,,,0,,
20260625,372170,,,0,,
20260625,462860,,,0,,
20260625,400760,,,0,,
20260625,245620,,,0,,
20260625,056090,,,0,,
20260625,000860,,,0,,
20260625,270660,,,0,,
20260625,078070,,,0,,
20260625,044820,,,0,,
20260625,016880,,,0,,
20260625,119830,,,0,,
20260625,101530,,,0,,
20260625,232680,,,0,,
20260625,084680,,,0,,
20260625,012610,,,0,,
20260625,388050,,,0,,
20260625,031440,,,0,,
20260625,038390,,,0,,
20260625,024800,,,0,,
20260625,002170,,,0,,
20260625,402030,,,0,,
20260625,306620,,,0,,
20260625,079960,,,0,,
20260625,077500,,,0,,
20260625,403850,,,0,,
20260625,488280,,,0,,
20260625,066410,,,0,,
20260625,418420,,,0,,
20260625,015230,,,0,,
20260625,046070,,,0,,
20260625,032620,,,0,,
20260625,0007C0,,,0,,
20260625,377450,,,0,,
20260625,452450,,,0,,
20260625,123410,,,0,,
20260625,118990,,,0,,
20260625,211270,,,0,,
20260625,143160,,,0,,
20260625,199430,,,0,,
20260625,007330,,,0,,
20260625,041020,,,0,,
20260625,071840,-99.0,3.0,1,,
20260625,011040,,,0,,
20260625,072870,,,0,,
20260625,042600,,,0,,
20260625,048870,,,0,,
20260625,146320,,,0,,
20260625,371950,,,0,,
20260625,271980,,,0,,
20260625,039860,,,0,,
20260625,023910,,,0,,
20260625,000970,,,0,,
20260625,024060,,,0,,
20260625,093190,,,0,,
20260625,007570,,,0,,
20260625,123330,,,0,,
20260625,090350,,,0,,
20260625,460850,,,0,,
20260625,226590,,,0,,
20260625,445180,,,0,,
20260625,469610,,,0,,
20260625,011690,,,0,,
20260625,025820,,,0,,
20260625,140670,,,0,,
20260625,008350,,,0,,
20260625,000520,-830.0,1.0,1,,
20260625,060150,,,0,,
20260625,012200,,,0,,
20260625,104480,,,0,,
20260625,058820,,,0,,
20260625,086980,,,0,,
20260625,264850,,,0,,
20260625,147830,,,0,,
20260625,036010,,,0,,
20260625,000700,,,0,,
20260625,003830,,,0,,
20260625,198440,,,0,,
20260625,179290,,,0,,
20260625,105330,,,0,,
20260625,106190,,,0,,
20260625,067280,,,0,,
20260625,049960,,,0,,
20260625,308080,,,0,,
20260625,004970,,,0,,
20260625,092220,,,0,,
20260625,011280,,,0,,
20260625,054800,,,0,,
20260625,458650,,,0,,
20260625,006060,,,0,,
20260625,267320,,,0,,
20260625,008970,,,0,,
20260625,234690,,,0,,
20260625,081000,,,0,,
20260625,023600,,,0,,
20260625,285490,,,0,,
20260625,293580,,,0,,
20260625,000020,,,0,,
20260625,005960,,,0,,
20260625,004150,-24.0,1.0,1,,
20260625,037350,,,0,,
20260625,259630,,,0,,
20260625,005990,,,0,,
20260625,094280,,,0,,
20260625,380550,,,0,,
20260625,003480,,,0,,
20260625,334970,,,0,,
20260625,049720,,,0,,
20260625,0017J0,,,0,,
20260625,073010,,,0,,
20260625,220260,,,0,,
20260625,018470,,,0,,
20260625,260970,,,0,,
20260625,264660,,,0,,
20260625,053080,,,0,,
20260625,015890,,,0,,
20260625,012320,,,0,,
20260625,051980,,,0,,
20260625,047310,,,0,,
20260625,038290,,,0,,
20260625,002220,,,0,,
20260625,204610,,,0,,
20260625,101970,,,0,,
20260625,002460,,,0,,
20260625,297890,,,0,,
20260625,299030,,,0,,
20260625,001360,,,0,,
20260625,048550,,,0,,
20260625,005160,,,0,,
20260625,142210,,,0,,
20260625,041440,,,0,,
20260625,001540,,,0,,
20260625,014710,,,0,,
20260625,086890,,,0,,
20260625,289080,,,0,,
20260625,289930,,,0,,
20260625,269620,,,0,,
20260625,017550,,,0,,
20260625,115500,,,0,,
20260625,039560,,,0,,
20260625,067290,,,0,,
20260625,272550,,,0,,
20260625,032940,,,0,,
20260625,010100,,,0,,
20260625,166480,,,0,,
20260625,013520,,,0,,
20260625,004080,,,0,,
20260625,037030,,,0,,
20260625,311320,,,0,,
20260625,069510,,,0,,
20260625,408920,,,0,,
20260625,089470,,,0,,
20260625,322510,,,0,,
20260625,417010,,,0,,
20260625,017510,,,0,,
20260625,009070,,,0,,
20260625,107590,,,0,,
20260625,331920,,,0,,
20260625,210540,,,0,,
20260625,078000,,,0,,
20260625,136540,,,0,,
20260625,047770,,,0,,
20260625,095190,,,0,,
20260625,350520,,,0,,
20260625,293780,,,0,,
20260625,122450,,,0,,
20260625,214390,,,0,,
20260625,036690,,,0,,
20260625,095700,,,0,,
20260625,209640,,,0,,
20260625,108230,,,0,,
20260625,205500,,,0,,
20260625,950190,,,0,,
20260625,307750,,,0,,
20260625,002780,,,0,,
20260625,037070,,,0,,
20260625,021080,,,0,,
20260625,024090,,,0,,
20260625,003100,,,0,,
20260625,009270,,,0,,
20260625,004960,,,0,,
20260625,013990,,,0,,
20260625,187790,,,0,,
20260625,014280,,,0,,
20260625,321550,,,0,,
20260625,417500,,,0,,
20260625,080420,,,0,,
20260625,256940,,,0,,
20260625,217270,,,0,,
20260625,300080,,,0,,
20260625,066430,,,0,,
20260625,019180,,,0,,
20260625,016740,,,0,,
20260625,001520,,,0,,
20260625,008040,,,0,,
20260625,059120,,,0,,
20260625,321370,,,0,,
20260625,158430,,,0,,
20260625,007540,,,0,,
20260625,453450,,,0,,
20260625,067990,,,0,,
20260625,320000,,,0,,
20260625,115310,,,0,,
20260625,338220,,,0,,
20260625,221800,,,0,,
20260625,192410,,,0,,
20260625,333430,,,0,,
20260625,005800,,,0,,
20260625,212560,,,0,,
20260625,240550,,,0,,
20260625,263860,,,0,,
20260625,330350,,,0,,
20260625,101170,,,0,,
20260625,008830,,,0,,
20260625,413630,,,0,,
20260625,475580,,,0,,
20260625,041590,,,0,,
20260625,0011A0,,,0,,
20260625,049520,,,0,,
20260625,123040,,,0,,
20260625,452190,,,0,,
20260625,235980,,,0,,
20260625,474610,,,0,,
20260625,451220,,,0,,
20260625,340450,,,0,,
20260625,090850,,,0,,
20260625,016710,,,0,,
20260625,035000,,,0,,
20260625,020120,,,0,,
20260625,038540,,,0,,
20260625,027710,,,0,,
20260625,093640,,,0,,
20260625,267290,,,0,,
20260625,034590,,,0,,
20260625,013310,,,0,,
20260625,004250,,,0,,
20260625,002620,,,0,,
20260625,054050,,,0,,
20260625,067900,,,0,,
20260625,027970,,,0,,
20260625,120030,,,0,,
20260625,015590,,,0,,
20260625,006620,,,0,,
20260625,336680,,,0,,
20260625,339950,,,0,,
20260625,054540,,,0,,
20260625,053700,,,0,,
20260625,012800,,,0,,
20260625,018120,,,0,,
20260625,457370,,,0,,
20260625,068790,,,0,,
20260625,083420,,,0,,
20260625,310200,,,0,,
20260625,014580,,,0,,
20260625,366030,,,0,,
20260625,156100,,,0,,
20260625,382840,,,0,,
20260625,396300,,,0,,
20260625,044990,,,0,,
20260625,149980,,,0,,
20260625,041520,,,0,,
20260625,014530,,,0,,
20260625,011810,,,0,,
20260625,021820,,,0,,
20260625,131030,,,0,,
20260625,025620,,,0,,
20260625,071280,,,0,,
20260625,290740,,1.0,0,,
20260625,052260,,,0,,
20260625,051160,,,0,,
20260625,002450,,,0,,
20260625,009780,,,0,,
20260625,004100,,,0,,
20260625,092040,,,0,,
20260625,172670,,,0,,
20260625,475230,,,0,,
20260625,323990,,,0,,
20260625,073560,,,0,,
20260625,290720,,,0,,
20260625,205100,,,0,,
20260625,088130,,,0,,
20260625,227840,,,0,,
20260625,002390,,,0,,
20260625,009580,,,0,,
20260625,054920,,,0,,
20260625,123690,,,0,,
20260625,094840,,,0,,
20260625,040300,,,0,,
20260625,040160,,,0,,
20260625,078890,,,0,,
20260625,007210,,,0,,
20260625,141000,,,0,,
20260625,104460,,,0,,
20260625,950250,,,0,,
20260625,365330,,,0,,
20260625,023450,,,0,,
20260625,396270,,,0,,
20260625,059210,,,0,,
20260625,263720,,,0,,
20260625,066980,,,0,,
20260625,322180,,,0,,
20260625,039340,,,0,,
20260625,013570,,,0,,
20260625,025950,,,0,,
20260625,002230,,,0,,
20260625,396470,,,0,,
20260625,264900,,,0,,
20260625,182360,,,0,,
20260625,214680,,,0,,
20260625,309960,,,0,,
20260625,217820,,,0,,
20260625,267850,,,0,,
20260625,0117P0,,,0,,
20260625,307930,,,0,,
20260625,109610,,,0,,
20260625,119650,,,0,,
20260625,086960,,,0,,
20260625,052900,,,0,,
20260625,265740,,,0,,
20260625,248170,,,0,,
20260625,096240,,,0,,
20260625,000080,1365.0,7.0,1,1365.0,1471.0
20260625,000100,1853.0,13.0,1,1853.0,2645.0
20260625,000120,11461.0,12.0,1,11461.0,13358.0
20260625,000150,22032.0,11.0,1,22032.0,36022.0
20260625,000210,10121.0,2.0,1,10121.0,13095.0
20260625,000240,4438.0,1.0,1,4438.0,4350.0
20260625,000270,21348.0,25.0,1,21348.0,23294.0
20260625,000370,2152.0,7.0,1,2152.0,2456.0
20260625,000640,13026.0,4.0,1,13026.0,13502.0
20260625,000660,307691.0,25.0,1,307691.0,430659.0
20260625,000720,4824.0,21.0,1,4824.0,6330.0
20260625,000810,44259.0,17.0,1,44259.0,47699.0
20260625,000880,9749.0,10.0,1,9749.0,13307.0
20260625,0008Z0,2119.0,2.0,1,2119.0,2437.0
20260625,000990,8377.0,2.0,1,8377.0,9743.0
20260625,001040,11050.0,10.0,1,11050.0,13403.0
20260625,001120,7626.0,7.0,1,7626.0,7774.0
20260625,001230,179.0,1.0,1,179.0,244.0
20260625,001250,246.0,1.0,1,246.0,363.0
20260625,001340,229.0,1.0,1,229.0,269.0
20260625,001430,2476.0,9.0,1,2476.0,3391.0
20260625,001440,518.0,6.0,1,518.0,731.0
20260625,001450,7857.0,17.0,1,7857.0,8035.0
20260625,001530,657.0,1.0,1,657.0,951.0
20260625,001680,2694.0,2.0,1,2694.0,3012.0
20260625,001740,395.0,4.0,1,395.0,352.0
20260625,001940,988.0,1.0,1,988.0,2328.0
20260625,002020,4976.0,1.0,1,4976.0,6540.0
20260625,002350,1533.0,13.0,1,1533.0,1697.0
20260625,002380,159338.0,3.0,1,159338.0,76637.0
20260625,002990,1469.0,2.0,1,1469.0,2080.0
20260625,003030,22926.0,2.0,1,22926.0,36773.0
20260625,003070,2293.0,2.0,1,2293.0,2943.0
20260625,003160,1424.0,2.0,1,1424.0,1650.0
20260625,003220,709.0,5.0,1,709.0,1292.0
20260625,003230,73673.0,15.0,1,73673.0,87788.0
20260625,003490,731.0,14.0,1,731.0,3452.0
20260625,003540,3593.0,3.0,1,3593.0,3374.0
20260625,003550,7493.0,12.0,1,7493.0,9496.0
20260625,003570,2734.0,1.0,1,2734.0,3293.0
20260625,003670,210.0,17.0,1,210.0,915.0
20260625,003850,772.0,1.0,1,772.0,795.0
20260625,004000,6779.0,7.0,1,6779.0,7113.0
20260625,004020,1487.0,14.0,1,1487.0,3160.0
20260625,004090,1095.0,1.0,1,1095.0,1260.0
20260625,004170,39462.0,17.0,1,39462.0,45726.0
20260625,004370,31456.0,11.0,1,31456.0,33577.0
20260625,004690,37548.0,1.0,1,37548.0,36341.0
20260625,004800,19832.0,2.0,1,19832.0,21774.0
20260625,004990,875.0,4.0,1,875.0,1540.0
20260625,005090,1946.0,3.0,1,1946.0,3822.0
20260625,005180,8784.0,2.0,1,8784.0,10735.0
20260625,005300,10572.0,11.0,1,10572.0,12082.0
20260625,005380,39515.0,26.0,1,39515.0,43361.0
20260625,005440,1984.0,4.0,1,1984.0,2285.0
20260625,005490,23340.0,17.0,1,23340.0,29697.0
20260625,005810,7096.0,2.0,1,7096.0,7238.0
20260625,005830,23285.0,16.0,1,23285.0,26328.0
20260625,005850,8293.0,7.0,1,8293.0,9039.0
20260625,005880,495.0,4.0,1,495.0,486.0
20260625,005930,44463.0,25.0,1,44463.0,60419.0
20260625,005940,4132.0,18.0,1,4132.0,3868.0
20260625,006040,7733.0,4.0,1,7733.0,8578.0
20260625,006260,18365.0,10.0,1,18365.0,22126.0
20260625,006280,6833.0,12.0,1,6833.0,4400.0
20260625,006360,2736.0,18.0,1,2736.0,4514.0
20260625,006400,4062.0,23.0,1,4062.0,15388.0
20260625,006650,16215.0,7.0,1,16215.0,21846.0
20260625,006730,696.0,5.0,1,696.0,814.0
20260625,006800,4163.0,17.0,1,4163.0,2880.0
20260625,007070,2460.0,14.0,1,2460.0,2780.0
20260625,007340,5355.0,2.0,1,5355.0,6217.0
20260625,007660,3564.0,12.0,1,3564.0,4942.0
20260625,007690,4568.0,1.0,1,4568.0,5064.0
20260625,007810,4193.0,5.0,1,4193.0,5988.0
20260625,008770,2363.0,14.0,1,2363.0,3301.0
20260625,009150,16559.0,20.0,1,16559.0,28473.0
20260625,009240,1109.0,7.0,1,1109.0,1542.0
20260625,009420,5.0,8.0,1,5.0,128.0
20260625,009450,11851.0,2.0,1,11851.0,13893.0
20260625,009540,49538.0,14.0,1,49538.0,59910.0
20260625,009830,2332.0,13.0,1,2332.0,4433.0
20260625,009900,1534.0,2.0,1,1534.0,1753.0
20260625,010060,11597.0,9.0,1,11597.0,16198.0
20260625,010120,3377.0,13.0,1,3377.0,4587.0
20260625,010130,61068.0,5.0,1,61068.0,58772.0
20260625,010140,1209.0,20.0,1,1209.0,1725.0
20260625,010690,2520.0,2.0,1,2520.0,2778.0
20260625,010780,4901.0,5.0,1,4901.0,3647.0
20260625,010950,19246.0,15.0,1,19246.0,14576.0
20260625,011070,34700.0,21.0,1,34700.0,42565.0
20260625,011200,1399.0,13.0,1,1399.0,1201.0
20260625,011210,5832.0,11.0,1,5832.0,7357.0
20260625,011560,4249.0,1.0,1,4249.0,3828.0
20260625,011760,7597.0,4.0,1,7597.0,8742.0
20260625,011780,13950.0,13.0,1,13950.0,15788.0
20260625,011930,735.0,1.0,1,735.0,1463.0
20260625,012330,45280.0,25.0,1,45280.0,51426.0
20260625,012450,41533.0,19.0,1,41533.0,53874.0
20260625,012630,5709.0,3.0,1,5709.0,6357.0
20260625,0126Z0,10437.0,3.0,1,10437.0,9782.0
20260625,012750,4175.0,4.0,1,4175.0,5157.0
20260625,013030,4320.0,3.0,1,4320.0,5019.0
20260625,013120,286.0,1.0,1,286.0,330.0
20260625,013580,11757.0,1.0,1,11757.0,15004.0
20260625,014620,1767.0,6.0,1,1767.0,2215.0
20260625,014680,15315.0,11.0,1,15315.0,19148.0
20260625,014830,13163.0,7.0,1,13163.0,14179.0
20260625,015760,8570.0,16.0,1,8570.0,11781.0
20260625,016360,18002.0,18.0,1,18002.0,16880.0
20260625,016380,1761.0,2.0,1,1761.0,1837.0
20260625,016580,1108.0,1.0,1,1108.0,1258.0
20260625,017670,5658.0,17.0,1,5658.0,6168.0
20260625,017800,5129.0,1.0,1,5129.0,5656.0
20260625,017810,1077.0,4.0,1,1077.0,1455.0
20260625,017940,31166.0,1.0,1,31166.0,32886.0
20260625,017960,2216.0,3.0,1,2216.0,2863.0
20260625,018260,9163.0,10.0,1,9163.0,11243.0
20260625,018290,1397.0,2.0,1,1397.0,1833.0
20260625,018670,54885.0,5.0,1,54885.0,32923.0
20260625,018880,232.0,17.0,1,232.0,287.0
20260625,020000,3753.0,6.0,1,3753.0,4354.0
20260625,021240,9921.0,4.0,1,9921.0,11365.0
20260625,023160,2057.0,6.0,1,2057.0,2553.0
20260625,023530,13240.0,15.0,1,13240.0,15279.0
20260625,024110,3509.0,13.0,1,3509.0,3698.0
20260625,025540,11854.0,1.0,1,11854.0,12743.0
20260625,027410,648.0,1.0,1,648.0,700.0
20260625,028050,3611.0,19.0,1,3611.0,4196.0
20260625,028260,16073.0,13.0,1,16073.0,17467.0
20260625,028670,715.0,14.0,1,715.0,803.0
20260625,029780,5576.0,3.0,1,5576.0,6158.0
20260625,030000,1947.0,12.0,1,1947.0,2096.0
20260625,030190,1584.0,1.0,1,1584.0,1735.0
20260625,030200,5702.0,16.0,1,5702.0,6201.0
20260625,030520,1747.0,3.0,1,1747.0,1985.0
20260625,031430,1555.0,7.0,1,1555.0,1882.0
20260625,031980,6231.0,4.0,1,6231.0,8151.0
20260625,032350,971.0,13.0,1,971.0,1714.0
20260625,032500,47.0,1.0,1,47.0,2719.0
20260625,032640,1700.0,15.0,1,1700.0,1877.0
20260625,032830,14243.0,14.0,1,14243.0,21387.0
20260625,033240,3878.0,1.0,1,3878.0,3619.0
20260625,033500,2458.0,3.0,1,2458.0,3143.0
20260625,033640,230.0,2.0,1,230.0,1089.0
20260625,033780,11860.0,14.0,1,11860.0,12922.0
20260625,034020,459.0,17.0,1,459.0,823.0
20260625,034120,503.0,4.0,1,503.0,1222.0
20260625,034220,794.0,8.0,1,794.0,1921.0
20260625,034230,1021.0,12.0,1,1021.0,1310.0
20260625,034730,122825.0,13.0,1,122825.0,137580.0
20260625,035150,2365.0,1.0,1,2365.0,2756.0
20260625,035250,1380.0,10.0,1,1380.0,1417.0
20260625,035420,12381.0,22.0,1,12381.0,14816.0
20260625,035600,2141.0,2.0,1,2141.0,2470.0
20260625,035720,1562.0,19.0,1,1562.0,1878.0
20260625,035760,2478.0,12.0,1,2478.0,4577.0
20260625,035900,3863.0,17.0,1,3863.0,4274.0
20260625,036200,848.0,1.0,1,848.0,1174.0
20260625,036460,10764.0,8.0,1,10764.0,10434.0
20260625,036540,115.0,2.0,1,115.0,282.0
20260625,036570,21584.0,18.0,1,21584.0,23600.0
20260625,036800,5290.0,2.0,1,5290.0,5890.0
20260625,036810,423.0,1.0,1,423.0,836.0
20260625,036930,1391.0,2.0,1,1391.0,2893.0
20260625,037560,256.0,3.0,1,256.0,333.0
20260625,039030,9787.0,4.0,1,9787.0,12468.0
20260625,039130,3483.0,5.0,1,3483.0,4072.0
20260625,039200,836.0,1.0,1,836.0,3110.0
20260625,039440,4901.0,1.0,1,4901.0,7777.0
20260625,039490,59876.0,17.0,1,59876.0,57437.0
20260625,039570,1271.0,1.0,1,1271.0,1348.0
20260625,039840,1689.0,6.0,1,1689.0,2420.0
20260625,041510,5998.0,19.0,1,5998.0,6800.0
20260625,041830,3328.0,3.0,1,3328.0,3796.0
20260625,041920,1048.0,1.0,1,1048.0,1726.0
20260625,042000,1632.0,1.0,1,1632.0,1783.0
20260625,042520,1086.0,5.0,1,1086.0,1865.0
20260625,042660,5048.0,19.0,1,5048.0,6162.0
20260625,042700,3539.0,1.0,1,3539.0,5496.0
20260625,043150,3277.0,4.0,1,3277.0,3560.0
20260625,043260,4900.0,2.0,1,4900.0,1633.0
20260625,046440,889.0,1.0,1,889.0,960.0
20260625,047040,988.0,14.0,1,988.0,1121.0
20260625,047050,4932.0,15.0,1,4932.0,5276.0
20260625,047810,3517.0,17.0,1,3517.0,5194.0
20260625,049070,1628.0,2.0,1,1628.0,2174.0
20260625,050890,695.0,4.0,1,695.0,762.0
20260625,051370,1132.0,3.0,1,1132.0,1602.0
20260625,051500,5119.0,7.0,1,5119.0,5945.0
20260625,051600,3500.0,13.0,1,3500.0,3759.0
20260625,051900,10830.0,13.0,1,10830.0,14024.0
20260625,051910,3347.0,15.0,1,3347.0,23450.0
20260625,052400,7251.0,1.0,1,7251.0,8672.0
20260625,052690,1709.0,13.0,1,1709.0,2253.0
20260625,052710,573.0,3.0,1,573.0,1829.0
20260625,053210,462.0,6.0,1,462.0,610.0
20260625,053690,2099.0,2.0,1,2099.0,2879.0
20260625,054450,1061.0,3.0,1,1061.0,1476.0
20260625,054950,2807.0,5.0,1,2807.0,3080.0
20260625,055550,11668.0,18.0,1,11668.0,12370.0
20260625,056190,2333.0,3.0,1,2333.0,3303.0
20260625,058430,467.0,1.0,1,467.0,517.0
20260625,058610,803.0,2.0,1,803.0,927.0
20260625,058650,19333.0,1.0,1,19333.0,24751.0
20260625,060250,1400.0,5.0,1,1400.0,1557.0
20260625,060370,364.0,2.0,1,364.0,858.0
20260625,060720,956.0,5.0,1,956.0,1263.0
20260625,060980,6070.0,4.0,1,6070.0,6587.0
20260625,061090,4257.0,1.0,1,4257.0,5304.0
20260625,062040,6834.0,8.0,1,6834.0,8823.0
20260625,063570,419.0,1.0,1,419.0,559.0
20260625,064290,511.0,5.0,1,511.0,2021.0
20260625,064350,8546.0,19.0,1,8546.0,11424.0
20260625,064400,5065.0,9.0,1,5065.0,5746.0
20260625,064960,3780.0,5.0,1,3780.0,4139.0
20260625,066570,10855.0,20.0,1,10855.0,13210.0
20260625,067160,8343.0,6.0,1,8343.0,8866.0
20260625,067310,2435.0,4.0,1,2435.0,2686.0
20260625,068270,6191.0,20.0,1,6191.0,7227.0
20260625,068930,1012.0,2.0,1,1012.0,1117.0
20260625,069080,1078.0,2.0,1,1078.0,1351.0
20260625,069260,1799.0,2.0,1,1799.0,1820.0
20260625,069620,14959.0,10.0,1,14959.0,18176.0
20260625,069960,12212.0,16.0,1,12212.0,15816.0
20260625,070960,104.0,1.0,1,104.0,312.0
20260625,071050,43853.0,16.0,1,43853.0,41181.0
20260625,071320,20089.0,2.0,1,20089.0,20395.0
20260625,071970,4255.0,7.0,1,4255.0,5018.0
20260625,073240,1364.0,9.0,1,1364.0,1382.0
20260625,073490,2098.0,2.0,1,2098.0,4235.0
20260625,074600,2440.0,2.0,1,2440.0,3180.0
20260625,075580,921.0,2.0,1,921.0,1064.0
20260625,077360,341.0,3.0,1,341.0,728.0
20260625,077970,2030.0,3.0,1,2030.0,2269.0
20260625,078340,2238.0,6.0,1,2238.0,3749.0
20260625,078600,1157.0,2.0,1,1157.0,3081.0
20260625,078930,16116.0,4.0,1,16116.0,11519.0
20260625,079430,412.0,3.0,1,412.0,888.0
20260625,079550,16659.0,18.0,1,16659.0,23227.0
20260625,079900,2285.0,2.0,1,2285.0,2542.0
20260625,080580,996.0,1.0,1,996.0,2134.0
20260625,081660,5010.0,9.0,1,5010.0,5515.0
20260625,082740,2449.0,9.0,1,2449.0,3574.0
20260625,082920,1714.0,4.0,1,1714.0,2005.0
20260625,083500,1669.0,4.0,1,1669.0,2087.0
20260625,083650,2705.0,5.0,1,2705.0,3851.0
20260625,084010,524.0,2.0,1,524.0,698.0
20260625,084370,4060.0,3.0,1,4060.0,4851.0
20260625,085910,819.0,3.0,1,819.0,1798.0
20260625,086280,22988.0,17.0,1,22988.0,25140.0
20260625,086390,961.0,2.0,1,961.0,2352.0
20260625,086450,1974.0,2.0,1,1974.0,2321.0
20260625,086790,16018.0,19.0,1,16018.0,16851.0
20260625,086900,3502.0,2.0,1,3502.0,5401.0
20260625,088350,950.0,12.0,1,950.0,1022.0
20260625,089010,2018.0,2.0,1,2018.0,2990.0
20260625,089860,4141.0,9.0,1,4141.0,4669.0
20260625,089970,3229.0,4.0,1,3229.0,4397.0
20260625,089980,475.0,1.0,1,475.0,863.0
20260625,090430,5090.0,18.0,1,5090.0,5805.0
20260625,090460,2838.0,11.0,1,2838.0,3338.0
20260625,091580,1399.0,3.0,1,1399.0,2281.0
20260625,091700,623.0,2.0,1,623.0,768.0
20260625,092130,1146.0,1.0,1,1146.0,1262.0
20260625,093370,206.0,1.0,1,206.0,416.0
20260625,093520,2120.0,1.0,1,2120.0,2521.0
20260625,094360,452.0,2.0,1,452.0,522.0
20260625,095340,4212.0,9.0,1,4212.0,5769.0
20260625,095570,501.0,3.0,1,501.0,729.0
20260625,095610,5098.0,7.0,1,5098.0,6401.0
20260625,095660,1983.0,11.0,1,1983.0,2136.0
20260625,096530,1739.0,2.0,1,1739.0,1998.0
20260625,096770,9938.0,12.0,1,9938.0,5165.0
20260625,097230,1750.0,1.0,1,1750.0,2470.0
20260625,097520,2583.0,5.0,1,2583.0,3084.0
20260625,097950,23982.0,13.0,1,23982.0,28757.0
20260625,098460,688.0,7.0,1,688.0,843.0
20260625,099190,103.0,2.0,1,103.0,322.0
20260625,099320,1540.0,3.0,1,1540.0,2402.0
20260625,100090,721.0,7.0,1,721.0,1218.0
20260625,100120,3562.0,3.0,1,3562.0,3920.0
20260625,100840,4927.0,4.0,1,4927.0,5092.0
20260625,102710,4140.0,2.0,1,4140.0,5991.0
20260625,103140,8844.0,12.0,1,8844.0,8935.0
20260625,103590,3177.0,5.0,1,3177.0,3785.0
20260625,104830,4672.0,1.0,1,4672.0,6432.0
20260625,105560,17639.0,19.0,1,17639.0,18658.0
20260625,105630,1389.0,9.0,1,1389.0,1779.0
20260625,105840,797.0,1.0,1,797.0,837.0
20260625,107640,631.0,1.0,1,631.0,1367.0
20260625,108320,3935.0,1.0,1,3935.0,5103.0
20260625,108380,2888.0,3.0,1,2888.0,3146.0
20260625,108490,819.0,6.0,1,819.0,1720.0
20260625,108670,6614.0,5.0,1,6614.0,6964.0
20260625,111770,13181.0,9.0,1,13181.0,13818.0
20260625,112040,1355.0,1.0,1,1355.0,2032.0
20260625,112610,4315.0,9.0,1,4315.0,5539.0
20260625,114090,969.0,12.0,1,969.0,1086.0
20260625,114810,1486.0,2.0,1,1486.0,2016.0
20260625,114840,1438.0,1.0,1,1438.0,1732.0
20260625,119610,1895.0,5.0,1,1895.0,2489.0
20260625,120110,5939.0,5.0,1,5939.0,7230.0
20260625,121600,735.0,1.0,1,735.0,1386.0
20260625,122640,997.0,2.0,1,997.0,2560.0
20260625,122870,3030.0,19.0,1,3030.0,3089.0
20260625,122900,1256.0,1.0,1,1256.0,1466.0
20260625,125210,691.0,1.0,1,691.0,1200.0
20260625,125490,259.0,2.0,1,259.0,327.0
20260625,126340,1291.0,2.0,1,1291.0,3607.0
20260625,126720,3850.0,1.0,1,3850.0,3780.0
20260625,128940,14650.0,15.0,1,14650.0,17465.0
20260625,131290,10794.0,2.0,1,10794.0,13773.0
20260625,138040,14331.0,5.0,1,14331.0,15438.0
20260625,138080,477.0,2.0,1,477.0,1309.0
20260625,138930,2771.0,17.0,1,2771.0,2990.0
20260625,139130,3073.0,17.0,1,3073.0,3235.0
20260625,139480,6372.0,11.0,1,6372.0,10328.0
20260625,140860,7481.0,7.0,1,7481.0,9391.0
20260625,145020,14224.0,13.0,1,14224.0,18259.0
20260625,145720,7221.0,4.0,1,7221.0,9230.0
20260625,148150,287.0,2.0,1,287.0,529.0
20260625,161390,10657.0,15.0,1,10657.0,12036.0
20260625,161890,7208.0,20.0,1,7208.0,8553.0
20260625,166090,3635.0,2.0,1,3635.0,5299.0
20260625,170920,2262.0,1.0,1,2262.0,3891.0
20260625,171090,8766.0,4.0,1,8766.0,10881.0
20260625,175330,3933.0,16.0,1,3933.0,4227.0
20260625,178320,991.0,3.0,1,991.0,4185.0
20260625,178920,1756.0,4.0,1,,2111.0
20260625,181710,3254.0,11.0,1,3254.0,4008.0
20260625,183190,878.0,2.0,1,878.0,1295.0
20260625,183300,3173.0,2.0,1,3173.0,4230.0
20260625,185750,4564.0,6.0,1,4564.0,5216.0
20260625,189300,3597.0,10.0,1,3597.0,4797.0
20260625,192080,9166.0,12.0,1,9166.0,10355.0
20260625,192650,180.0,3.0,1,180.0,459.0
20260625,192820,13000.0,20.0,1,13000.0,15690.0
20260625,194370,3536.0,1.0,1,3536.0,3991.0
20260625,195870,4251.0,8.0,1,4251.0,5868.0
20260625,196170,5144.0,3.0,1,5144.0,8188.0
20260625,200710,1549.0,2.0,1,1549.0,2808.0
20260625,204270,997.0,1.0,1,997.0,2472.0
20260625,204320,4177.0,21.0,1,4177.0,5222.0
20260625,207940,42462.0,20.0,1,42462.0,48518.0
20260625,213420,3084.0,7.0,1,3084.0,3688.0
20260625,213500,1311.0,2.0,1,1311.0,1485.0
20260625,214150,2717.0,16.0,1,2717.0,3526.0
20260625,214180,3075.0,2.0,1,3075.0,3813.0
20260625,214320,2801.0,8.0,1,2801.0,2903.0
20260625,214420,665.0,1.0,1,665.0,873.0
20260625,214450,18546.0,14.0,1,18546.0,22664.0
20260625,215000,8366.0,2.0,1,8366.0,9569.0
20260625,215200,8992.0,1.0,1,8992.0,9185.0
20260625,218410,1665.0,6.0,1,1665.0,2365.0
20260625,222040,841.0,2.0,1,841.0,1132.0
20260625,222800,3590.0,8.0,1,3590.0,5689.0
20260625,228850,1046.0,2.0,1,1046.0,1112.0
20260625,229640,1718.0,7.0,1,1718.0,2011.0
20260625,230240,1142.0,2.0,1,1142.0,5921.0
20260625,232140,423.0,4.0,1,423.0,571.0
20260625,234080,1730.0,1.0,1,1730.0,1844.0
20260625,234340,1553.0,3.0,1,1553.0,1893.0
20260625,236200,5661.0,5.0,1,5661.0,6290.0
20260625,237690,3297.0,14.0,1,3297.0,4545.0
20260625,237880,1151.0,2.0,1,1151.0,1226.0
20260625,240810,3501.0,5.0,1,3501.0,4592.0
20260625,241560,5362.0,7.0,1,5362.0,6791.0
20260625,241590,407.0,4.0,1,407.0,602.0
20260625,241710,6477.0,10.0,1,6477.0,7315.0
20260625,243840,304.0,2.0,1,304.0,415.0
20260625,247540,392.0,19.0,1,392.0,1000.0
20260625,248070,1022.0,5.0,1,1022.0,1554.0
20260625,251270,4609.0,13.0,1,4609.0,4319.0
20260625,251970,3522.0,3.0,1,3522.0,3702.0
20260625,253450,1198.0,12.0,1,1198.0,1571.0
20260625,257720,3385.0,9.0,1,3385.0,4279.0
20260625,259960,24380.0,18.0,1,24380.0,27028.0
20260625,263750,5756.0,8.0,1,5756.0,2416.0
20260625,267250,30580.0,5.0,1,30580.0,29355.0
20260625,267260,27149.0,14.0,1,27149.0,33336.0
20260625,267270,10757.0,7.0,1,10757.0,12810.0
20260625,271560,12240.0,12.0,1,12240.0,13385.0
20260625,272210,1212.0,15.0,1,1212.0,2316.0
20260625,272290,2960.0,2.0,1,2960.0,3418.0
20260625,277810,773.0,1.0,1,773.0,1598.0
20260625,278470,14271.0,19.0,1,14271.0,18918.0
20260625,280360,12454.0,10.0,1,12454.0,14986.0
20260625,282330,12887.0,16.0,1,12887.0,14292.0
20260625,282880,1334.0,1.0,1,1334.0,1411.0
20260625,285130,7693.0,2.0,1,7693.0,5527.0
20260625,286940,1553.0,2.0,1,1553.0,2072.0
20260625,290550,1285.0,3.0,1,1285.0,2255.0
20260625,290650,742.0,7.0,1,742.0,2371.0
20260625,294870,5420.0,12.0,1,5420.0,7646.0
20260625,297090,568.0,1.0,1,568.0,660.0
20260625,298020,45341.0,5.0,1,45341.0,58253.0
20260625,298040,84581.0,13.0,1,84581.0,124824.0
20260625,298050,13795.0,5.0,1,13795.0,19429.0
20260625,300720,875.0,2.0,1,875.0,1212.0
20260625,306200,19039.0,5.0,1,19039.0,24151.0
20260625,307950,7603.0,16.0,1,7603.0,10072.0
20260625,316140,4293.0,20.0,1,4293.0,4720.0
20260625,317400,775.0,1.0,1,775.0,1305.0
20260625,319660,5040.0,7.0,1,5040.0,6271.0
20260625,322000,8134.0,2.0,1,8134.0,10759.0
20260625,322310,427.0,1.0,1,427.0,2029.0
20260625,326030,4370.0,12.0,1,4370.0,5653.0
20260625,327260,1438.0,3.0,1,1438.0,2378.0
20260625,329180,28949.0,21.0,1,28949.0,33892.0
20260625,336370,1326.0,3.0,1,1326.0,249.0
20260625,336570,515.0,3.0,1,515.0,636.0
20260625,339770,489.0,2.0,1,489.0,622.0
20260625,340570,6385.0,5.0,1,6385.0,7372.0
20260625,347700,97.0,2.0,1,97.0,524.0
20260625,348210,1448.0,4.0,1,1448.0,3183.0
20260625,352820,4656.0,20.0,1,4656.0,9431.0
20260625,353200,3875.0,13.0,1,3875.0,5361.0
20260625,353810,1251.0,1.0,1,1251.0,1294.0
20260625,354320,1200.0,4.0,1,1200.0,3108.0
20260625,356860,4292.0,9.0,1,4292.0,5884.0
20260625,357780,19332.0,9.0,1,19332.0,24829.0
20260625,375500,9798.0,18.0,1,9798.0,10120.0
20260625,376270,1737.0,1.0,1,1737.0,5387.0
20260625,376300,1754.0,14.0,1,1754.0,2029.0
20260625,377300,849.0,6.0,1,849.0,1117.0
20260625,383220,12759.0,10.0,1,12759.0,12261.0
20260625,383310,1335.0,1.0,1,1335.0,1864.0
20260625,383800,1955.0,2.0,1,1955.0,2167.0
20260625,388210,6629.0,4.0,1,6629.0,8400.0
20260625,402340,281337.0,7.0,1,281337.0,349019.0
20260625,403550,83.0,1.0,1,83.0,369.0
20260625,405100,773.0,2.0,1,773.0,1641.0
20260625,417840,1230.0,1.0,1,1230.0,1618.0
20260625,419530,2730.0,3.0,1,2730.0,3138.0
20260625,420770,959.0,2.0,1,959.0,4848.0
20260625,439260,7900.0,6.0,1,7900.0,8460.0
20260625,440110,917.0,1.0,1,917.0,2471.0
20260625,443060,8104.0,10.0,1,8104.0,9924.0
20260625,450950,245.0,2.0,1,245.0,387.0
20260625,451760,450.0,1.0,1,450.0,945.0
20260625,453340,3489.0,3.0,1,3489.0,3649.0
20260625,454910,108.0,1.0,1,108.0,571.0
20260625,456010,435.0,1.0,1,435.0,1117.0
20260625,456040,13008.0,2.0,1,13008.0,15688.0
20260625,458870,1542.0,7.0,1,1542.0,2051.0
20260625,462870,2306.0,10.0,1,2306.0,2303.0
20260625,473980,1420.0,1.0,1,1420.0,1926.0
20260625,475150,1013.0,3.0,1,1013.0,1493.0
20260625,475960,37.0,1.0,1,37.0,687.0
20260625,483650,10262.0,12.0,1,10262.0,13705.0
20260625,489790,2811.0,3.0,1,2811.0,4297.0
20260625,499790,2735.0,6.0,1,2735.0,3349.0
20260625,005070,221.0,3.0,1,,
20260625,005500,1719.0,1.0,1,,
20260625,005690,914.0,4.0,1,,
20260625,021320,1869.0,1.0,1,,
20260625,033270,2786.0,2.0,1,,
20260625,036620,514.0,4.0,1,,
20260625,044490,1404.0,3.0,1,,
20260625,054210,1491.0,1.0,1,1491.0,
20260625,058470,2450.0,7.0,1,,
20260625,064760,9840.0,4.0,1,,
20260625,080220,,,0,,
20260625,089600,1478.0,3.0,1,,
20260625,099430,448.0,1.0,1,448.0,
20260625,104700,219.0,1.0,1,,
20260625,131970,2226.0,6.0,1,,
20260625,149950,827.0,1.0,1,,
20260625,194700,2688.0,2.0,1,,
20260625,195940,3296.0,13.0,1,,
20260625,200670,4038.0,2.0,1,,
20260625,211050,1744.0,1.0,1,1744.0,
20260625,244920,1225.0,1.0,1,1225.0,
20260625,279570,313.0,2.0,1,,
20260625,293480,1232.0,1.0,1,,
20260625,295310,1263.0,5.0,1,,
20260625,323410,1262.0,12.0,1,,
20260625,330860,1440.0,3.0,1,,
20260625,361390,226.0,1.0,1,,
20260625,381970,1068.0,4.0,1,,
20260625,389500,75.0,2.0,1,,
20260625,403870,1435.0,5.0,1,,
20260625,452430,419.0,2.0,1,,
20260625,460860,742.0,4.0,1,,
20260625,474170,87.0,2.0,1,,
20260625,476060,550.0,1.0,1,,
20260625,482630,953.0,3.0,1,,
20260626,000080,1365.0,7.0,1,1365.0,1471.0
20260626,000100,1853.0,13.0,1,1853.0,2645.0
20260626,000120,11461.0,12.0,1,11461.0,13358.0
20260626,000150,22032.0,11.0,1,22032.0,36022.0
20260626,000210,10121.0,2.0,1,10121.0,13095.0
20260626,000240,4438.0,1.0,1,4438.0,4350.0
20260626,000270,21348.0,25.0,1,21348.0,23294.0
20260626,000370,2152.0,7.0,1,2152.0,2456.0
20260626,000640,13026.0,4.0,1,13026.0,13502.0
20260626,000660,307691.0,25.0,1,307691.0,431273.0
20260626,000720,4824.0,21.0,1,4824.0,6330.0
20260626,000810,44259.0,17.0,1,44259.0,47699.0
20260626,000880,9749.0,10.0,1,9749.0,13307.0
20260626,0008Z0,2119.0,2.0,1,2119.0,2437.0
20260626,000990,8377.0,2.0,1,8377.0,9743.0
20260626,001040,11050.0,10.0,1,11050.0,13403.0
20260626,001120,7626.0,7.0,1,7626.0,7774.0
20260626,001230,179.0,1.0,1,179.0,244.0
20260626,001250,246.0,1.0,1,246.0,363.0
20260626,001340,229.0,1.0,1,229.0,269.0
20260626,001430,2476.0,9.0,1,2476.0,3391.0
20260626,001440,518.0,6.0,1,518.0,731.0
20260626,001450,7857.0,17.0,1,7857.0,8035.0
20260626,001530,657.0,1.0,1,657.0,951.0
20260626,001680,2694.0,2.0,1,2694.0,3012.0
20260626,001740,395.0,4.0,1,395.0,352.0
20260626,001940,988.0,1.0,1,988.0,2328.0
20260626,002020,4976.0,1.0,1,4976.0,6540.0
20260626,002350,1533.0,13.0,1,1533.0,1697.0
20260626,002380,196721.0,4.0,1,196721.0,65784.0
20260626,002990,1469.0,2.0,1,1469.0,2080.0
20260626,003030,22926.0,2.0,1,22926.0,36773.0
20260626,003070,2293.0,2.0,1,2293.0,2943.0
20260626,003160,1424.0,2.0,1,1424.0,1650.0
20260626,003220,709.0,5.0,1,709.0,1292.0
20260626,003230,73673.0,15.0,1,73673.0,87788.0
20260626,003490,731.0,14.0,1,731.0,3452.0
20260626,003540,3593.0,3.0,1,3593.0,3374.0
20260626,003550,7493.0,12.0,1,7493.0,9496.0
20260626,003570,2734.0,1.0,1,2734.0,3293.0
20260626,003670,227.0,17.0,1,227.0,907.0
20260626,003850,772.0,1.0,1,772.0,795.0
20260626,004000,6779.0,7.0,1,6779.0,7113.0
20260626,004020,1480.0,15.0,1,1480.0,3172.0
20260626,004090,1095.0,1.0,1,1095.0,1260.0
20260626,004170,39462.0,17.0,1,39462.0,45726.0
20260626,004370,31456.0,11.0,1,31456.0,33577.0
20260626,004690,37548.0,1.0,1,37548.0,36341.0
20260626,004800,19832.0,2.0,1,19832.0,21774.0
20260626,004990,875.0,4.0,1,875.0,1540.0
20260626,005070,221.0,3.0,1,,
20260626,005090,1946.0,3.0,1,1946.0,3822.0
20260626,005180,8784.0,2.0,1,8784.0,10735.0
20260626,005300,10572.0,11.0,1,10572.0,12082.0
20260626,005380,39515.0,26.0,1,39515.0,43361.0
20260626,005440,1984.0,4.0,1,1984.0,2285.0
20260626,005490,23428.0,17.0,1,23428.0,29735.0
20260626,005500,1719.0,1.0,1,,
20260626,005690,914.0,4.0,1,,
20260626,005810,7096.0,2.0,1,7096.0,7238.0
20260626,005830,23285.0,16.0,1,23285.0,26328.0
20260626,005850,8293.0,7.0,1,8293.0,9039.0
20260626,005880,495.0,4.0,1,495.0,486.0
20260626,005930,44459.0,25.0,1,44459.0,60858.0
20260626,005940,4132.0,18.0,1,4132.0,3868.0
20260626,006040,7733.0,4.0,1,7733.0,8578.0
20260626,006260,18365.0,10.0,1,18365.0,22126.0
20260626,006280,6833.0,12.0,1,6833.0,4400.0
20260626,006360,2736.0,18.0,1,2736.0,4514.0
20260626,006400,4108.0,23.0,1,4108.0,15368.0
20260626,006650,16215.0,7.0,1,16215.0,21846.0
20260626,006730,686.0,6.0,1,686.0,816.0
20260626,006800,4163.0,17.0,1,4163.0,2880.0
20260626,007070,2460.0,14.0,1,2460.0,2780.0
20260626,007340,5355.0,2.0,1,5355.0,6217.0
20260626,007660,3564.0,12.0,1,3564.0,4942.0
20260626,007690,4568.0,1.0,1,4568.0,5064.0
20260626,007810,4193.0,5.0,1,4193.0,5988.0
20260626,008770,2363.0,14.0,1,2363.0,3301.0
20260626,009150,16559.0,20.0,1,16559.0,28473.0
20260626,009240,1109.0,7.0,1,1109.0,1542.0
20260626,009420,5.0,8.0,1,5.0,128.0
20260626,009450,11851.0,2.0,1,11851.0,13893.0
20260626,009540,49538.0,14.0,1,49538.0,59910.0
20260626,009830,2332.0,13.0,1,2332.0,4433.0
20260626,009900,1534.0,2.0,1,1534.0,1753.0
20260626,010060,11597.0,9.0,1,11597.0,16198.0
20260626,010120,3377.0,13.0,1,3377.0,4587.0
20260626,010130,61068.0,5.0,1,61068.0,58772.0
20260626,010140,1205.0,20.0,1,1205.0,1720.0
20260626,010690,2520.0,2.0,1,2520.0,2778.0
20260626,010780,4901.0,5.0,1,4901.0,3647.0
20260626,010950,19246.0,15.0,1,19246.0,14576.0
20260626,011070,34700.0,21.0,1,34700.0,42565.0
20260626,011200,1399.0,13.0,1,1399.0,1201.0
20260626,011210,5832.0,11.0,1,5832.0,7357.0
20260626,011560,4249.0,1.0,1,4249.0,3828.0
20260626,011760,7597.0,4.0,1,7597.0,8742.0
20260626,011780,13950.0,13.0,1,13950.0,15788.0
20260626,011930,735.0,1.0,1,735.0,1463.0
20260626,012330,45280.0,25.0,1,45280.0,51426.0
20260626,012450,41533.0,19.0,1,41533.0,53874.0
20260626,012630,5709.0,3.0,1,5709.0,6357.0
20260626,0126Z0,10437.0,3.0,1,10437.0,9782.0
20260626,012750,4175.0,4.0,1,4175.0,5157.0
20260626,013030,4320.0,3.0,1,4320.0,5019.0
20260626,013120,286.0,1.0,1,286.0,330.0
20260626,013580,11757.0,1.0,1,11757.0,15004.0
20260626,014620,1767.0,6.0,1,1767.0,2215.0
20260626,014680,15315.0,11.0,1,15315.0,19148.0
20260626,014830,13163.0,7.0,1,13163.0,14179.0
20260626,015760,8570.0,16.0,1,8570.0,11781.0
20260626,016360,18002.0,18.0,1,18002.0,16880.0
20260626,016380,1761.0,2.0,1,1761.0,1837.0
20260626,016580,1108.0,1.0,1,1108.0,1258.0
20260626,017670,5658.0,17.0,1,5658.0,6168.0
20260626,017800,5129.0,1.0,1,5129.0,5656.0
20260626,017810,1077.0,4.0,1,1077.0,1455.0
20260626,017940,31166.0,1.0,1,31166.0,32886.0
20260626,017960,2216.0,3.0,1,2216.0,2863.0
20260626,018260,9127.0,10.0,1,9127.0,11215.0
20260626,018290,1397.0,2.0,1,1397.0,1833.0
20260626,018670,54885.0,5.0,1,54885.0,32923.0
20260626,018880,232.0,17.0,1,232.0,287.0
20260626,020000,3753.0,6.0,1,3753.0,4354.0
20260626,021240,9921.0,4.0,1,9921.0,11365.0
20260626,021320,1869.0,1.0,1,,
20260626,023160,2057.0,6.0,1,2057.0,2553.0
20260626,023530,13240.0,15.0,1,13240.0,15279.0
20260626,024110,3509.0,13.0,1,3509.0,3698.0
20260626,025540,11854.0,1.0,1,11854.0,12743.0
20260626,027410,648.0,1.0,1,648.0,700.0
20260626,028050,3611.0,19.0,1,3611.0,4196.0
20260626,028260,16073.0,13.0,1,16073.0,17467.0
20260626,028670,715.0,14.0,1,715.0,803.0
20260626,029780,5576.0,3.0,1,5576.0,6158.0
20260626,030000,1942.0,11.0,1,1942.0,2095.0
20260626,030190,1584.0,1.0,1,1584.0,1735.0
20260626,030200,5702.0,16.0,1,5702.0,6201.0
20260626,030520,1747.0,3.0,1,1747.0,1985.0
20260626,031430,1555.0,7.0,1,1555.0,1882.0
20260626,031980,6231.0,4.0,1,6231.0,8151.0
20260626,032350,971.0,13.0,1,971.0,1714.0
20260626,032500,47.0,1.0,1,47.0,2719.0
20260626,032640,1700.0,15.0,1,1700.0,1877.0
20260626,032830,14243.0,14.0,1,14243.0,21387.0
20260626,033240,3878.0,1.0,1,3878.0,3619.0
20260626,033270,2786.0,2.0,1,,
20260626,033500,2458.0,3.0,1,2458.0,3143.0
20260626,033640,230.0,2.0,1,230.0,1089.0
20260626,033780,11860.0,14.0,1,11860.0,12922.0
20260626,034020,459.0,17.0,1,459.0,823.0
20260626,034120,503.0,4.0,1,503.0,1222.0
20260626,034220,654.0,8.0,1,654.0,1914.0
20260626,034230,1021.0,12.0,1,1021.0,1310.0
20260626,034730,122825.0,13.0,1,122825.0,137580.0
20260626,035150,2365.0,1.0,1,2365.0,2756.0
20260626,035250,1380.0,10.0,1,1380.0,1417.0
20260626,035420,12381.0,22.0,1,12381.0,14816.0
20260626,035600,2141.0,2.0,1,2141.0,2470.0
20260626,035720,1562.0,19.0,1,1562.0,1878.0
20260626,035760,2478.0,12.0,1,2478.0,4577.0
20260626,035900,3863.0,17.0,1,3863.0,4274.0
20260626,036200,848.0,1.0,1,848.0,1174.0
20260626,036460,10764.0,8.0,1,10764.0,10434.0
20260626,036540,115.0,2.0,1,115.0,282.0
20260626,036570,21584.0,18.0,1,21584.0,23600.0
20260626,036620,514.0,4.0,1,,
20260626,036800,5290.0,2.0,1,5290.0,5890.0
20260626,036810,423.0,1.0,1,423.0,836.0
20260626,036930,1391.0,2.0,1,1391.0,2893.0
20260626,037560,256.0,3.0,1,256.0,333.0
20260626,039030,9787.0,4.0,1,9787.0,12468.0
20260626,039130,3483.0,5.0,1,3483.0,4072.0
20260626,039200,836.0,1.0,1,836.0,3110.0
20260626,039440,4901.0,1.0,1,4901.0,7777.0
20260626,039490,59876.0,17.0,1,59876.0,57437.0
20260626,039570,1271.0,1.0,1,1271.0,1348.0
20260626,039840,1689.0,6.0,1,1689.0,2420.0
20260626,041510,5998.0,19.0,1,5998.0,6800.0
20260626,041830,3328.0,3.0,1,3328.0,3796.0
20260626,041920,1048.0,1.0,1,1048.0,1726.0
20260626,042000,1632.0,1.0,1,1632.0,1783.0
20260626,042520,1086.0,5.0,1,1086.0,1865.0
20260626,042660,5048.0,19.0,1,5048.0,6162.0
20260626,042700,3539.0,1.0,1,3539.0,5496.0
20260626,043150,3277.0,4.0,1,3277.0,3560.0
20260626,043260,4923.0,3.0,1,4923.0,1361.0
20260626,044490,1404.0,3.0,1,,
20260626,046440,889.0,1.0,1,889.0,960.0
20260626,047040,988.0,14.0,1,988.0,1121.0
20260626,047050,4994.0,14.0,1,4994.0,5288.0
20260626,047810,3517.0,17.0,1,3517.0,5194.0
20260626,049070,1628.0,2.0,1,1628.0,2174.0
20260626,050890,695.0,4.0,1,695.0,762.0
20260626,051370,1132.0,3.0,1,1132.0,1602.0
20260626,051500,5119.0,7.0,1,5119.0,5945.0
20260626,051600,3500.0,13.0,1,3500.0,3759.0
20260626,051900,10830.0,13.0,1,10830.0,14024.0
20260626,051910,3347.0,15.0,1,3347.0,23450.0
20260626,052400,7251.0,1.0,1,7251.0,8672.0
20260626,052690,1709.0,13.0,1,1709.0,2253.0
20260626,052710,573.0,3.0,1,573.0,1829.0
20260626,053210,462.0,6.0,1,462.0,610.0
20260626,053690,2099.0,2.0,1,2099.0,2879.0
20260626,054210,1491.0,1.0,1,1491.0,
20260626,054450,1061.0,3.0,1,1061.0,1476.0
20260626,054950,2807.0,5.0,1,2807.0,3080.0
20260626,055550,11668.0,18.0,1,11668.0,12370.0
20260626,056190,2333.0,3.0,1,2333.0,3303.0
20260626,058430,467.0,1.0,1,467.0,517.0
20260626,058470,2450.0,7.0,1,,
20260626,058610,803.0,2.0,1,803.0,927.0
20260626,058650,19333.0,1.0,1,19333.0,24751.0
20260626,060250,1400.0,5.0,1,1400.0,1557.0
20260626,060370,364.0,2.0,1,364.0,858.0
20260626,060720,956.0,5.0,1,956.0,1263.0
20260626,060980,6070.0,4.0,1,6070.0,6587.0
20260626,061090,4257.0,1.0,1,4257.0,5304.0
20260626,062040,6834.0,8.0,1,6834.0,8823.0
20260626,063570,419.0,1.0,1,419.0,559.0
20260626,064290,511.0,5.0,1,511.0,2021.0
20260626,064350,8546.0,19.0,1,8546.0,11424.0
20260626,064400,5065.0,9.0,1,5065.0,5746.0
20260626,064760,9840.0,4.0,1,,
20260626,064960,3780.0,5.0,1,3780.0,4139.0
20260626,066570,10855.0,20.0,1,10855.0,13210.0
20260626,067160,8343.0,6.0,1,8343.0,8866.0
20260626,067310,2435.0,4.0,1,2435.0,2686.0
20260626,068270,6191.0,20.0,1,6191.0,7227.0
20260626,068930,1012.0,2.0,1,1012.0,1117.0
20260626,069080,1078.0,2.0,1,1078.0,1351.0
20260626,069260,1799.0,2.0,1,1799.0,1820.0
20260626,069620,14959.0,10.0,1,14959.0,18176.0
20260626,069960,12212.0,16.0,1,12212.0,15816.0
20260626,070960,104.0,1.0,1,104.0,312.0
20260626,071050,43853.0,16.0,1,43853.0,41181.0
20260626,071320,20089.0,2.0,1,20089.0,20395.0
20260626,071970,4255.0,7.0,1,4255.0,5018.0
20260626,073240,1364.0,9.0,1,1364.0,1382.0
20260626,073490,2098.0,2.0,1,2098.0,4235.0
20260626,074600,2440.0,2.0,1,2440.0,3180.0
20260626,075580,921.0,2.0,1,921.0,1064.0
20260626,077360,341.0,3.0,1,341.0,728.0
20260626,077970,2030.0,3.0,1,2030.0,2269.0
20260626,078340,2238.0,6.0,1,2238.0,3749.0
20260626,078600,1157.0,2.0,1,1157.0,3081.0
20260626,078930,16116.0,4.0,1,16116.0,11519.0
20260626,079430,412.0,3.0,1,412.0,888.0
20260626,079550,16659.0,18.0,1,16659.0,23227.0
20260626,079900,2285.0,2.0,1,2285.0,2542.0
20260626,080220,,,0,,
20260626,080580,996.0,1.0,1,996.0,2134.0
20260626,081660,5010.0,9.0,1,5010.0,5515.0
20260626,082740,2449.0,9.0,1,2449.0,3574.0
20260626,082920,1714.0,4.0,1,1714.0,2005.0
20260626,083500,1669.0,4.0,1,1669.0,2087.0
20260626,083650,2705.0,5.0,1,2705.0,3851.0
20260626,084010,524.0,2.0,1,524.0,698.0
20260626,084370,4060.0,3.0,1,4060.0,4851.0
20260626,085910,819.0,3.0,1,819.0,1798.0
20260626,086280,22988.0,17.0,1,22988.0,25140.0
20260626,086390,961.0,2.0,1,961.0,2352.0
20260626,086450,1974.0,2.0,1,1974.0,2321.0
20260626,086790,16018.0,19.0,1,16018.0,16851.0
20260626,086900,3502.0,2.0,1,3502.0,5401.0
20260626,088350,950.0,12.0,1,950.0,1022.0
20260626,089010,2018.0,2.0,1,2018.0,2990.0
20260626,089600,1478.0,3.0,1,,
20260626,089860,4141.0,9.0,1,4141.0,4669.0
20260626,089970,3229.0,4.0,1,3229.0,4397.0
20260626,089980,475.0,1.0,1,475.0,863.0
20260626,090430,5090.0,18.0,1,5090.0,5805.0
20260626,090460,2838.0,11.0,1,2838.0,3338.0
20260626,091580,1399.0,3.0,1,1399.0,2281.0
20260626,091700,623.0,2.0,1,623.0,768.0
20260626,092130,1146.0,1.0,1,1146.0,1262.0
20260626,093370,206.0,1.0,1,206.0,416.0
20260626,093520,2120.0,1.0,1,2120.0,2521.0
20260626,094360,452.0,2.0,1,452.0,522.0
20260626,095340,4212.0,9.0,1,4212.0,5769.0
20260626,095570,501.0,3.0,1,501.0,729.0
20260626,095610,5098.0,7.0,1,5098.0,6401.0
20260626,095660,1983.0,11.0,1,1983.0,2136.0
20260626,096530,1739.0,2.0,1,1739.0,1998.0
20260626,096770,9938.0,12.0,1,9938.0,5165.0
20260626,097230,1750.0,1.0,1,1750.0,2470.0
20260626,097520,2583.0,5.0,1,2583.0,3084.0
20260626,097950,23982.0,13.0,1,23982.0,28757.0
20260626,098460,688.0,7.0,1,688.0,843.0
20260626,099190,103.0,2.0,1,103.0,322.0
20260626,099320,1540.0,3.0,1,1540.0,2402.0
20260626,099430,448.0,1.0,1,448.0,
20260626,100090,721.0,7.0,1,721.0,1218.0
20260626,100120,3562.0,3.0,1,3562.0,3920.0
20260626,100840,4927.0,4.0,1,4927.0,5092.0
20260626,102710,4140.0,2.0,1,4140.0,5991.0
20260626,103140,8899.0,13.0,1,8899.0,8929.0
20260626,103590,3177.0,5.0,1,3177.0,3785.0
20260626,104700,219.0,1.0,1,,
20260626,104830,4672.0,1.0,1,4672.0,6432.0
20260626,105560,17663.0,19.0,1,17663.0,18676.0
20260626,105630,1389.0,9.0,1,1389.0,1779.0
20260626,105840,797.0,1.0,1,797.0,837.0
20260626,107640,631.0,1.0,1,631.0,1367.0
20260626,108320,3935.0,1.0,1,3935.0,5103.0
20260626,108380,2888.0,3.0,1,2888.0,3146.0
20260626,108490,672.0,7.0,1,672.0,1593.0
20260626,108670,6614.0,5.0,1,6614.0,6964.0
20260626,111770,13181.0,9.0,1,13181.0,13818.0
20260626,112040,1355.0,1.0,1,1355.0,2032.0
20260626,112610,4315.0,9.0,1,4315.0,5539.0
20260626,114090,969.0,12.0,1,969.0,1086.0
20260626,114810,1486.0,2.0,1,1486.0,2016.0
20260626,114840,1438.0,1.0,1,1438.0,1732.0
20260626,119610,1895.0,5.0,1,1895.0,2489.0
20260626,120110,5939.0,5.0,1,5939.0,7230.0
20260626,121600,735.0,1.0,1,735.0,1386.0
20260626,122640,997.0,2.0,1,997.0,2560.0
20260626,122870,3030.0,19.0,1,3030.0,3089.0
20260626,122900,1256.0,1.0,1,1256.0,1466.0
20260626,125210,691.0,1.0,1,691.0,1200.0
20260626,125490,259.0,2.0,1,259.0,327.0
20260626,126340,1291.0,2.0,1,1291.0,3607.0
20260626,126720,3850.0,1.0,1,3850.0,3780.0
20260626,128940,14650.0,15.0,1,14650.0,17465.0
20260626,131290,10794.0,2.0,1,10794.0,13773.0
20260626,131970,2226.0,6.0,1,,
20260626,138040,14331.0,5.0,1,14331.0,15438.0
20260626,138080,477.0,2.0,1,477.0,1309.0
20260626,138930,2771.0,17.0,1,2771.0,2990.0
20260626,139130,3073.0,17.0,1,3073.0,3235.0
20260626,139480,6372.0,11.0,1,6372.0,10328.0
20260626,140860,7481.0,7.0,1,7481.0,9391.0
20260626,145020,14224.0,13.0,1,14224.0,18259.0
20260626,145720,7221.0,4.0,1,7221.0,9230.0
20260626,148150,287.0,2.0,1,287.0,529.0
20260626,149950,827.0,1.0,1,,
20260626,161390,10657.0,15.0,1,10657.0,12036.0
20260626,161890,7216.0,20.0,1,7216.0,8561.0
20260626,166090,3635.0,2.0,1,3635.0,5299.0
20260626,170920,2262.0,1.0,1,2262.0,3891.0
20260626,171090,8766.0,4.0,1,8766.0,10881.0
20260626,175330,3933.0,16.0,1,3933.0,4227.0
20260626,178320,991.0,3.0,1,991.0,4185.0
20260626,178920,1756.0,4.0,1,,2111.0
20260626,181710,3254.0,11.0,1,3254.0,4008.0
20260626,183190,878.0,2.0,1,878.0,1295.0
20260626,183300,3173.0,2.0,1,3173.0,4230.0
20260626,185750,4564.0,6.0,1,4564.0,5216.0
20260626,189300,3597.0,10.0,1,3597.0,4797.0
20260626,192080,9166.0,12.0,1,9166.0,10355.0
20260626,192650,180.0,3.0,1,180.0,459.0
20260626,192820,13000.0,20.0,1,13000.0,15690.0
20260626,194370,3536.0,1.0,1,3536.0,3991.0
20260626,194700,2688.0,2.0,1,,
20260626,195870,4251.0,8.0,1,4251.0,5868.0
20260626,195940,3296.0,13.0,1,,
20260626,196170,5144.0,3.0,1,5144.0,8188.0
20260626,200670,4038.0,2.0,1,,
20260626,200710,1549.0,2.0,1,1549.0,2808.0
20260626,204270,997.0,1.0,1,997.0,2472.0
20260626,204320,4166.0,20.0,1,4166.0,5203.0
20260626,207940,42462.0,20.0,1,42462.0,48518.0
20260626,211050,1744.0,1.0,1,1744.0,
20260626,213420,3084.0,7.0,1,3084.0,3688.0
20260626,213500,1311.0,2.0,1,1311.0,1485.0
20260626,214150,2717.0,16.0,1,2717.0,3526.0
20260626,214180,3075.0,2.0,1,3075.0,3813.0
20260626,214320,2801.0,8.0,1,2801.0,2903.0
20260626,214420,665.0,1.0,1,665.0,873.0
20260626,214450,18546.0,14.0,1,18546.0,22664.0
20260626,215000,8366.0,2.0,1,8366.0,9569.0
20260626,215200,8992.0,1.0,1,8992.0,9185.0
20260626,218410,1665.0,6.0,1,1665.0,2365.0
20260626,222040,841.0,2.0,1,841.0,1132.0
20260626,222800,3617.0,8.0,1,3617.0,5873.0
20260626,228850,1046.0,2.0,1,1046.0,1112.0
20260626,229640,1718.0,7.0,1,1718.0,2011.0
20260626,230240,1142.0,2.0,1,1142.0,5921.0
20260626,232140,423.0,4.0,1,423.0,571.0
20260626,234080,1730.0,1.0,1,1730.0,1844.0
20260626,234340,1553.0,3.0,1,1553.0,1893.0
20260626,236200,5661.0,5.0,1,5661.0,6290.0
20260626,237690,3297.0,14.0,1,3297.0,4545.0
20260626,237880,1151.0,2.0,1,1151.0,1226.0
20260626,240810,3501.0,5.0,1,3501.0,4592.0
20260626,241560,5362.0,7.0,1,5362.0,6791.0
20260626,241590,407.0,4.0,1,407.0,602.0
20260626,241710,6477.0,10.0,1,6477.0,7315.0
20260626,243840,304.0,2.0,1,304.0,415.0
20260626,244920,1225.0,1.0,1,1225.0,
20260626,247540,387.0,19.0,1,387.0,992.0
20260626,248070,1022.0,5.0,1,1022.0,1554.0
20260626,251270,4609.0,13.0,1,4609.0,4319.0
20260626,251970,3522.0,3.0,1,3522.0,3702.0
20260626,253450,1198.0,12.0,1,1198.0,1571.0
20260626,257720,3385.0,9.0,1,3385.0,4279.0
20260626,259960,24380.0,18.0,1,24380.0,27028.0
20260626,263750,5756.0,8.0,1,5756.0,2416.0
20260626,267250,30580.0,5.0,1,30580.0,29355.0
20260626,267260,27149.0,14.0,1,27149.0,33336.0
20260626,267270,10757.0,7.0,1,10757.0,12810.0
20260626,271560,12240.0,12.0,1,12240.0,13385.0
20260626,272210,1212.0,15.0,1,1212.0,2316.0
20260626,272290,2960.0,2.0,1,2960.0,3418.0
20260626,277810,773.0,1.0,1,773.0,1598.0
20260626,278470,14271.0,19.0,1,14271.0,18918.0
20260626,279570,313.0,2.0,1,,
20260626,280360,12454.0,10.0,1,12454.0,14986.0
20260626,282330,12887.0,16.0,1,12887.0,14292.0
20260626,282880,1334.0,1.0,1,1334.0,1411.0
20260626,285130,7693.0,2.0,1,7693.0,5527.0
20260626,286940,1553.0,2.0,1,1553.0,2072.0
20260626,290550,1285.0,3.0,1,1285.0,2255.0
20260626,290650,,,0,1100.0,2184.0
20260626,293480,1232.0,1.0,1,,
20260626,294870,5420.0,12.0,1,5420.0,7646.0
20260626,295310,1263.0,5.0,1,,
20260626,297090,568.0,1.0,1,568.0,660.0
20260626,298020,45341.0,5.0,1,45341.0,58253.0
20260626,298040,84581.0,13.0,1,84581.0,124824.0
20260626,298050,13795.0,5.0,1,13795.0,19429.0
20260626,300720,875.0,2.0,1,875.0,1212.0
20260626,306200,19039.0,5.0,1,19039.0,24151.0
20260626,307950,7603.0,16.0,1,7603.0,10072.0
20260626,316140,4293.0,20.0,1,4293.0,4720.0
20260626,317400,775.0,1.0,1,775.0,1305.0
20260626,319660,5040.0,7.0,1,5040.0,6271.0
20260626,322000,8134.0,2.0,1,8134.0,10670.0
20260626,322310,427.0,1.0,1,427.0,2029.0
20260626,323410,1262.0,12.0,1,,
20260626,326030,4370.0,12.0,1,4370.0,5653.0
20260626,327260,1438.0,3.0,1,1438.0,2378.0
20260626,329180,28949.0,21.0,1,28949.0,33892.0
20260626,330860,1440.0,3.0,1,,
20260626,336370,1326.0,3.0,1,1326.0,249.0
20260626,336570,515.0,3.0,1,515.0,636.0
20260626,339770,489.0,2.0,1,489.0,622.0
20260626,340570,6385.0,5.0,1,6385.0,7372.0
20260626,347700,97.0,2.0,1,97.0,524.0
20260626,348210,1448.0,4.0,1,1448.0,3183.0
20260626,352820,4656.0,20.0,1,4656.0,9431.0
20260626,353200,3875.0,13.0,1,3875.0,5361.0
20260626,353810,1251.0,1.0,1,1251.0,1294.0
20260626,354320,1200.0,4.0,1,1200.0,3108.0
20260626,356860,4292.0,9.0,1,4292.0,5884.0
20260626,357780,19332.0,9.0,1,19332.0,24829.0
20260626,361390,226.0,1.0,1,,
20260626,375500,9798.0,18.0,1,9798.0,10120.0
20260626,376270,1737.0,1.0,1,1737.0,5387.0
20260626,376300,1754.0,14.0,1,1754.0,2029.0
20260626,377300,849.0,6.0,1,849.0,1117.0
20260626,381970,1068.0,4.0,1,,
20260626,383220,12775.0,10.0,1,12775.0,12287.0
20260626,383310,1335.0,1.0,1,1335.0,1864.0
20260626,383800,1955.0,2.0,1,1955.0,2167.0
20260626,388210,6629.0,4.0,1,6629.0,8400.0
20260626,389500,75.0,2.0,1,,
20260626,402340,281337.0,7.0,1,281337.0,349019.0
20260626,403550,83.0,1.0,1,83.0,369.0
20260626,403870,1435.0,5.0,1,,
20260626,405100,773.0,2.0,1,773.0,1641.0
20260626,417840,1230.0,1.0,1,1230.0,1618.0
20260626,419530,2730.0,3.0,1,2730.0,3138.0
20260626,420770,959.0,2.0,1,959.0,4848.0
20260626,439260,7900.0,6.0,1,7900.0,8460.0
20260626,440110,917.0,1.0,1,917.0,2471.0
20260626,443060,8104.0,10.0,1,8104.0,9924.0
20260626,450950,245.0,2.0,1,245.0,387.0
20260626,451760,450.0,1.0,1,450.0,945.0
20260626,452430,419.0,2.0,1,,
20260626,453340,3489.0,3.0,1,3489.0,3649.0
20260626,454910,108.0,1.0,1,108.0,571.0
20260626,456010,435.0,1.0,1,435.0,1117.0
20260626,456040,13008.0,2.0,1,13008.0,15688.0
20260626,458870,1542.0,7.0,1,1542.0,2051.0
20260626,460860,742.0,4.0,1,,
20260626,462870,2306.0,10.0,1,2306.0,2303.0
20260626,473980,1420.0,1.0,1,1420.0,1926.0
20260626,474170,87.0,2.0,1,,
20260626,475150,874.0,3.0,1,874.0,1484.0
20260626,475960,37.0,1.0,1,37.0,687.0
20260626,476060,550.0,1.0,1,,
20260626,482630,953.0,3.0,1,,
20260626,483650,10262.0,12.0,1,10262.0,13705.0
20260626,489790,2811.0,3.0,1,2811.0,4297.0
20260626,499790,2735.0,6.0,1,2735.0,3349.0
20260629,000080,1365.0,5.0,1,1365.0,
20260629,000100,1853.0,13.0,1,1853.0,
20260629,000120,11461.0,12.0,1,11461.0,
20260629,000150,21907.0,11.0,1,21907.0,
20260629,000210,10121.0,2.0,1,10121.0,
20260629,000240,4438.0,1.0,1,4438.0,
20260629,000270,21348.0,25.0,1,21348.0,
20260629,000370,2152.0,7.0,1,2152.0,
20260629,000640,12219.0,3.0,1,12219.0,
20260629,000660,307655.0,24.0,1,307655.0,
20260629,000720,4824.0,21.0,1,4824.0,
20260629,000810,44259.0,17.0,1,44259.0,
20260629,000880,9749.0,10.0,1,9749.0,
20260629,0008Z0,2119.0,1.0,1,2119.0,
20260629,000990,8377.0,2.0,1,8377.0,
20260629,001040,10071.0,10.0,1,10071.0,
20260629,001120,7626.0,7.0,1,7626.0,
20260629,001230,179.0,1.0,1,179.0,
20260629,001250,246.0,1.0,1,246.0,
20260629,001340,229.0,1.0,1,229.0,
20260629,001430,2440.0,10.0,1,2440.0,
20260629,001440,525.0,6.0,1,525.0,
20260629,001450,7857.0,17.0,1,7857.0,
20260629,001530,657.0,1.0,1,657.0,
20260629,001680,2694.0,2.0,1,2694.0,
20260629,001740,395.0,4.0,1,395.0,
20260629,001940,988.0,1.0,1,988.0,
20260629,002020,4976.0,1.0,1,4976.0,
20260629,002350,1533.0,13.0,1,1533.0,
20260629,002380,180664.0,4.0,1,180664.0,
20260629,002990,1469.0,2.0,1,1469.0,
20260629,003030,22926.0,2.0,1,22926.0,
20260629,003070,2293.0,1.0,1,2293.0,
20260629,003160,1424.0,2.0,1,1424.0,
20260629,003220,709.0,5.0,1,709.0,
20260629,003230,73673.0,14.0,1,73673.0,
20260629,003490,561.0,13.0,1,561.0,
20260629,003540,3991.0,2.0,1,3991.0,
20260629,003550,7498.0,12.0,1,7498.0,
20260629,003570,2734.0,1.0,1,2734.0,
20260629,003670,228.0,17.0,1,228.0,
20260629,003850,772.0,1.0,1,772.0,
20260629,004000,7089.0,6.0,1,7089.0,
20260629,004020,1461.0,15.0,1,1461.0,
20260629,004090,,,0,,
20260629,004170,39434.0,18.0,1,39434.0,
20260629,004370,31456.0,11.0,1,31456.0,
20260629,004690,37548.0,1.0,1,37548.0,
20260629,004800,19832.0,2.0,1,19832.0,
20260629,004990,875.0,4.0,1,875.0,
20260629,005070,221.0,3.0,1,221.0,
20260629,005090,1945.0,3.0,1,1945.0,
20260629,005180,8570.0,,1,8570.0,
20260629,005300,10572.0,10.0,1,10572.0,
20260629,005380,39515.0,26.0,1,39515.0,
20260629,005440,1835.0,4.0,1,1835.0,
20260629,005490,23267.0,17.0,1,23267.0,
20260629,005500,1719.0,1.0,1,1719.0,
20260629,005690,914.0,3.0,1,914.0,
20260629,005810,7096.0,2.0,1,7096.0,
20260629,005830,23285.0,16.0,1,23285.0,
20260629,005850,8293.0,7.0,1,8293.0,
20260629,005880,495.0,4.0,1,495.0,
20260629,005930,44949.0,24.0,1,44949.0,
20260629,005940,4061.0,18.0,1,4061.0,
20260629,006040,7733.0,4.0,1,7733.0,
20260629,006260,18503.0,11.0,1,18503.0,
20260629,006280,6833.0,12.0,1,6833.0,
20260629,006360,2710.0,18.0,1,2710.0,
20260629,006400,4138.0,23.0,1,4138.0,
20260629,006650,18482.0,6.0,1,18482.0,
20260629,006730,686.0,5.0,1,686.0,
20260629,006800,4163.0,17.0,1,4163.0,
20260629,007070,2452.0,12.0,1,2452.0,
20260629,007340,5355.0,2.0,1,5355.0,
20260629,007660,3564.0,12.0,1,3564.0,
20260629,007690,4568.0,1.0,1,4568.0,
20260629,007810,4392.0,3.0,1,4392.0,
20260629,008770,2363.0,12.0,1,2363.0,
20260629,009150,16559.0,20.0,1,16559.0,
20260629,009240,1109.0,7.0,1,1109.0,
20260629,009420,4.0,8.0,1,4.0,
20260629,009450,11851.0,2.0,1,11851.0,
20260629,009540,49538.0,14.0,1,49538.0,
20260629,009830,2065.0,12.0,1,2065.0,
20260629,009900,1534.0,1.0,1,1534.0,
20260629,010060,11597.0,8.0,1,11597.0,
20260629,010120,3377.0,13.0,1,3377.0,
20260629,010130,63362.0,5.0,1,63362.0,
20260629,010140,1205.0,20.0,1,1205.0,
20260629,010690,2520.0,1.0,1,2520.0,
20260629,010780,4901.0,5.0,1,4901.0,
20260629,010950,20454.0,16.0,1,20454.0,
20260629,011070,34700.0,21.0,1,34700.0,
20260629,011200,1399.0,13.0,1,1399.0,
20260629,011210,5832.0,11.0,1,5832.0,
20260629,011560,4249.0,1.0,1,4249.0,
20260629,011760,7597.0,4.0,1,7597.0,
20260629,011780,14335.0,13.0,1,14335.0,
20260629,011930,735.0,1.0,1,735.0,
20260629,012330,45515.0,25.0,1,45515.0,
20260629,012450,41533.0,19.0,1,41533.0,
20260629,012630,5467.0,1.0,1,5467.0,
20260629,0126Z0,10437.0,3.0,1,10437.0,
20260629,012750,4175.0,4.0,1,4175.0,
20260629,013030,4320.0,1.0,1,4320.0,
20260629,013120,286.0,1.0,1,286.0,
20260629,013580,11757.0,1.0,1,11757.0,
20260629,014620,1767.0,3.0,1,1767.0,
20260629,014680,15370.0,10.0,1,15370.0,
20260629,014830,13163.0,7.0,1,13163.0,
20260629,015760,8570.0,16.0,1,8570.0,
20260629,016360,18002.0,18.0,1,18002.0,
20260629,016380,1477.0,2.0,1,1477.0,
20260629,016580,1108.0,1.0,1,1108.0,
20260629,017670,5661.0,17.0,1,5661.0,
20260629,017800,5129.0,1.0,1,5129.0,
20260629,017810,1078.0,1.0,1,1078.0,
20260629,017940,31166.0,1.0,1,31166.0,
20260629,017960,2230.0,3.0,1,2230.0,
20260629,018260,9127.0,10.0,1,9127.0,
20260629,018290,1397.0,2.0,1,1397.0,
20260629,018670,54884.0,5.0,1,54884.0,
20260629,018880,232.0,16.0,1,232.0,
20260629,020000,3753.0,6.0,1,3753.0,
20260629,021240,9921.0,4.0,1,9921.0,
20260629,021320,1869.0,1.0,1,1869.0,
20260629,023160,2057.0,4.0,1,2057.0,
20260629,023530,13240.0,15.0,1,13240.0,
20260629,024110,3509.0,13.0,1,3509.0,
20260629,025540,11854.0,1.0,1,11854.0,
20260629,027410,648.0,1.0,1,648.0,
20260629,028050,3611.0,19.0,1,3611.0,
20260629,028260,16073.0,13.0,1,16073.0,
20260629,028670,715.0,14.0,1,715.0,
20260629,029780,5576.0,3.0,1,5576.0,
20260629,030000,1952.0,12.0,1,1952.0,
20260629,030190,1584.0,1.0,1,1584.0,
20260629,030200,5702.0,16.0,1,5702.0,
20260629,030520,1747.0,3.0,1,1747.0,
20260629,031430,1555.0,7.0,1,1555.0,
20260629,031980,6231.0,4.0,1,6231.0,
20260629,032350,972.0,13.0,1,972.0,
20260629,032500,48.0,1.0,1,48.0,
20260629,032640,1700.0,15.0,1,1700.0,
20260629,032830,14242.0,14.0,1,14242.0,
20260629,033240,3878.0,1.0,1,3878.0,
20260629,033270,2786.0,2.0,1,2786.0,
20260629,033500,2458.0,3.0,1,2458.0,
20260629,033640,230.0,1.0,1,230.0,
20260629,033780,11860.0,13.0,1,11860.0,
20260629,034020,459.0,16.0,1,459.0,
20260629,034120,503.0,5.0,1,503.0,
20260629,034220,654.0,8.0,1,654.0,
20260629,034230,1022.0,12.0,1,1022.0,
20260629,034730,122825.0,13.0,1,122825.0,
20260629,035150,2381.0,1.0,1,2381.0,
20260629,035250,1380.0,10.0,1,1380.0,
20260629,035420,12346.0,22.0,1,12346.0,
20260629,035600,2141.0,2.0,1,2141.0,
20260629,035720,1548.0,18.0,1,1548.0,
20260629,035760,2478.0,12.0,1,2478.0,
20260629,035900,3863.0,17.0,1,3863.0,
20260629,036200,848.0,1.0,1,848.0,
20260629,036460,10764.0,8.0,1,10764.0,
20260629,036540,68.0,2.0,1,68.0,
20260629,036570,21463.0,19.0,1,21463.0,
20260629,036620,514.0,2.0,1,514.0,
20260629,036800,5290.0,2.0,1,5290.0,
20260629,036810,423.0,1.0,1,423.0,
20260629,036930,1391.0,2.0,1,1391.0,
20260629,037560,256.0,3.0,1,256.0,
20260629,039030,9787.0,4.0,1,9787.0,
20260629,039130,3562.0,6.0,1,3562.0,
20260629,039200,836.0,1.0,1,836.0,
20260629,039440,4901.0,1.0,1,4901.0,
20260629,039490,60059.0,17.0,1,60059.0,
20260629,039570,1271.0,1.0,1,1271.0,
20260629,039840,1689.0,2.0,1,1689.0,
20260629,041510,5998.0,19.0,1,5998.0,
20260629,041830,3328.0,2.0,1,3328.0,
20260629,041920,1048.0,1.0,1,1048.0,
20260629,042000,1632.0,1.0,1,1632.0,
20260629,042520,1085.0,1.0,1,1085.0,
20260629,042660,5048.0,19.0,1,5048.0,
20260629,042700,3539.0,1.0,1,3539.0,
20260629,043150,3277.0,4.0,1,3277.0,
20260629,043260,4923.0,2.0,1,4923.0,
20260629,044490,1404.0,1.0,1,1404.0,
20260629,046440,889.0,1.0,1,889.0,
20260629,047040,994.0,12.0,1,994.0,
20260629,047050,4994.0,14.0,1,4994.0,
20260629,047810,3517.0,17.0,1,3517.0,
20260629,049070,1664.0,1.0,1,1664.0,
20260629,050890,695.0,3.0,1,695.0,
20260629,051370,1132.0,2.0,1,1132.0,
20260629,051500,5119.0,6.0,1,5119.0,
20260629,051600,3500.0,13.0,1,3500.0,
20260629,051900,10830.0,13.0,1,10830.0,
20260629,051910,-1090.0,15.0,0,-1090.0,
20260629,052400,7251.0,1.0,1,7251.0,
20260629,052690,1709.0,12.0,1,1709.0,
20260629,052710,538.0,2.0,1,538.0,
20260629,053210,462.0,6.0,1,462.0,
20260629,053690,2099.0,3.0,1,2099.0,
20260629,054210,,,0,,
20260629,054450,1061.0,1.0,1,1061.0,
20260629,054950,2807.0,5.0,1,2807.0,
20260629,055550,11674.0,18.0,1,11674.0,
20260629,056190,2333.0,2.0,1,2333.0,
20260629,058430,467.0,1.0,1,467.0,
20260629,058470,2450.0,7.0,1,2450.0,
20260629,058610,803.0,1.0,1,803.0,
20260629,058650,19337.0,1.0,1,19337.0,
20260629,060250,1400.0,5.0,1,1400.0,
20260629,060370,364.0,2.0,1,364.0,
20260629,060720,956.0,4.0,1,956.0,
20260629,060980,6070.0,3.0,1,6070.0,
20260629,061090,4257.0,1.0,1,4257.0,
20260629,062040,6834.0,8.0,1,6834.0,
20260629,063570,419.0,1.0,1,419.0,
20260629,064290,511.0,2.0,1,511.0,
20260629,064350,8546.0,19.0,1,8546.0,
20260629,064400,5065.0,10.0,1,5065.0,
20260629,064760,9842.0,4.0,1,9842.0,
20260629,064960,3780.0,5.0,1,3780.0,
20260629,066570,10855.0,20.0,1,10855.0,
20260629,067160,8294.0,7.0,1,8294.0,
20260629,067310,2437.0,4.0,1,2437.0,
20260629,068270,6191.0,20.0,1,6191.0,
20260629,068930,1012.0,1.0,1,1012.0,
20260629,069080,1078.0,2.0,1,1078.0,
20260629,069260,1799.0,2.0,1,1799.0,
20260629,069620,14959.0,10.0,1,14959.0,
20260629,069960,12426.0,16.0,1,12426.0,
20260629,070960,104.0,1.0,1,104.0,
20260629,071050,43853.0,16.0,1,43853.0,
20260629,071320,20089.0,2.0,1,20089.0,
20260629,071970,4255.0,6.0,1,4255.0,
20260629,073240,1364.0,9.0,1,1364.0,
20260629,073490,2098.0,1.0,1,2098.0,
20260629,074600,2440.0,2.0,1,2440.0,
20260629,075580,921.0,2.0,1,921.0,
20260629,077360,341.0,2.0,1,341.0,
20260629,077970,2030.0,3.0,1,2030.0,
20260629,078340,2238.0,6.0,1,2238.0,
20260629,078600,1162.0,2.0,1,1162.0,
20260629,078930,16116.0,5.0,1,16116.0,
20260629,079430,412.0,3.0,1,412.0,
20260629,079550,16659.0,18.0,1,16659.0,
20260629,079900,2285.0,2.0,1,2285.0,
20260629,080220,,,0,,
20260629,080580,1002.0,1.0,1,1002.0,
20260629,081660,5010.0,9.0,1,5010.0,
20260629,082740,2449.0,9.0,1,2449.0,
20260629,082920,1714.0,3.0,1,1714.0,
20260629,083500,1669.0,3.0,1,1669.0,
20260629,083650,2705.0,3.0,1,2705.0,
20260629,084010,524.0,2.0,1,524.0,
20260629,084370,4060.0,3.0,1,4060.0,
20260629,085910,819.0,1.0,1,819.0,
20260629,086280,22988.0,17.0,1,22988.0,
20260629,086390,961.0,2.0,1,961.0,
20260629,086450,1974.0,2.0,1,1974.0,
20260629,086790,16019.0,19.0,1,16019.0,
20260629,086900,3606.0,2.0,1,3606.0,
20260629,088350,950.0,12.0,1,950.0,
20260629,089010,2018.0,2.0,1,2018.0,
20260629,089600,1478.0,3.0,1,1478.0,
20260629,089860,4141.0,9.0,1,4141.0,
20260629,089970,3229.0,4.0,1,3229.0,
20260629,089980,475.0,1.0,1,475.0,
20260629,090430,5089.0,17.0,1,5089.0,
20260629,090460,2838.0,11.0,1,2838.0,
20260629,091580,1399.0,1.0,1,1399.0,
20260629,091700,623.0,1.0,1,623.0,
20260629,092130,1146.0,1.0,1,1146.0,
20260629,093370,206.0,1.0,1,206.0,
20260629,093520,2120.0,1.0,1,2120.0,
20260629,094360,452.0,2.0,1,452.0,
20260629,095340,4212.0,9.0,1,4212.0,
20260629,095570,501.0,3.0,1,501.0,
20260629,095610,5098.0,7.0,1,5098.0,
20260629,095660,1982.0,11.0,1,1982.0,
20260629,096530,1739.0,2.0,1,1739.0,
20260629,096770,10602.0,12.0,1,10602.0,
20260629,097230,1750.0,1.0,1,1750.0,
20260629,097520,2583.0,5.0,1,2583.0,
20260629,097950,23982.0,11.0,1,23982.0,
20260629,098460,688.0,6.0,1,688.0,
20260629,099190,103.0,2.0,1,103.0,
20260629,099320,1540.0,3.0,1,1540.0,
20260629,099430,448.0,1.0,1,448.0,
20260629,100090,721.0,6.0,1,721.0,
20260629,100120,3562.0,3.0,1,3562.0,
20260629,100840,4927.0,2.0,1,4927.0,
20260629,102710,4140.0,2.0,1,4140.0,
20260629,103140,8927.0,12.0,1,8927.0,
20260629,103590,3177.0,4.0,1,3177.0,
20260629,104700,219.0,1.0,1,219.0,
20260629,104830,4878.0,2.0,1,4878.0,
20260629,105560,17663.0,19.0,1,17663.0,
20260629,105630,1364.0,9.0,1,1364.0,
20260629,105840,797.0,1.0,1,797.0,
20260629,107640,631.0,1.0,1,631.0,
20260629,108320,3935.0,1.0,1,3935.0,
20260629,108380,2888.0,3.0,1,2888.0,
20260629,108490,571.0,6.0,1,571.0,
20260629,108670,6614.0,5.0,1,6614.0,
20260629,111770,13181.0,9.0,1,13181.0,
20260629,112040,1355.0,1.0,1,1355.0,
20260629,112610,4315.0,9.0,1,4315.0,
20260629,114090,969.0,12.0,1,969.0,
20260629,114810,1486.0,2.0,1,1486.0,
20260629,114840,1438.0,1.0,1,1438.0,
20260629,119610,1895.0,1.0,1,1895.0,
20260629,120110,5939.0,5.0,1,5939.0,
20260629,121600,735.0,1.0,1,735.0,
20260629,122640,998.0,2.0,1,998.0,
20260629,122870,3030.0,19.0,1,3030.0,
20260629,122900,1256.0,1.0,1,1256.0,
20260629,125210,691.0,1.0,1,691.0,
20260629,125490,237.0,2.0,1,237.0,
20260629,126340,1297.0,2.0,1,1297.0,
20260629,126720,3850.0,1.0,1,3850.0,
20260629,128940,14650.0,15.0,1,14650.0,
20260629,131290,10794.0,2.0,1,10794.0,
20260629,131970,2213.0,7.0,1,2213.0,
20260629,138040,14331.0,5.0,1,14331.0,
20260629,138080,480.0,1.0,1,480.0,
20260629,138930,2771.0,17.0,1,2771.0,
20260629,139130,3095.0,17.0,1,3095.0,
20260629,139480,6372.0,10.0,1,6372.0,
20260629,140860,7481.0,7.0,1,7481.0,
20260629,145020,14224.0,13.0,1,14224.0,
20260629,145720,7221.0,4.0,1,7221.0,
20260629,148150,287.0,1.0,1,287.0,
20260629,149950,827.0,1.0,1,827.0,
20260629,161390,10657.0,15.0,1,10657.0,
20260629,161890,7252.0,19.0,1,7252.0,
20260629,166090,3635.0,2.0,1,3635.0,
20260629,170920,2262.0,1.0,1,2262.0,
20260629,171090,8486.0,3.0,1,8486.0,
20260629,175330,3933.0,16.0,1,3933.0,
20260629,178320,994.0,2.0,1,994.0,
20260629,178920,1755.0,4.0,1,1755.0,
20260629,181710,3270.0,11.0,1,3270.0,
20260629,183190,991.0,2.0,1,991.0,
20260629,183300,3173.0,2.0,1,3173.0,
20260629,185750,4564.0,6.0,1,4564.0,
20260629,189300,3597.0,6.0,1,3597.0,
20260629,192080,9166.0,12.0,1,9166.0,
20260629,192650,180.0,3.0,1,180.0,
20260629,192820,12914.0,19.0,1,12914.0,
20260629,194370,3536.0,1.0,1,3536.0,
20260629,194700,,1.0,0,,
20260629,195870,4251.0,8.0,1,4251.0,
20260629,195940,3296.0,13.0,1,3296.0,
20260629,196170,5144.0,3.0,1,5144.0,
20260629,200670,3939.0,2.0,1,3939.0,
20260629,200710,1549.0,2.0,1,1549.0,
20260629,204270,997.0,1.0,1,997.0,
20260629,204320,4166.0,20.0,1,4166.0,
20260629,207940,42235.0,20.0,1,42235.0,
20260629,211050,1744.0,1.0,1,1744.0,
20260629,213420,3084.0,7.0,1,3084.0,
20260629,213500,1311.0,2.0,1,1311.0,
20260629,214150,2717.0,16.0,1,2717.0,
20260629,214180,3075.0,2.0,1,3075.0,
20260629,214320,2801.0,8.0,1,2801.0,
20260629,214420,665.0,1.0,1,665.0,
20260629,214450,18546.0,14.0,1,18546.0,
20260629,215000,8366.0,2.0,1,8366.0,
20260629,215200,8992.0,1.0,1,8992.0,
20260629,218410,1665.0,5.0,1,1665.0,
20260629,222040,841.0,1.0,1,841.0,
20260629,222800,3621.0,8.0,1,3621.0,
20260629,228850,1046.0,2.0,1,1046.0,
20260629,229640,1718.0,7.0,1,1718.0,
20260629,230240,1142.0,2.0,1,1142.0,
20260629,232140,423.0,4.0,1,423.0,
20260629,234080,1730.0,1.0,1,1730.0,
20260629,234340,1553.0,2.0,1,1553.0,
20260629,236200,5661.0,1.0,1,5661.0,
20260629,237690,3299.0,14.0,1,3299.0,
20260629,237880,1151.0,2.0,1,1151.0,
20260629,240810,3519.0,5.0,1,3519.0,
20260629,241560,5362.0,7.0,1,5362.0,
20260629,241590,407.0,4.0,1,407.0,
20260629,241710,6490.0,10.0,1,6490.0,
20260629,243840,304.0,2.0,1,304.0,
20260629,244920,1225.0,1.0,1,1225.0,
20260629,247540,387.0,19.0,1,387.0,
20260629,248070,1022.0,5.0,1,1022.0,
20260629,251270,4572.0,13.0,1,4572.0,
20260629,251970,3522.0,3.0,1,3522.0,
20260629,253450,1198.0,12.0,1,1198.0,
20260629,257720,3326.0,6.0,1,3326.0,
20260629,259960,24380.0,18.0,1,24380.0,
20260629,263750,5756.0,8.0,1,5756.0,
20260629,267250,30580.0,5.0,1,30580.0,
20260629,267260,27149.0,14.0,1,27149.0,
20260629,267270,10757.0,6.0,1,10757.0,
20260629,271560,12240.0,12.0,1,12240.0,
20260629,272210,1212.0,15.0,1,1212.0,
20260629,272290,2960.0,2.0,1,2960.0,
20260629,277810,773.0,1.0,1,773.0,
20260629,278470,14347.0,18.0,1,14347.0,
20260629,279570,313.0,2.0,1,313.0,
20260629,280360,12454.0,10.0,1,12454.0,
20260629,282330,12887.0,14.0,1,12887.0,
20260629,282880,1334.0,1.0,1,1334.0,
20260629,285130,7693.0,2.0,1,7693.0,
20260629,286940,1608.0,3.0,1,1608.0,
20260629,290550,1285.0,1.0,1,1285.0,
20260629,290650,1128.0,,1,1128.0,
20260629,293480,1232.0,1.0,1,1232.0,
20260629,294870,5420.0,12.0,1,5420.0,
20260629,295310,1216.0,1.0,1,1216.0,
20260629,297090,568.0,1.0,1,568.0,
20260629,298020,45341.0,5.0,1,45341.0,
20260629,298040,84581.0,13.0,1,84581.0,
20260629,298050,13482.0,5.0,1,13482.0,
20260629,300720,952.0,2.0,1,952.0,
20260629,306200,19039.0,5.0,1,19039.0,
20260629,307950,7603.0,15.0,1,7603.0,
20260629,316140,4273.0,20.0,1,4273.0,
20260629,317400,1448.0,1.0,1,1448.0,
20260629,319660,5265.0,6.0,1,5265.0,
20260629,322000,8134.0,2.0,1,8134.0,
20260629,322310,427.0,1.0,1,427.0,
20260629,323410,1262.0,12.0,1,1262.0,
20260629,326030,4370.0,12.0,1,4370.0,
20260629,327260,1379.0,2.0,1,1379.0,
20260629,329180,28949.0,21.0,1,28949.0,
20260629,330860,1428.0,2.0,1,1428.0,
20260629,336370,1326.0,3.0,1,1326.0,
20260629,336570,516.0,3.0,1,516.0,
20260629,339770,489.0,2.0,1,489.0,
20260629,340570,6385.0,4.0,1,6385.0,
20260629,347700,99.0,1.0,1,99.0,
20260629,348210,1448.0,4.0,1,1448.0,
20260629,352820,4660.0,20.0,1,4660.0,
20260629,353200,3875.0,13.0,1,3875.0,
20260629,353810,1251.0,1.0,1,1251.0,
20260629,354320,1200.0,1.0,1,1200.0,
20260629,356860,3919.0,8.0,1,3919.0,
20260629,357780,19332.0,9.0,1,19332.0,
20260629,361390,229.0,1.0,1,229.0,
20260629,375500,9861.0,18.0,1,9861.0,
20260629,376270,1737.0,1.0,1,1737.0,
20260629,376300,1754.0,14.0,1,1754.0,
20260629,377300,849.0,6.0,1,849.0,
20260629,381970,1068.0,4.0,1,1068.0,
20260629,383220,12775.0,10.0,1,12775.0,
20260629,383310,1335.0,1.0,1,1335.0,
20260629,383800,1955.0,2.0,1,1955.0,
20260629,388210,6628.0,4.0,1,6628.0,
20260629,389500,-332.0,1.0,0,-332.0,
20260629,402340,281337.0,7.0,1,281337.0,
20260629,403550,83.0,1.0,1,83.0,
20260629,403870,1435.0,5.0,1,1435.0,
20260629,405100,773.0,1.0,1,773.0,
20260629,417840,1231.0,1.0,1,1231.0,
20260629,419530,2734.0,2.0,1,2734.0,
20260629,420770,959.0,2.0,1,959.0,
20260629,439260,7903.0,5.0,1,7903.0,
20260629,440110,917.0,1.0,1,917.0,
20260629,443060,8104.0,10.0,1,8104.0,
20260629,450950,245.0,2.0,1,245.0,
20260629,451760,457.0,1.0,1,457.0,
20260629,452430,419.0,1.0,1,419.0,
20260629,453340,3489.0,3.0,1,3489.0,
20260629,454910,108.0,1.0,1,108.0,
20260629,456010,441.0,1.0,1,441.0,
20260629,456040,13326.0,3.0,1,13326.0,
20260629,458870,1542.0,5.0,1,1542.0,
20260629,460860,742.0,4.0,1,742.0,
20260629,462870,2306.0,10.0,1,2306.0,
20260629,473980,1420.0,1.0,1,1420.0,
20260629,474170,87.0,1.0,1,87.0,
20260629,475150,874.0,2.0,1,874.0,
20260629,475960,37.0,1.0,1,37.0,
20260629,476060,550.0,1.0,1,550.0,
20260629,482630,959.0,2.0,1,959.0,
20260629,483650,10282.0,12.0,1,10282.0,
20260629,489790,2811.0,3.0,1,2811.0,
20260629,499790,2735.0,6.0,1,2735.0,
20260630,000080,1365.0,5.0,1,1365.0,
20260630,000100,1853.0,13.0,1,1853.0,
20260630,000120,11461.0,12.0,1,11461.0,
20260630,000150,21907.0,11.0,1,21907.0,
20260630,000210,10121.0,2.0,1,10121.0,
20260630,000240,4438.0,1.0,1,4438.0,
20260630,000270,21348.0,25.0,1,21348.0,
20260630,000370,2152.0,7.0,1,2152.0,
20260630,000640,12219.0,3.0,1,12219.0,
20260630,000660,307655.0,24.0,1,307655.0,
20260630,000720,4824.0,21.0,1,4824.0,
20260630,000810,44259.0,17.0,1,44259.0,
20260630,000880,9749.0,10.0,1,9749.0,
20260630,0008Z0,2119.0,1.0,1,2119.0,
20260630,000990,8377.0,2.0,1,8377.0,
20260630,001040,10071.0,10.0,1,10071.0,
20260630,001120,7626.0,7.0,1,7626.0,
20260630,001230,179.0,1.0,1,179.0,
20260630,001250,246.0,1.0,1,246.0,
20260630,001340,229.0,1.0,1,229.0,
20260630,001430,2440.0,10.0,1,2440.0,
20260630,001440,525.0,6.0,1,525.0,
20260630,001450,7857.0,17.0,1,7857.0,
20260630,001530,657.0,1.0,1,657.0,
20260630,001680,2694.0,2.0,1,2694.0,
20260630,001740,395.0,4.0,1,395.0,
20260630,001940,988.0,1.0,1,988.0,
20260630,002020,4976.0,1.0,1,4976.0,
20260630,002350,1533.0,13.0,1,1533.0,
20260630,002380,180664.0,4.0,1,180664.0,
20260630,002990,1469.0,2.0,1,1469.0,
20260630,003030,22926.0,2.0,1,22926.0,
20260630,003070,2293.0,1.0,1,2293.0,
20260630,003160,1424.0,2.0,1,1424.0,
20260630,003220,709.0,5.0,1,709.0,
20260630,003230,73673.0,14.0,1,73673.0,
20260630,003490,561.0,13.0,1,561.0,
20260630,003540,3991.0,2.0,1,3991.0,
20260630,003550,7498.0,12.0,1,7498.0,
20260630,003570,2734.0,1.0,1,2734.0,
20260630,003670,228.0,17.0,1,228.0,
20260630,003850,772.0,1.0,1,772.0,
20260630,004000,7089.0,6.0,1,7089.0,
20260630,004020,1461.0,15.0,1,1461.0,
20260630,004090,,,0,,
20260630,004170,39434.0,18.0,1,39434.0,
20260630,004370,31456.0,11.0,1,31456.0,
20260630,004690,37548.0,1.0,1,37548.0,
20260630,004800,19832.0,2.0,1,19832.0,
20260630,004990,875.0,4.0,1,875.0,
20260630,005070,221.0,3.0,1,221.0,
20260630,005090,1945.0,3.0,1,1945.0,
20260630,005180,8570.0,,1,8570.0,
20260630,005300,10572.0,10.0,1,10572.0,
20260630,005380,39515.0,26.0,1,39515.0,
20260630,005440,1835.0,4.0,1,1835.0,
20260630,005490,23267.0,17.0,1,23267.0,
20260630,005500,1719.0,1.0,1,1719.0,
20260630,005690,914.0,3.0,1,914.0,
20260630,005810,7096.0,2.0,1,7096.0,
20260630,005830,23285.0,16.0,1,23285.0,
20260630,005850,8293.0,7.0,1,8293.0,
20260630,005880,495.0,4.0,1,495.0,
20260630,005930,44949.0,24.0,1,44949.0,
20260630,005940,4061.0,18.0,1,4061.0,
20260630,006040,7733.0,4.0,1,7733.0,
20260630,006260,18503.0,11.0,1,18503.0,
20260630,006280,6833.0,12.0,1,6833.0,
20260630,006360,2710.0,18.0,1,2710.0,
20260630,006400,4138.0,23.0,1,4138.0,
20260630,006650,18482.0,6.0,1,18482.0,
20260630,006730,686.0,5.0,1,686.0,
20260630,006800,4163.0,17.0,1,4163.0,
20260630,007070,2452.0,12.0,1,2452.0,
20260630,007340,5355.0,2.0,1,5355.0,
20260630,007660,3564.0,12.0,1,3564.0,
20260630,007690,4568.0,1.0,1,4568.0,
20260630,007810,4392.0,3.0,1,4392.0,
20260630,008770,2363.0,12.0,1,2363.0,
20260630,009150,16559.0,20.0,1,16559.0,
20260630,009240,1109.0,7.0,1,1109.0,
20260630,009420,4.0,8.0,1,4.0,
20260630,009450,11851.0,2.0,1,11851.0,
20260630,009540,49538.0,14.0,1,49538.0,
20260630,009830,2065.0,12.0,1,2065.0,
20260630,009900,1534.0,1.0,1,1534.0,
20260630,010060,11597.0,8.0,1,11597.0,
20260630,010120,3377.0,13.0,1,3377.0,
20260630,010130,63362.0,5.0,1,63362.0,
20260630,010140,1205.0,20.0,1,1205.0,
20260630,010690,2520.0,1.0,1,2520.0,
20260630,010780,4901.0,5.0,1,4901.0,
20260630,010950,20454.0,16.0,1,20454.0,
20260630,011070,34700.0,21.0,1,34700.0,
20260630,011200,1399.0,13.0,1,1399.0,
20260630,011210,5832.0,11.0,1,5832.0,
20260630,011560,4249.0,1.0,1,4249.0,
20260630,011760,7597.0,4.0,1,7597.0,
20260630,011780,14335.0,13.0,1,14335.0,
20260630,011930,735.0,1.0,1,735.0,
20260630,012330,45515.0,25.0,1,45515.0,
20260630,012450,41533.0,19.0,1,41533.0,
20260630,012630,5467.0,1.0,1,5467.0,
20260630,0126Z0,10437.0,3.0,1,10437.0,
20260630,012750,4175.0,4.0,1,4175.0,
20260630,013030,4320.0,1.0,1,4320.0,
20260630,013120,286.0,1.0,1,286.0,
20260630,013580,11757.0,1.0,1,11757.0,
20260630,014620,1767.0,3.0,1,1767.0,
20260630,014680,15370.0,10.0,1,15370.0,
20260630,014830,13163.0,7.0,1,13163.0,
20260630,015760,8570.0,16.0,1,8570.0,
20260630,016360,18002.0,18.0,1,18002.0,
20260630,016380,1477.0,2.0,1,1477.0,
20260630,016580,1108.0,1.0,1,1108.0,
20260630,017670,5661.0,17.0,1,5661.0,
20260630,017800,5129.0,1.0,1,5129.0,
20260630,017810,1078.0,1.0,1,1078.0,
20260630,017940,31166.0,1.0,1,31166.0,
20260630,017960,2230.0,3.0,1,2230.0,
20260630,018260,9127.0,10.0,1,9127.0,
20260630,018290,1397.0,2.0,1,1397.0,
20260630,018670,54884.0,5.0,1,54884.0,
20260630,018880,232.0,16.0,1,232.0,
20260630,020000,3753.0,6.0,1,3753.0,
20260630,021240,9921.0,4.0,1,9921.0,
20260630,021320,1869.0,1.0,1,1869.0,
20260630,023160,2057.0,4.0,1,2057.0,
20260630,023530,13240.0,15.0,1,13240.0,
20260630,024110,3509.0,13.0,1,3509.0,
20260630,025540,11854.0,1.0,1,11854.0,
20260630,027410,648.0,1.0,1,648.0,
20260630,028050,3611.0,19.0,1,3611.0,
20260630,028260,16073.0,13.0,1,16073.0,
20260630,028670,715.0,14.0,1,715.0,
20260630,029780,5576.0,3.0,1,5576.0,
20260630,030000,1952.0,12.0,1,1952.0,
20260630,030190,1584.0,1.0,1,1584.0,
20260630,030200,5702.0,16.0,1,5702.0,
20260630,030520,1747.0,3.0,1,1747.0,
20260630,031430,1555.0,7.0,1,1555.0,
20260630,031980,6231.0,4.0,1,6231.0,
20260630,032350,972.0,13.0,1,972.0,
20260630,032500,48.0,1.0,1,48.0,
20260630,032640,1700.0,15.0,1,1700.0,
20260630,032830,14242.0,14.0,1,14242.0,
20260630,033240,3878.0,1.0,1,3878.0,
20260630,033270,2786.0,2.0,1,2786.0,
20260630,033500,2458.0,3.0,1,2458.0,
20260630,033640,230.0,1.0,1,230.0,
20260630,033780,11860.0,13.0,1,11860.0,
20260630,034020,459.0,16.0,1,459.0,
20260630,034120,503.0,5.0,1,503.0,
20260630,034220,654.0,8.0,1,654.0,
20260630,034230,1022.0,12.0,1,1022.0,
20260630,034730,122825.0,13.0,1,122825.0,
20260630,035150,2381.0,1.0,1,2381.0,
20260630,035250,1380.0,10.0,1,1380.0,
20260630,035420,12346.0,22.0,1,12346.0,
20260630,035600,2141.0,2.0,1,2141.0,
20260630,035720,1548.0,18.0,1,1548.0,
20260630,035760,2478.0,12.0,1,2478.0,
20260630,035900,3863.0,17.0,1,3863.0,
20260630,036200,848.0,1.0,1,848.0,
20260630,036460,10764.0,8.0,1,10764.0,
20260630,036540,68.0,2.0,1,68.0,
20260630,036570,21463.0,19.0,1,21463.0,
20260630,036620,514.0,2.0,1,514.0,
20260630,036800,5290.0,2.0,1,5290.0,
20260630,036810,423.0,1.0,1,423.0,
20260630,036930,1391.0,2.0,1,1391.0,
20260630,037560,256.0,3.0,1,256.0,
20260630,039030,9787.0,4.0,1,9787.0,
20260630,039130,3562.0,6.0,1,3562.0,
20260630,039200,836.0,1.0,1,836.0,
20260630,039440,4901.0,1.0,1,4901.0,
20260630,039490,60059.0,17.0,1,60059.0,
20260630,039570,1271.0,1.0,1,1271.0,
20260630,039840,1689.0,2.0,1,1689.0,
20260630,041510,5998.0,19.0,1,5998.0,
20260630,041830,3328.0,2.0,1,3328.0,
20260630,041920,1048.0,1.0,1,1048.0,
20260630,042000,1632.0,1.0,1,1632.0,
20260630,042520,1085.0,1.0,1,1085.0,
20260630,042660,5048.0,19.0,1,5048.0,
20260630,042700,3539.0,1.0,1,3539.0,
20260630,043150,3277.0,4.0,1,3277.0,
20260630,043260,4923.0,2.0,1,4923.0,
20260630,044490,1404.0,1.0,1,1404.0,
20260630,046440,889.0,1.0,1,889.0,
20260630,047040,994.0,12.0,1,994.0,
20260630,047050,4994.0,14.0,1,4994.0,
20260630,047810,3517.0,17.0,1,3517.0,
20260630,049070,1664.0,1.0,1,1664.0,
20260630,050890,695.0,3.0,1,695.0,
20260630,051370,1132.0,2.0,1,1132.0,
20260630,051500,5119.0,6.0,1,5119.0,
20260630,051600,3500.0,13.0,1,3500.0,
20260630,051900,10830.0,13.0,1,10830.0,
20260630,051910,-1090.0,15.0,0,-1090.0,
20260630,052400,7251.0,1.0,1,7251.0,
20260630,052690,1709.0,12.0,1,1709.0,
20260630,052710,538.0,2.0,1,538.0,
20260630,053210,462.0,6.0,1,462.0,
20260630,053690,2099.0,3.0,1,2099.0,
20260630,054210,,,0,,
20260630,054450,1061.0,1.0,1,1061.0,
20260630,054950,2807.0,5.0,1,2807.0,
20260630,055550,11674.0,18.0,1,11674.0,
20260630,056190,2333.0,2.0,1,2333.0,
20260630,058430,467.0,1.0,1,467.0,
20260630,058470,2450.0,7.0,1,2450.0,
20260630,058610,803.0,1.0,1,803.0,
20260630,058650,19337.0,1.0,1,19337.0,
20260630,060250,1400.0,5.0,1,1400.0,
20260630,060370,364.0,2.0,1,364.0,
20260630,060720,956.0,4.0,1,956.0,
20260630,060980,6070.0,3.0,1,6070.0,
20260630,061090,4257.0,1.0,1,4257.0,
20260630,062040,6834.0,8.0,1,6834.0,
20260630,063570,419.0,1.0,1,419.0,
20260630,064290,511.0,2.0,1,511.0,
20260630,064350,8546.0,19.0,1,8546.0,
20260630,064400,5065.0,10.0,1,5065.0,
20260630,064760,9842.0,4.0,1,9842.0,
20260630,064960,3780.0,5.0,1,3780.0,
20260630,066570,10855.0,20.0,1,10855.0,
20260630,067160,8294.0,7.0,1,8294.0,
20260630,067310,2437.0,4.0,1,2437.0,
20260630,068270,6191.0,20.0,1,6191.0,
20260630,068930,1012.0,1.0,1,1012.0,
20260630,069080,1078.0,2.0,1,1078.0,
20260630,069260,1799.0,2.0,1,1799.0,
20260630,069620,14959.0,10.0,1,14959.0,
20260630,069960,12426.0,16.0,1,12426.0,
20260630,070960,104.0,1.0,1,104.0,
20260630,071050,43853.0,16.0,1,43853.0,
20260630,071320,20089.0,2.0,1,20089.0,
20260630,071970,4255.0,6.0,1,4255.0,
20260630,073240,1364.0,9.0,1,1364.0,
20260630,073490,2098.0,1.0,1,2098.0,
20260630,074600,2440.0,2.0,1,2440.0,
20260630,075580,921.0,2.0,1,921.0,
20260630,077360,341.0,2.0,1,341.0,
20260630,077970,2030.0,3.0,1,2030.0,
20260630,078340,2238.0,6.0,1,2238.0,
20260630,078600,1162.0,2.0,1,1162.0,
20260630,078930,16116.0,5.0,1,16116.0,
20260630,079430,412.0,3.0,1,412.0,
20260630,079550,16659.0,18.0,1,16659.0,
20260630,079900,2285.0,2.0,1,2285.0,
20260630,080220,,,0,,
20260630,080580,1002.0,1.0,1,1002.0,
20260630,081660,5010.0,9.0,1,5010.0,
20260630,082740,2449.0,9.0,1,2449.0,
20260630,082920,1714.0,3.0,1,1714.0,
20260630,083500,1669.0,3.0,1,1669.0,
20260630,083650,2705.0,3.0,1,2705.0,
20260630,084010,524.0,2.0,1,524.0,
20260630,084370,4060.0,3.0,1,4060.0,
20260630,085910,819.0,1.0,1,819.0,
20260630,086280,22988.0,17.0,1,22988.0,
20260630,086390,961.0,2.0,1,961.0,
20260630,086450,1974.0,2.0,1,1974.0,
20260630,086790,16019.0,19.0,1,16019.0,
20260630,086900,3606.0,2.0,1,3606.0,
20260630,088350,950.0,12.0,1,950.0,
20260630,089010,2018.0,2.0,1,2018.0,
20260630,089600,1478.0,3.0,1,1478.0,
20260630,089860,4141.0,9.0,1,4141.0,
20260630,089970,3229.0,4.0,1,3229.0,
20260630,089980,475.0,1.0,1,475.0,
20260630,090430,5089.0,17.0,1,5089.0,
20260630,090460,2838.0,11.0,1,2838.0,
20260630,091580,1399.0,1.0,1,1399.0,
20260630,091700,623.0,1.0,1,623.0,
20260630,092130,1146.0,1.0,1,1146.0,
20260630,093370,206.0,1.0,1,206.0,
20260630,093520,2120.0,1.0,1,2120.0,
20260630,094360,452.0,2.0,1,452.0,
20260630,095340,4212.0,9.0,1,4212.0,
20260630,095570,501.0,3.0,1,501.0,
20260630,095610,5098.0,7.0,1,5098.0,
20260630,095660,1982.0,11.0,1,1982.0,
20260630,096530,1739.0,2.0,1,1739.0,
20260630,096770,10602.0,12.0,1,10602.0,
20260630,097230,1750.0,1.0,1,1750.0,
20260630,097520,2583.0,5.0,1,2583.0,
20260630,097950,23982.0,11.0,1,23982.0,
20260630,098460,688.0,6.0,1,688.0,
20260630,099190,103.0,2.0,1,103.0,
20260630,099320,1540.0,3.0,1,1540.0,
20260630,099430,448.0,1.0,1,448.0,
20260630,100090,721.0,6.0,1,721.0,
20260630,100120,3562.0,3.0,1,3562.0,
20260630,100840,4927.0,2.0,1,4927.0,
20260630,102710,4140.0,2.0,1,4140.0,
20260630,103140,8927.0,12.0,1,8927.0,
20260630,103590,3177.0,4.0,1,3177.0,
20260630,104700,219.0,1.0,1,219.0,
20260630,104830,4878.0,2.0,1,4878.0,
20260630,105560,17663.0,19.0,1,17663.0,
20260630,105630,1364.0,9.0,1,1364.0,
20260630,105840,797.0,1.0,1,797.0,
20260630,107640,631.0,1.0,1,631.0,
20260630,108320,3935.0,1.0,1,3935.0,
20260630,108380,2888.0,3.0,1,2888.0,
20260630,108490,571.0,6.0,1,571.0,
20260630,108670,6614.0,5.0,1,6614.0,
20260630,111770,13181.0,9.0,1,13181.0,
20260630,112040,1355.0,1.0,1,1355.0,
20260630,112610,4315.0,9.0,1,4315.0,
20260630,114090,969.0,12.0,1,969.0,
20260630,114810,1486.0,2.0,1,1486.0,
20260630,114840,1438.0,1.0,1,1438.0,
20260630,119610,1895.0,1.0,1,1895.0,
20260630,120110,5939.0,5.0,1,5939.0,
20260630,121600,735.0,1.0,1,735.0,
20260630,122640,998.0,2.0,1,998.0,
20260630,122870,3030.0,19.0,1,3030.0,
20260630,122900,1256.0,1.0,1,1256.0,
20260630,125210,691.0,1.0,1,691.0,
20260630,125490,237.0,2.0,1,237.0,
20260630,126340,1297.0,2.0,1,1297.0,
20260630,126720,3850.0,1.0,1,3850.0,
20260630,128940,14650.0,15.0,1,14650.0,
20260630,131290,10794.0,2.0,1,10794.0,
20260630,131970,2213.0,7.0,1,2213.0,
20260630,138040,14331.0,5.0,1,14331.0,
20260630,138080,480.0,1.0,1,480.0,
20260630,138930,2771.0,17.0,1,2771.0,
20260630,139130,3095.0,17.0,1,3095.0,
20260630,139480,6372.0,10.0,1,6372.0,
20260630,140860,7481.0,7.0,1,7481.0,
20260630,145020,14224.0,13.0,1,14224.0,
20260630,145720,7221.0,4.0,1,7221.0,
20260630,148150,287.0,1.0,1,287.0,
20260630,149950,827.0,1.0,1,827.0,
20260630,161390,10657.0,15.0,1,10657.0,
20260630,161890,7252.0,19.0,1,7252.0,
20260630,166090,3635.0,2.0,1,3635.0,
20260630,170920,2262.0,1.0,1,2262.0,
20260630,171090,8486.0,3.0,1,8486.0,
20260630,175330,3933.0,16.0,1,3933.0,
20260630,178320,994.0,2.0,1,994.0,
20260630,178920,1755.0,4.0,1,1755.0,
20260630,181710,3270.0,11.0,1,3270.0,
20260630,183190,991.0,2.0,1,991.0,
20260630,183300,3173.0,2.0,1,3173.0,
20260630,185750,4564.0,6.0,1,4564.0,
20260630,189300,3597.0,6.0,1,3597.0,
20260630,192080,9166.0,12.0,1,9166.0,
20260630,192650,180.0,3.0,1,180.0,
20260630,192820,12914.0,19.0,1,12914.0,
20260630,194370,3536.0,1.0,1,3536.0,
20260630,194700,,1.0,0,,
20260630,195870,4251.0,8.0,1,4251.0,
20260630,195940,3296.0,13.0,1,3296.0,
20260630,196170,5144.0,3.0,1,5144.0,
20260630,200670,3939.0,2.0,1,3939.0,
20260630,200710,1549.0,2.0,1,1549.0,
20260630,204270,997.0,1.0,1,997.0,
20260630,204320,4166.0,20.0,1,4166.0,
20260630,207940,42235.0,20.0,1,42235.0,
20260630,211050,1744.0,1.0,1,1744.0,
20260630,213420,3084.0,7.0,1,3084.0,
20260630,213500,1311.0,2.0,1,1311.0,
20260630,214150,2717.0,16.0,1,2717.0,
20260630,214180,3075.0,2.0,1,3075.0,
20260630,214320,2801.0,8.0,1,2801.0,
20260630,214420,665.0,1.0,1,665.0,
20260630,214450,18546.0,14.0,1,18546.0,
20260630,215000,8366.0,2.0,1,8366.0,
20260630,215200,8992.0,1.0,1,8992.0,
20260630,218410,1665.0,5.0,1,1665.0,
20260630,222040,841.0,1.0,1,841.0,
20260630,222800,3621.0,8.0,1,3621.0,
20260630,228850,1046.0,2.0,1,1046.0,
20260630,229640,1718.0,7.0,1,1718.0,
20260630,230240,1142.0,2.0,1,1142.0,
20260630,232140,423.0,4.0,1,423.0,
20260630,234080,1730.0,1.0,1,1730.0,
20260630,234340,1553.0,2.0,1,1553.0,
20260630,236200,5661.0,1.0,1,5661.0,
20260630,237690,3299.0,14.0,1,3299.0,
20260630,237880,1151.0,2.0,1,1151.0,
20260630,240810,3519.0,5.0,1,3519.0,
20260630,241560,5362.0,7.0,1,5362.0,
20260630,241590,407.0,4.0,1,407.0,
20260630,241710,6490.0,10.0,1,6490.0,
20260630,243840,304.0,2.0,1,304.0,
20260630,244920,1225.0,1.0,1,1225.0,
20260630,247540,387.0,19.0,1,387.0,
20260630,248070,1022.0,5.0,1,1022.0,
20260630,251270,4572.0,13.0,1,4572.0,
20260630,251970,3522.0,3.0,1,3522.0,
20260630,253450,1198.0,12.0,1,1198.0,
20260630,257720,3326.0,6.0,1,3326.0,
20260630,259960,24380.0,18.0,1,24380.0,
20260630,263750,5756.0,8.0,1,5756.0,
20260630,267250,30580.0,5.0,1,30580.0,
20260630,267260,27149.0,14.0,1,27149.0,
20260630,267270,10757.0,6.0,1,10757.0,
20260630,271560,12240.0,12.0,1,12240.0,
20260630,272210,1212.0,15.0,1,1212.0,
20260630,272290,2960.0,2.0,1,2960.0,
20260630,277810,773.0,1.0,1,773.0,
20260630,278470,14347.0,18.0,1,14347.0,
20260630,279570,313.0,2.0,1,313.0,
20260630,280360,12454.0,10.0,1,12454.0,
20260630,282330,12887.0,14.0,1,12887.0,
20260630,282880,1334.0,1.0,1,1334.0,
20260630,285130,7693.0,2.0,1,7693.0,
20260630,286940,1608.0,3.0,1,1608.0,
20260630,290550,1285.0,1.0,1,1285.0,
20260630,290650,1128.0,,1,1128.0,
20260630,293480,1232.0,1.0,1,1232.0,
20260630,294870,5420.0,12.0,1,5420.0,
20260630,295310,1216.0,1.0,1,1216.0,
20260630,297090,568.0,1.0,1,568.0,
20260630,298020,45341.0,5.0,1,45341.0,
20260630,298040,84581.0,13.0,1,84581.0,
20260630,298050,13482.0,5.0,1,13482.0,
20260630,300720,952.0,2.0,1,952.0,
20260630,306200,19039.0,5.0,1,19039.0,
20260630,307950,7603.0,15.0,1,7603.0,
20260630,316140,4273.0,20.0,1,4273.0,
20260630,317400,1448.0,1.0,1,1448.0,
20260630,319660,5265.0,6.0,1,5265.0,
20260630,322000,8134.0,2.0,1,8134.0,
20260630,322310,427.0,1.0,1,427.0,
20260630,323410,1262.0,12.0,1,1262.0,
20260630,326030,4370.0,12.0,1,4370.0,
20260630,327260,1379.0,2.0,1,1379.0,
20260630,329180,28949.0,21.0,1,28949.0,
20260630,330860,1428.0,2.0,1,1428.0,
20260630,336370,1326.0,3.0,1,1326.0,
20260630,336570,516.0,3.0,1,516.0,
20260630,339770,489.0,2.0,1,489.0,
20260630,340570,6385.0,4.0,1,6385.0,
20260630,347700,99.0,1.0,1,99.0,
20260630,348210,1448.0,4.0,1,1448.0,
20260630,352820,4660.0,20.0,1,4660.0,
20260630,353200,3875.0,13.0,1,3875.0,
20260630,353810,1251.0,1.0,1,1251.0,
20260630,354320,1200.0,1.0,1,1200.0,
20260630,356860,3919.0,8.0,1,3919.0,
20260630,357780,19332.0,9.0,1,19332.0,
20260630,361390,229.0,1.0,1,229.0,
20260630,375500,9861.0,18.0,1,9861.0,
20260630,376270,1737.0,1.0,1,1737.0,
20260630,376300,1754.0,14.0,1,1754.0,
20260630,377300,849.0,6.0,1,849.0,
20260630,381970,1068.0,4.0,1,1068.0,
20260630,383220,12775.0,10.0,1,12775.0,
20260630,383310,1335.0,1.0,1,1335.0,
20260630,383800,1955.0,2.0,1,1955.0,
20260630,388210,6628.0,4.0,1,6628.0,
20260630,389500,-332.0,1.0,0,-332.0,
20260630,402340,281337.0,7.0,1,281337.0,
20260630,403550,83.0,1.0,1,83.0,
20260630,403870,1435.0,5.0,1,1435.0,
20260630,405100,773.0,1.0,1,773.0,
20260630,417840,1231.0,1.0,1,1231.0,
20260630,419530,2734.0,2.0,1,2734.0,
20260630,420770,959.0,2.0,1,959.0,
20260630,439260,7903.0,5.0,1,7903.0,
20260630,440110,917.0,1.0,1,917.0,
20260630,443060,8104.0,10.0,1,8104.0,
20260630,450950,245.0,2.0,1,245.0,
20260630,451760,457.0,1.0,1,457.0,
20260630,452430,419.0,1.0,1,419.0,
20260630,453340,3489.0,3.0,1,3489.0,
20260630,454910,108.0,1.0,1,108.0,
20260630,456010,441.0,1.0,1,441.0,
20260630,456040,13326.0,3.0,1,13326.0,
20260630,458870,1542.0,5.0,1,1542.0,
20260630,460860,742.0,4.0,1,742.0,
20260630,462870,2306.0,10.0,1,2306.0,
20260630,473980,1420.0,1.0,1,1420.0,
20260630,474170,87.0,1.0,1,87.0,
20260630,475150,874.0,2.0,1,874.0,
20260630,475960,37.0,1.0,1,37.0,
20260630,476060,550.0,1.0,1,550.0,
20260630,482630,959.0,2.0,1,959.0,
20260630,483650,10282.0,12.0,1,10282.0,
20260630,489790,2811.0,3.0,1,2811.0,
20260630,499790,2735.0,6.0,1,2735.0,
20260701,005930,45066.0,24.0,1,,
20260701,000660,309759.0,24.0,1,,
20260701,402340,281337.0,7.0,1,,
20260701,009150,16559.0,20.0,1,,
20260701,005380,39442.0,26.0,1,,
20260701,373220,-1353.0,23.0,0,,
20260701,032830,14242.0,14.0,1,,
20260701,028260,16073.0,13.0,1,,
20260701,207940,42235.0,20.0,1,,
20260701,329180,28949.0,21.0,1,,
20260701,034020,457.0,16.0,1,,
20260701,012450,41533.0,19.0,1,,
20260701,105560,17724.0,19.0,1,,
20260701,034730,124447.0,13.0,1,,
20260701,000270,21347.0,24.0,1,,
20260701,055550,11701.0,18.0,1,,
20260701,012330,45515.0,25.0,1,,
20260701,068270,6191.0,20.0,1,,
20260701,006400,4160.0,23.0,1,,
20260701,010120,3377.0,13.0,1,,
20260701,267260,27149.0,14.0,1,,
20260701,298040,84581.0,13.0,1,,
20260701,086790,16021.0,19.0,1,,
20260701,042660,5048.0,19.0,1,,
20260701,066570,10855.0,20.0,1,,
20260701,035420,12346.0,22.0,1,,
20260701,000810,44259.0,17.0,1,,
20260701,000150,21907.0,11.0,1,,
20260701,009540,49538.0,14.0,1,,
20260701,005490,23267.0,17.0,1,,
20260701,006800,4163.0,17.0,1,,
20260701,015760,8589.0,16.0,1,,
20260701,042700,3539.0,1.0,1,,
20260701,010130,63362.0,5.0,1,,
20260701,011070,34729.0,21.0,1,,
20260701,316140,4295.0,20.0,1,,
20260701,010140,1205.0,20.0,1,,
20260701,064350,8546.0,19.0,1,,
20260701,051910,-1090.0,15.0,0,,
20260701,196170,5144.0,3.0,1,,
20260701,017670,5661.0,17.0,1,,
20260701,138040,14331.0,5.0,1,,
20260701,011200,1409.0,13.0,1,,
20260701,033780,11860.0,13.0,1,,
20260701,079550,16467.0,18.0,1,,
20260701,267250,30580.0,5.0,1,,
20260701,096770,10602.0,12.0,1,,
20260701,024110,3517.0,14.0,1,,
20260701,035720,1548.0,18.0,1,,
20260701,278470,14349.0,18.0,1,,
20260701,018260,9127.0,10.0,1,,
20260701,003670,228.0,17.0,1,,
20260701,047810,3517.0,17.0,1,,
20260701,086280,22988.0,17.0,1,,
20260701,003550,7498.0,12.0,1,,
20260701,272210,1212.0,15.0,1,,
20260701,307950,7603.0,15.0,1,,
20260701,030200,5702.0,16.0,1,,
20260701,000720,4824.0,21.0,1,,
20260701,247540,387.0,19.0,1,,
20260701,071050,43853.0,16.0,1,,
20260701,086520,,,0,,
20260701,006260,18503.0,11.0,1,,
20260701,010950,20730.0,16.0,1,,
20260701,259960,24041.0,19.0,1,,
20260701,036930,1255.0,2.0,1,,
20260701,005940,4061.0,18.0,1,,
20260701,0126Z0,10437.0,3.0,1,,
20260701,003490,460.0,13.0,1,,
20260701,028050,3598.0,19.0,1,,
20260701,443060,8104.0,10.0,1,,
20260701,277810,773.0,1.0,1,,
20260701,016360,18002.0,18.0,1,,
20260701,323410,1262.0,12.0,1,,
20260701,007660,3564.0,12.0,1,,
20260701,039490,60059.0,17.0,1,,
20260701,047050,4994.0,14.0,1,,
20260701,005830,23285.0,16.0,1,,
20260701,352820,4660.0,20.0,1,,
20260701,003230,73673.0,14.0,1,,
20260701,180640,,,0,,
20260701,240810,3519.0,5.0,1,,
20260701,062040,6834.0,8.0,1,,
20260701,047040,1017.0,11.0,1,,
20260701,950160,-462.0,1.0,0,,
20260701,161390,10657.0,15.0,1,,
20260701,353200,3875.0,13.0,1,,
20260701,064400,5039.0,10.0,1,,
20260701,004170,39329.0,18.0,1,,
20260701,001440,525.0,5.0,1,,
20260701,000880,9749.0,10.0,1,,
20260701,326030,4370.0,12.0,1,,
20260701,078930,16116.0,5.0,1,,
20260701,021240,9921.0,4.0,1,,
20260701,028300,,,0,,
20260701,090430,5087.0,17.0,1,,
20260701,058470,2450.0,7.0,1,,
20260701,009830,2065.0,12.0,1,,
20260701,319660,5265.0,6.0,1,,
20260701,241560,5362.0,7.0,1,,
20260701,267270,10784.0,6.0,1,,
20260701,032640,1700.0,15.0,1,,
20260701,222800,3621.0,8.0,1,,
20260701,000990,8377.0,2.0,1,,
20260701,454910,108.0,1.0,1,,
20260701,298380,-1012.0,4.0,0,,
20260701,000100,1853.0,13.0,1,,
20260701,034220,654.0,8.0,1,,
20260701,377300,849.0,6.0,1,,
20260701,141080,-1167.0,6.0,0,,
20260701,036570,21282.0,19.0,1,,
20260701,029780,5576.0,3.0,1,,
20260701,128940,14650.0,15.0,1,,
20260701,271560,12240.0,12.0,1,,
20260701,138930,2768.0,17.0,1,,
20260701,039030,9787.0,4.0,1,,
20260701,000250,,,0,,
20260701,023530,13247.0,15.0,1,,
20260701,011790,-4689.0,4.0,0,,
20260701,000500,,,0,,
20260701,088980,722.0,2.0,1,,
20260701,084370,4060.0,3.0,1,,
20260701,001040,10071.0,10.0,1,,
20260701,175330,3932.0,17.0,1,,
20260701,082740,2449.0,8.0,1,,
20260701,010060,11597.0,8.0,1,,
20260701,066970,-176.0,21.0,0,,
20260701,052690,1691.0,12.0,1,,
20260701,087010,,,0,,
20260701,069960,12523.0,16.0,1,,
20260701,440110,917.0,1.0,1,,
20260701,403870,1435.0,5.0,1,,
20260701,095610,5098.0,7.0,1,,
20260701,347850,-646.0,,0,,
20260701,002380,180664.0,4.0,1,,
20260701,214370,,,0,,
20260701,103590,3177.0,4.0,1,,
20260701,336260,-521.0,6.0,0,,
20260701,018880,236.0,16.0,1,,
20260701,214450,18546.0,14.0,1,,
20260701,088350,950.0,12.0,1,,
20260701,004020,1461.0,16.0,1,,
20260701,108490,571.0,6.0,1,,
20260701,095340,4267.0,8.0,1,,
20260701,031980,6231.0,4.0,1,,
20260701,178320,994.0,2.0,1,,
20260701,080220,,,0,,
20260701,051900,10830.0,13.0,1,,
20260701,012510,,,0,,
20260701,310210,-2553.0,1.0,0,,
20260701,022100,,,0,,
20260701,067310,2437.0,4.0,1,,
20260701,226950,,,0,,
20260701,145020,14224.0,13.0,1,,
20260701,014680,15370.0,10.0,1,,
20260701,111770,13181.0,9.0,1,,
20260701,009420,4.0,8.0,1,,
20260701,064760,9842.0,4.0,1,,
20260701,214150,2717.0,16.0,1,,
20260701,004800,19832.0,2.0,1,,
20260701,251270,4576.0,14.0,1,,
20260701,035250,1380.0,10.0,1,,
20260701,131290,10794.0,2.0,1,,
20260701,483650,10297.0,11.0,1,,
20260701,036460,10764.0,8.0,1,,
20260701,089970,3229.0,4.0,1,,
20260701,383220,12775.0,10.0,1,,
20260701,450080,,,0,,
20260701,001450,7857.0,17.0,1,,
20260701,011780,14335.0,13.0,1,,
20260701,005290,,,0,,
20260701,302440,-1020.0,3.0,0,,
20260701,031210,,1.0,0,,
20260701,319400,153.0,,1,,
20260701,017800,5129.0,1.0,1,,
20260701,097950,23982.0,11.0,1,,
20260701,085620,,1.0,0,,
20260701,489790,2811.0,3.0,1,,
20260701,011170,-5556.0,13.0,0,,
20260701,012750,4175.0,4.0,1,,
20260701,237690,3299.0,14.0,1,,
20260701,005850,8293.0,7.0,1,,
20260701,139130,3092.0,17.0,1,,
20260701,001720,,,0,,
20260701,357780,19332.0,9.0,1,,
20260701,375500,9861.0,18.0,1,,
20260701,006360,2710.0,18.0,1,,
20260701,005440,1835.0,4.0,1,,
20260701,028670,717.0,14.0,1,,
20260701,161890,7252.0,19.0,1,,
20260701,290650,1128.0,,1,,
20260701,420770,959.0,2.0,1,,
20260701,026960,,,0,,
20260701,263750,5749.0,9.0,1,,
20260701,004990,875.0,4.0,1,,
20260701,071970,4255.0,6.0,1,,
20260701,257720,3326.0,6.0,1,,
20260701,281820,6467.0,1.0,1,,
20260701,000240,4438.0,1.0,1,,
20260701,098460,688.0,6.0,1,,
20260701,020150,-471.0,12.0,0,,
20260701,081660,5010.0,9.0,1,,
20260701,139480,6372.0,10.0,1,,
20260701,279570,313.0,2.0,1,,
20260701,204320,4100.0,19.0,1,,
20260701,003690,,3.0,0,,
20260701,007340,5355.0,2.0,1,,
20260701,009970,,,0,,
20260701,131970,2213.0,7.0,1,,
20260701,043260,4882.0,2.0,1,,
20260701,089030,1927.0,,1,,
20260701,007810,4392.0,3.0,1,,
20260701,457190,,,0,,
20260701,032820,,,0,,
20260701,010170,,,0,,
20260701,030000,1952.0,12.0,1,,
20260701,008930,,,0,,
20260701,004370,31456.0,11.0,1,,
20260701,051600,3517.0,12.0,1,,
20260701,001740,395.0,4.0,1,,
20260701,462870,2236.0,11.0,1,,
20260701,439260,7903.0,5.0,1,,
20260701,475150,874.0,2.0,1,,
20260701,282330,12887.0,14.0,1,,
20260701,018670,54884.0,5.0,1,,
20260701,007070,2458.0,12.0,1,,
20260701,112610,4315.0,9.0,1,,
20260701,082920,1714.0,3.0,1,,
20260701,035900,3863.0,17.0,1,,
20260701,183300,3173.0,2.0,1,,
20260701,192820,12914.0,19.0,1,,
20260701,140860,7481.0,7.0,1,,
20260701,140410,,,0,,
20260701,083650,2705.0,3.0,1,,
20260701,120110,5939.0,5.0,1,,
20260701,229640,1718.0,7.0,1,,
20260701,093370,206.0,1.0,1,,
20260701,103140,8927.0,12.0,1,,
20260701,008770,2363.0,12.0,1,,
20260701,068760,,,0,,
20260701,097230,1750.0,1.0,1,,
20260701,058610,803.0,1.0,1,,
20260701,002790,,,0,,
20260701,011210,5832.0,11.0,1,,
20260701,0009K0,,,0,,
20260701,000120,11461.0,12.0,1,,
20260701,218410,1665.0,5.0,1,,
20260701,322000,8134.0,2.0,1,,
20260701,041510,5998.0,19.0,1,,
20260701,395400,,2.0,0,,
20260701,001820,,,0,,
20260701,030530,,,0,,
20260701,001800,,,0,,
20260701,023590,,,0,,
20260701,060370,454.0,1.0,1,,
20260701,458870,1542.0,5.0,1,,
20260701,020560,-2859.0,,0,,
20260701,078600,1162.0,2.0,1,,
20260701,096530,1739.0,2.0,1,,
20260701,007390,,,0,,
20260701,001120,7701.0,7.0,1,,
20260701,006040,7733.0,4.0,1,,
20260701,073240,1364.0,9.0,1,,
20260701,006280,6833.0,12.0,1,,
20260701,347700,99.0,1.0,1,,
20260701,017960,2230.0,3.0,1,,
20260701,039200,836.0,1.0,1,,
20260701,192080,9198.0,13.0,1,,
20260701,003540,3991.0,2.0,1,,
20260701,069620,14959.0,10.0,1,,
20260701,005070,221.0,3.0,1,,
20260701,361610,-2736.0,9.0,0,,
20260701,034230,1022.0,12.0,1,,
20260701,166090,4050.0,1.0,1,,
20260701,323280,,,0,,
20260701,012630,3783.0,1.0,1,,
20260701,127120,,,0,,
20260701,298020,45341.0,5.0,1,,
20260701,475830,,,0,,
20260701,077970,2030.0,3.0,1,,
20260701,007310,,,0,,
20260701,001430,2440.0,10.0,1,,
20260701,415640,457.0,1.0,1,,
20260701,294870,5420.0,12.0,1,,
20260701,195870,4251.0,8.0,1,,
20260701,031330,,,0,,
20260701,032350,972.0,13.0,1,,
20260701,003570,2734.0,1.0,1,,
20260701,195940,3296.0,13.0,1,,
20260701,101490,,,0,,
20260701,004000,7089.0,6.0,1,,
20260701,181710,3324.0,10.0,1,,
20260701,089860,4141.0,9.0,1,,
20260701,437730,,,0,,
20260701,030610,,,0,,
20260701,003380,,,0,,
20260701,082640,,1.0,0,,
20260701,232140,423.0,4.0,1,,
20260701,003530,,,0,,
20260701,417200,,,0,,
20260701,006340,,,0,,
20260701,057050,,,0,,
20260701,100790,,,0,,
20260701,300720,952.0,2.0,1,,
20260701,330590,,1.0,0,,
20260701,204270,997.0,1.0,1,,
20260701,000080,1365.0,5.0,1,,
20260701,099320,1540.0,3.0,1,,
20260701,100090,721.0,6.0,1,,
20260701,003090,,,0,,
20260701,085660,,,0,,
20260701,083450,3288.0,,1,,
20260701,038500,,,0,,
20260701,074600,2440.0,2.0,1,,
20260701,036540,68.0,2.0,1,,
20260701,090710,,,0,,
20260701,000210,10121.0,2.0,1,,
20260701,009450,11851.0,2.0,1,,
20260701,003240,,,0,,
20260701,281740,,,0,,
20260701,185750,4564.0,5.0,1,,
20260701,388210,6513.0,3.0,1,,
20260701,192400,4330.0,1.0,1,,
20260701,491000,-1077.0,1.0,0,,
20260701,005300,10572.0,10.0,1,,
20260701,086450,1974.0,2.0,1,,
20260701,397030,-317.0,3.0,0,,
20260701,456040,13326.0,3.0,1,,
20260701,280360,12454.0,10.0,1,,
20260701,006120,,,0,,
20260701,003470,,,0,,
20260701,033100,,,0,,
20260701,115180,,,0,,
20260701,451800,,2.0,0,,
20260701,241710,6490.0,10.0,1,,
20260701,137400,,,0,,
20260701,161580,,,0,,
20260701,388720,,,0,,
20260701,112040,1355.0,1.0,1,,
20260701,090360,,,0,,
20260701,122640,998.0,2.0,1,,
20260701,065350,,,0,,
20260701,056190,2333.0,2.0,1,,
20260701,252990,531.0,,1,,
20260701,189300,3597.0,6.0,1,,
20260701,365550,,2.0,0,,
20260701,041830,3328.0,2.0,1,,
20260701,328130,-708.0,,0,,
20260701,122870,3030.0,19.0,1,,
20260701,036530,8710.0,1.0,1,,
20260701,030190,1584.0,1.0,1,,
20260701,005690,914.0,3.0,1,,
20260701,003160,1424.0,2.0,1,,
20260701,213420,3084.0,7.0,1,,
20260701,014620,1767.0,3.0,1,,
20260701,048410,,,0,,
20260701,445680,-687.0,,0,,
20260701,356860,3940.0,8.0,1,,
20260701,036830,,,0,,
20260701,032500,48.0,1.0,1,,
20260701,466100,,,0,,
20260701,019210,,,0,,
20260701,075580,1004.0,1.0,1,,
20260701,009240,1117.0,6.0,1,,
20260701,137310,,,0,,
20260701,126340,1297.0,2.0,1,,
20260701,248070,1022.0,5.0,1,,
20260701,295310,1216.0,1.0,1,,
20260701,071320,20089.0,2.0,1,,
20260701,004490,,,0,,
20260701,053610,6572.0,,1,,
20260701,000670,,,0,,
20260701,499790,2735.0,6.0,1,,
20260701,298050,13482.0,5.0,1,,
20260701,006650,18482.0,6.0,1,,
20260701,214320,2801.0,8.0,1,,
20260701,003850,772.0,1.0,1,,
20260701,490470,-85.0,1.0,0,,
20260701,079160,-405.0,4.0,0,,
20260701,293490,-1090.0,2.0,0,,
20260701,064960,3780.0,5.0,1,,
20260701,025540,11854.0,1.0,1,,
20260701,285130,7693.0,2.0,1,,
20260701,456160,,,0,,
20260701,090460,2825.0,11.0,1,,
20260701,032190,,,0,,
20260701,094170,478.0,,1,,
20260701,023160,2057.0,4.0,1,,
20260701,035760,2425.0,11.0,1,,
20260701,010780,4901.0,5.0,1,,
20260701,050890,695.0,3.0,1,,
20260701,222080,,,0,,
20260701,376900,,,0,,
20260701,000370,2152.0,7.0,1,,
20260701,045100,,,0,,
20260701,006730,686.0,5.0,1,,
20260701,108320,3935.0,1.0,1,,
20260701,052400,7251.0,1.0,1,,
20260701,046890,,,0,,
20260701,002350,1533.0,13.0,1,,
20260701,093050,,,0,,
20260701,102710,4140.0,2.0,1,,
20260701,059090,,,0,,
20260701,044490,1404.0,1.0,1,,
20260701,069260,1799.0,2.0,1,,
20260701,006110,159.0,,1,,
20260701,358570,,,0,,
20260701,253450,1198.0,12.0,1,,
20260701,383310,1335.0,1.0,1,,
20260701,114090,969.0,12.0,1,,
20260701,000400,,,0,,
20260701,001570,,,0,,
20260701,160190,,,0,,
20260701,064290,511.0,2.0,1,,
20260701,002020,4976.0,1.0,1,,
20260701,476060,550.0,1.0,1,,
20260701,293940,,2.0,0,,
20260701,336370,1326.0,3.0,1,,
20260701,002960,,,0,,
20260701,027360,,,0,,
20260701,006380,,,0,,
20260701,178920,1755.0,4.0,1,,
20260701,317450,,,0,,
20260701,005090,1945.0,3.0,1,,
20260701,089890,,,0,,
20260701,476830,,,0,,
20260701,100840,4927.0,2.0,1,,
20260701,033240,3878.0,1.0,1,,
20260701,171090,8486.0,3.0,1,,
20260701,033790,,,0,,
20260701,001060,,,0,,
20260701,005180,8570.0,,1,,
20260701,121600,735.0,1.0,1,,
20260701,005880,489.0,5.0,1,,
20260701,001680,2694.0,2.0,1,,
20260701,053800,,,0,,
20260701,001510,,,0,,
20260701,052020,,,0,,
20260701,086900,3606.0,2.0,1,,
20260701,007700,,,0,,
20260701,003620,,,0,,
20260701,001270,,,0,,
20260701,033640,230.0,1.0,1,,
20260701,041960,,,0,,
20260701,102940,,,0,,
20260701,170920,2262.0,1.0,1,,
20260701,225570,,,0,,
20260701,079900,2285.0,2.0,1,,
20260701,002840,,,0,,
20260701,036810,423.0,1.0,1,,
20260701,389470,,,0,,
20260701,383800,1955.0,2.0,1,,
20260701,077360,341.0,2.0,1,,
20260701,067160,8294.0,7.0,1,,
20260701,014820,,,0,,
20260701,056080,,,0,,
20260701,174900,,,0,,
20260701,037460,,,0,,
20260701,348370,,,0,,
20260701,017940,31166.0,1.0,1,,
20260701,000640,12219.0,3.0,1,,
20260701,033500,2367.0,2.0,1,,
20260701,082270,,,0,,
20260701,453340,3489.0,3.0,1,,
20260701,425420,2620.0,,1,,
20260701,124500,,,0,,
20260701,002990,1469.0,2.0,1,,
20260701,008060,,,0,,
20260701,365340,-794.0,4.0,0,,
20260701,249420,,2.0,0,,
20260701,009520,,,0,,
20260701,268280,,,0,,
20260701,060250,1400.0,5.0,1,,
20260701,336570,545.0,2.0,1,,
20260701,104830,4878.0,2.0,1,,
20260701,093320,,,0,,
20260701,016380,1477.0,2.0,1,,
20260701,001500,,,0,,
20260701,009410,,,0,,
20260701,376300,1754.0,14.0,1,,
20260701,253590,,,0,,
20260701,348210,1448.0,4.0,1,,
20260701,005810,7096.0,2.0,1,,
20260701,448730,,,0,,
20260701,025320,105.0,,1,,
20260701,003300,,,0,,
20260701,272290,2960.0,2.0,1,,
20260701,094800,,,0,,
20260701,035890,,,0,,
20260701,039130,3562.0,6.0,1,,
20260701,015750,,,0,,
20260701,439960,,,0,,
20260701,101160,,,0,,
20260701,284740,,,0,,
20260701,211050,1744.0,1.0,1,,
20260701,161000,,,0,,
20260701,039440,4901.0,1.0,1,,
20260701,327260,1379.0,2.0,1,,
20260701,005250,,,0,,
20260701,002240,,,0,,
20260701,399720,,,0,,
20260701,003030,22926.0,2.0,1,,
20260701,368770,,,0,,
20260701,278280,-781.0,2.0,0,,
20260701,348340,,,0,,
20260701,058650,19337.0,1.0,1,,
20260701,251970,3522.0,3.0,1,,
20260701,001530,657.0,1.0,1,,
20260701,372320,-1864.0,1.0,0,,
20260701,475960,37.0,1.0,1,,
20260701,330860,1428.0,2.0,1,,
20260701,160980,,,0,,
20260701,377740,,,0,,
20260701,030520,1747.0,3.0,1,,
20260701,020000,3753.0,6.0,1,,
20260701,214430,2600.0,,1,,
20260701,168360,,,0,,
20260701,219130,2930.0,,1,,
20260701,099190,103.0,2.0,1,,
20260701,241770,,,0,,
20260701,119850,,,0,,
20260701,034950,,,0,,
20260701,145990,,,0,,
20260701,486990,-253.0,1.0,0,,
20260701,460930,,,0,,
20260701,340570,6385.0,4.0,1,,
20260701,031430,1555.0,7.0,1,,
20260701,033160,,1.0,0,,
20260701,019170,,,0,,
20260701,356680,,,0,,
20260701,004710,,,0,,
20260701,014830,13163.0,7.0,1,,
20260701,290550,1285.0,1.0,1,,
20260701,089010,2018.0,2.0,1,,
20260701,460860,742.0,4.0,1,,
20260701,000070,,,0,,
20260701,215200,8992.0,1.0,1,,
20260701,403550,83.0,1.0,1,,
20260701,042000,1632.0,1.0,1,,
20260701,018290,1345.0,1.0,1,,
20260701,078130,,,0,,
20260701,011930,735.0,1.0,1,,
20260701,004690,37548.0,1.0,1,,
20260701,001200,,,0,,
20260701,003000,,,0,,
20260701,381970,1068.0,4.0,1,,
20260701,005420,,,0,,
20260701,114810,1486.0,2.0,1,,
20260701,034310,,,0,,
20260701,357120,,1.0,0,,
20260701,072710,,,0,,
20260701,016610,,,0,,
20260701,047920,,,0,,
20260701,079940,,,0,,
20260701,130660,,,0,,
20260701,417310,,,0,,
20260701,452260,,,0,,
20260701,009900,1534.0,1.0,1,,
20260701,003280,,,0,,
20260701,017900,,,0,,
20260701,004700,,,0,,
20260701,095660,1982.0,12.0,1,,
20260701,041190,,,0,,
20260701,025980,,,0,,
20260701,067630,,,0,,
20260701,024850,-1279.0,1.0,0,,
20260701,006910,,,0,,
20260701,110990,,,0,,
20260701,016590,,,0,,
20260701,482630,1028.0,2.0,1,,
20260701,013030,4320.0,1.0,1,,
20260701,029460,,,0,,
20260701,950210,,,0,,
20260701,015360,,,0,,
20260701,006220,,,0,,
20260701,029530,,,0,,
20260701,200710,1549.0,2.0,1,,
20260701,271940,,,0,,
20260701,008730,516.0,,1,,
20260701,060280,,,0,,
20260701,036620,521.0,2.0,1,,
20260701,089590,-645.0,9.0,0,,
20260701,078020,,,0,,
20260701,027410,648.0,1.0,1,,
20260701,078350,,,0,,
20260701,101930,,,0,,
20260701,344820,,,0,,
20260701,393890,-2136.0,6.0,0,,
20260701,069080,1078.0,2.0,1,,
20260701,078160,,,0,,
20260701,002810,,,0,,
20260701,0120G0,,,0,,
20260701,002030,,,0,,
20260701,052710,538.0,2.0,1,,
20260701,012030,,,0,,
20260701,287840,,,0,,
20260701,101730,,,0,,
20260701,204620,,,0,,
20260701,010690,2520.0,1.0,1,,
20260701,003800,,,0,,
20260701,042520,1085.0,1.0,1,,
20260701,306200,19039.0,5.0,1,,
20260701,105840,797.0,1.0,1,,
20260701,144960,,,0,,
20260701,199800,,,0,,
20260701,060980,6070.0,3.0,1,,
20260701,017810,1078.0,1.0,1,,
20260701,417840,1231.0,1.0,1,,
20260701,023410,,,0,,
20260701,183190,1074.0,2.0,1,,
20260701,005950,,,0,,
20260701,001940,988.0,1.0,1,,
20260701,145720,7221.0,5.0,1,,
20260701,389650,-469.0,3.0,0,,
20260701,448900,,,0,,
20260701,080580,1002.0,1.0,1,,
20260701,107640,631.0,1.0,1,,
20260701,493280,,,0,,
20260701,125490,237.0,2.0,1,,
20260701,092230,,,0,,
20260701,265520,,,0,,
20260701,192650,180.0,3.0,1,,
20260701,170900,,5.0,0,,
20260701,064260,,,0,,
20260701,194370,3536.0,1.0,1,,
20260701,097520,2583.0,5.0,1,,
20260701,037710,,,0,,
20260701,117730,,,0,,
20260701,104700,219.0,1.0,1,,
20260701,105630,1364.0,9.0,1,,
20260701,036200,848.0,1.0,1,,
20260701,126560,,,0,,
20260701,079370,,,0,,
20260701,092190,,,0,,
20260701,005610,,,0,,
20260701,376270,1737.0,1.0,1,,
20260701,200470,,,0,,
20260701,025900,-417.0,1.0,0,,
20260701,036890,1589.0,,1,,
20260701,206650,,,0,,
20260701,049070,1664.0,1.0,1,,
20260701,0011T0,,,0,,
20260701,092790,,,0,,
20260701,005680,,,0,,
20260701,126720,3850.0,1.0,1,,
20260701,468530,,,0,,
20260701,078340,2238.0,6.0,1,,
20260701,215600,,,0,,
20260701,007690,4568.0,1.0,1,,
20260701,138080,480.0,1.0,1,,
20260701,394280,-11.0,1.0,0,,
20260701,424870,,,0,,
20260701,217590,249.0,,1,,
20260701,455900,,,0,,
20260701,484590,789.0,,1,,
20260701,064850,2209.0,,1,,
20260701,002310,,,0,,
20260701,015860,,,0,,
20260701,098070,3201.0,,1,,
20260701,243070,,,0,,
20260701,005720,,,0,,
20260701,010820,,,0,,
20260701,091810,-348.0,2.0,0,,
20260701,475040,,,0,,
20260701,200670,3939.0,2.0,1,,
20260701,058430,467.0,1.0,1,,
20260701,011760,7597.0,4.0,1,,
20260701,236200,5661.0,1.0,1,,
20260701,065680,,,0,,
20260701,084110,,,0,,
20260701,009160,,,0,,
20260701,108670,6614.0,5.0,1,,
20260701,200880,,,0,,
20260701,091700,623.0,2.0,1,,
20260701,272450,-804.0,7.0,0,,
20260701,025560,,,0,,
20260701,018250,625.0,,1,,
20260701,092730,1757.0,1.0,1,,
20260701,159010,,,0,,
20260701,314930,,,0,,
20260701,452280,,,0,,
20260701,477850,,,0,,
20260701,389260,,,0,,
20260701,136480,,,0,,
20260701,228760,,,0,,
20260701,016800,,,0,,
20260701,025860,,,0,,
20260701,352480,1343.0,,1,,
20260701,389500,-332.0,1.0,0,,
20260701,441270,610.0,,1,,
20260701,001390,,,0,,
20260701,009290,,,0,,
20260701,034830,,1.0,0,,
20260701,254490,,,0,,
20260701,121440,,,0,,
20260701,064820,,,0,,
20260701,304360,-593.0,1.0,0,,
20260701,078520,,,0,,
20260701,092870,1383.0,,1,,
20260701,011560,4249.0,1.0,1,,
20260701,025770,,,0,,
20260701,378340,,,0,,
20260701,187660,,,0,,
20260701,033270,2786.0,2.0,1,,
20260701,024720,,,0,,
20260701,043150,3277.0,4.0,1,,
20260701,450950,245.0,2.0,1,,
20260701,004430,,,0,,
20260701,005430,,,0,,
20260701,085910,819.0,1.0,1,,
20260701,018000,,,0,,
20260701,096760,,,0,,
20260701,084690,,,0,,
20260701,035810,,,0,,
20260701,001230,179.0,1.0,1,,
20260701,061970,,,0,,
20260701,365270,-696.0,,0,,
20260701,290690,,,0,,
20260701,026890,,,0,,
20260701,001340,229.0,1.0,1,,
20260701,286940,1619.0,3.0,1,,
20260701,002710,,,0,,
20260701,036800,5290.0,2.0,1,,
20260701,309710,,,0,,
20260701,051500,5119.0,6.0,1,,
20260701,234340,1553.0,2.0,1,,
20260701,332570,,,0,,
20260701,123890,,,0,,
20260701,086390,961.0,2.0,1,,
20260701,017390,,,0,,
20260701,182400,,,0,,
20260701,092460,,,0,,
20260701,084010,524.0,2.0,1,,
20260701,019010,,,0,,
20260701,439090,,,0,,
20260701,054950,2807.0,5.0,1,,
20260701,035600,2141.0,2.0,1,,
20260701,099430,448.0,1.0,1,,
20260701,419530,2734.0,2.0,1,,
20260701,445090,174.0,,1,,
20260701,488900,,,0,,
20260701,060720,956.0,4.0,1,,
20260701,456010,441.0,1.0,1,,
20260701,094360,452.0,2.0,1,,
20260701,089980,475.0,1.0,1,,
20260701,069540,,,0,,
20260701,425040,950.0,,1,,
20260701,003960,,,0,,
20260701,002900,,,0,,
20260701,003070,2293.0,1.0,1,,
20260701,001750,,,0,,
20260701,121800,,,0,,
20260701,151860,,,0,,
20260701,005500,1719.0,1.0,1,,
20260701,003920,,,0,,
20260701,042370,,,0,,
20260701,230240,1142.0,2.0,1,,
20260701,017890,,,0,,
20260701,950170,,,0,,
20260701,000430,,,0,,
20260701,452430,419.0,1.0,1,,
20260701,046970,,,0,,
20260701,377460,,,0,,
20260701,267980,,,0,,
20260701,215000,8366.0,2.0,1,,
20260701,317330,,,0,,
20260701,241520,,,0,,
20260701,003120,,,0,,
20260701,272110,,,0,,
20260701,900290,,,0,,
20260701,002320,646.0,1.0,1,,
20260701,000650,,,0,,
20260701,043370,,,0,,
20260701,484870,,,0,,
20260701,472850,,,0,,
20260701,244920,1225.0,1.0,1,,
20260701,334890,,1.0,0,,
20260701,200130,,,0,,
20260701,053030,-185.0,2.0,0,,
20260701,122900,1256.0,1.0,1,,
20260701,900140,,,0,,
20260701,194700,,1.0,0,,
20260701,003200,,,0,,
20260701,051360,,,0,,
20260701,007160,,,0,,
20260701,003720,,,0,,
20260701,036710,,,0,,
20260701,298830,,,0,,
20260701,004360,,,0,,
20260701,003650,,,0,,
20260701,462350,-1137.0,1.0,0,,
20260701,000680,,,0,,
20260701,144510,,,0,,
20260701,0030R0,,,0,,
20260701,475400,-1044.0,,0,,
20260701,000480,,,0,,
20260701,348950,,,0,,
20260701,091580,1399.0,1.0,1,,
20260701,206640,,,0,,
20260701,065710,,,0,,
20260701,203650,,,0,,
20260701,001250,246.0,1.0,1,,
20260701,028100,,,0,,
20260701,112290,,,0,,
20260701,0001A0,,,0,,
20260701,404990,,,0,,
20260701,004980,,,0,,
20260701,014940,,,0,,
20260701,000050,,,0,,
20260701,308430,,,0,,
20260701,0008Z0,2119.0,1.0,1,,
20260701,084850,185.0,,1,,
20260701,005010,,,0,,
20260701,382900,,,0,,
20260701,023760,,,0,,
20260701,034120,497.0,5.0,1,,
20260701,217730,,,0,,
20260701,114190,,,0,,
20260701,067390,,,0,,
20260701,475560,,,0,,
20260701,220100,,,0,,
20260701,036030,,,0,,
20260701,134380,,,0,,
20260701,461300,,,0,,
20260701,037270,,,0,,
20260701,003520,,,0,,
20260701,136490,,,0,,
20260701,078150,,,0,,
20260701,095500,,,0,,
20260701,357550,,,0,,
20260701,058970,146.0,1.0,1,,
20260701,011500,,,0,,
20260701,088260,,,0,,
20260701,355150,981.0,,1,,
20260701,001460,,,0,,
20260701,044450,,,0,,
20260701,180400,,,0,,
20260701,210980,,,0,,
20260701,033920,,,0,,
20260701,000320,,,0,,
20260701,093520,2120.0,1.0,1,,
20260701,018310,,,0,,
20260701,0015G0,,,0,,
20260701,322310,427.0,1.0,1,,
20260701,100120,3562.0,3.0,1,,
20260701,009680,,,0,,
20260701,098120,,,0,,
20260701,005710,,,0,,
20260701,025000,,,0,,
20260701,000490,,,0,,
20260701,013580,11757.0,1.0,1,,
20260701,017860,,,0,,
20260701,073490,2098.0,1.0,1,,
20260701,416180,,,0,,
20260701,125020,,,0,,
20260701,108860,,,0,,
20260701,187870,,,0,,
20260701,354320,1200.0,1.0,1,,
20260701,013120,286.0,1.0,1,,
20260701,353810,1251.0,1.0,1,,
20260701,380540,,,0,,
20260701,000540,,,0,,
20260701,226320,,,0,,
20260701,030210,,,0,,
20260701,053690,2099.0,2.0,1,,
20260701,448280,,,0,,
20260701,216080,,,0,,
20260701,041920,1048.0,1.0,1,,
20260701,001790,,,0,,
20260701,094480,,,0,,
20260701,053210,462.0,6.0,1,,
20260701,243840,304.0,2.0,1,,
20260701,251370,,,0,,
20260701,123330,2654.0,,1,,
20260701,008490,,,0,,
20260701,065660,,,0,,
20260701,115450,,,0,,
20260701,034810,,,0,,
20260701,068930,1012.0,1.0,1,,
20260701,394800,-92.0,,0,,
20260701,009470,,,0,,
20260701,432320,,,0,,
20260701,052330,,,0,,
20260701,128820,,,0,,
20260701,024840,,,0,,
20260701,0082N0,,,0,,
20260701,035150,2381.0,1.0,1,,
20260701,007860,,,0,,
20260701,054210,,,0,,
20260701,119610,1895.0,1.0,1,,
20260701,481070,,,0,,
20260701,036190,,,0,,
20260701,294570,2140.0,,1,,
20260701,194480,,,0,,
20260701,013890,-1180.0,1.0,0,,
20260701,046120,,,0,,
20260701,459510,,,0,,
20260701,039570,1271.0,1.0,1,,
20260701,394420,-203.0,1.0,0,,
20260701,045390,,,0,,
20260701,001630,,,0,,
20260701,138610,,,0,,
20260701,199820,,,0,,
20260701,001080,,,0,,
20260701,338840,-653.0,,0,,
20260701,083310,,,0,,
20260701,094820,,,0,,
20260701,126600,,,0,,
20260701,092200,,,0,,
20260701,067080,,,0,,
20260701,012860,,,0,,
20260701,102460,,,0,,
20260701,095570,501.0,3.0,1,,
20260701,100250,,,0,,
20260701,001130,,,0,,
20260701,036170,,,0,,
20260701,0039P0,,,0,,
20260701,032580,,,0,,
20260701,462520,,,0,,
20260701,010580,,,0,,
20260701,099440,,,0,,
20260701,464080,,,0,,
20260701,138360,,,0,,
20260701,016790,,,0,,
20260701,339770,489.0,2.0,1,,
20260701,039830,3396.0,,1,,
20260701,318060,-63.0,1.0,0,,
20260701,307180,,,0,,
20260701,314130,,,0,,
20260701,000140,,,0,,
20260701,494120,-111.0,,0,,
20260701,061090,4257.0,1.0,1,,
20260701,190510,1079.0,,1,,
20260701,241590,407.0,4.0,1,,
20260701,102260,,,0,,
20260701,003350,,,0,,
20260701,192440,,,0,,
20260701,036560,,,0,,
20260701,117580,,,0,,
20260701,084990,,,0,,
20260701,123860,,,0,,
20260701,066620,,,0,,
20260701,256840,,,0,,
20260701,035510,,,0,,
20260701,298690,,,0,,
20260701,446540,,,0,,
20260701,042420,,,0,,
20260701,053300,,,0,,
20260701,176750,,,0,,
20260701,237880,1151.0,2.0,1,,
20260701,016580,1108.0,1.0,1,,
20260701,214180,3075.0,2.0,1,,
20260701,234080,1730.0,1.0,1,,
20260701,049430,,,0,,
20260701,377190,,1.0,0,,
20260701,003220,709.0,5.0,1,,
20260701,004310,,,0,,
20260701,317400,1448.0,1.0,1,,
20260701,153890,,,0,,
20260701,012210,353.0,,1,,
20260701,002100,,,0,,
20260701,950140,,,0,,
20260701,108380,2921.0,2.0,1,,
20260701,003460,,,0,,
20260701,004560,,,0,,
20260701,064550,,,0,,
20260701,334970,,,0,,
20260701,274090,,,0,,
20260701,002150,,,0,,
20260701,487570,,,0,,
20260701,101970,,,0,,
20260701,122990,,,0,,
20260701,092070,,,0,,
20260701,000300,,,0,,
20260701,044820,,,0,,
20260701,033530,2534.0,,1,,
20260701,474650,,,0,,
20260701,143240,,,0,,
20260701,242040,,,0,,
20260701,000390,,,0,,
20260701,005960,,,0,,
20260701,001780,,,0,,
20260701,389020,-148.0,1.0,0,,
20260701,484120,,,0,,
20260701,037350,,,0,,
20260701,051370,1132.0,2.0,1,,
20260701,270660,,,0,,
20260701,451760,457.0,1.0,1,,
20260701,004380,,,0,,
20260701,298000,,,0,,
20260701,092130,1146.0,1.0,1,,
20260701,039840,1689.0,2.0,1,,
20260701,049630,,,0,,
20260701,245620,,,0,,
20260701,016450,,,0,,
20260701,146320,,,0,,
20260701,083930,,,0,,
20260701,101530,,,0,,
20260701,149950,827.0,1.0,1,,
20260701,086670,,,0,,
20260701,304100,,,0,,
20260701,016880,,,0,,
20260701,038390,,,0,,
20260701,478340,,,0,,
20260701,071200,,,0,,
20260701,003610,,,0,,
20260701,119830,,,0,,
20260701,143160,,,0,,
20260701,079960,,,0,,
20260701,371950,,,0,,
20260701,457550,,,0,,
20260701,484810,,,0,,
20260701,048550,,,0,,
20260701,255220,,,0,,
20260701,382800,754.0,,1,,
20260701,204610,259.0,,1,,
20260701,400760,,,0,,
20260701,000860,,,0,,
20260701,080160,757.0,1.0,1,,
20260701,066410,,,0,,
20260701,046070,,,0,,
20260701,015230,,,0,,
20260701,086820,-152.0,,0,,
20260701,002170,,,0,,
20260701,402030,,,0,,
20260701,072870,,,0,,
20260701,024800,,,0,,
20260701,031440,,,0,,
20260701,093190,,,0,,
20260701,388050,540.0,,1,,
20260701,462860,,,0,,
20260701,377450,,,0,,
20260701,402490,,,0,,
20260701,403850,,,0,,
20260701,418550,,,0,,
20260701,054450,1061.0,1.0,1,,
20260701,405100,773.0,1.0,1,,
20260701,293480,1232.0,1.0,1,,
20260701,082800,,,0,,
20260701,023910,,,0,,
20260701,088800,,,0,,
20260701,101360,,,0,,
20260701,007330,,,0,,
20260701,000970,,,0,,
20260701,011040,,,0,,
20260701,213500,1311.0,2.0,1,,
20260701,046440,889.0,1.0,1,,
20260701,126730,,,0,,
20260701,040350,,,0,,
20260701,102120,,,0,,
20260701,032620,,,0,,
20260701,048870,,,0,,
20260701,041020,,,0,,
20260701,234690,,,0,,
20260701,123410,,,0,,
20260701,007570,,,0,,
20260701,084680,,,0,,
20260701,039860,,,0,,
20260701,109740,,,0,,
20260701,271980,,,0,,
20260701,357880,,,0,,
20260701,071840,-169.0,1.0,0,,
20260701,054800,,,0,,
20260701,012610,,,0,,
20260701,090350,,,0,,
20260701,126700,1780.0,,1,,
20260701,049960,,,0,,
20260701,000700,,,0,,
20260701,147830,,,0,,
20260701,489500,1479.0,,1,,
20260701,014710,,,0,,
20260701,388790,,,0,,
20260701,000520,-830.0,1.0,0,,
20260701,264450,,1.0,0,,
20260701,0088M0,,,0,,
20260701,0007C0,199.0,,1,,
20260701,445180,,,0,,
20260701,058820,,,0,,
20260701,086890,,,0,,
20260701,004970,,,0,,
20260701,111710,,,0,,
20260701,104480,,,0,,
20260701,060150,,,0,,
20260701,012200,,,0,,
20260701,092220,,,0,,
20260701,293580,,,0,,
20260701,179290,,,0,,
20260701,372170,,,0,,
20260701,460850,,,0,,
20260701,432720,,,0,,
20260701,077500,,,0,,
20260701,126640,,,0,,
20260701,024060,,,0,,
20260701,260970,,,0,,
20260701,311320,,,0,,
20260701,000020,,,0,,
20260701,067280,,,0,,
20260701,004090,,,0,,
20260701,297890,,,0,,
20260701,232680,,,0,,
20260701,078070,,,0,,
20260701,006060,,,0,,
20260701,025820,,,0,,
20260701,053080,,,0,,
20260701,458650,,,0,,
20260701,003480,,,0,,
20260701,199430,,,0,,
20260701,474170,87.0,1.0,1,,
20260701,211270,,,0,,
20260701,003830,,,0,,
20260701,094280,,,0,,
20260701,042600,,,0,,
20260701,023600,,,0,,
20260701,005990,,,0,,
20260701,452450,,,0,,
20260701,008350,,,0,,
20260701,118990,,,0,,
20260701,083500,1669.0,3.0,1,,
20260701,361390,229.0,1.0,1,,
20260701,163730,481.0,,1,,
20260701,226590,,,0,,
20260701,264850,,,0,,
20260701,011690,,,0,,
20260701,140670,,,0,,
20260701,264660,1708.0,,1,,
20260701,049720,,,0,,
20260701,015890,,,0,,
20260701,066980,21.0,,1,,
20260701,114840,1438.0,1.0,1,,
20260701,038290,,,0,,
20260701,037560,256.0,3.0,1,,
20260701,222040,841.0,1.0,1,,
20260701,418420,,,0,,
20260701,269620,,,0,,
20260701,106190,,,0,,
20260701,017510,,,0,,
20260701,069510,,,0,,
20260701,001540,,,0,,
20260701,081000,,,0,,
20260701,469610,,,0,,
20260701,0017J0,,,0,,
20260701,293780,,,0,,
20260701,004080,,,0,,
20260701,004960,,,0,,
20260701,267320,,,0,,
20260701,136540,,,0,,
20260701,008970,,,0,,
20260701,285490,,,0,,
20260701,453450,768.0,,1,,
20260701,005160,,,0,,
20260701,013520,,,0,,
20260701,004150,-24.0,1.0,0,,
20260701,259630,1781.0,,1,,
20260701,011280,,,0,,
20260701,488280,144.0,,1,,
20260701,380550,,,0,,
20260701,002780,,,0,,
20260701,086980,,,0,,
20260701,210540,,,0,,
20260701,214390,,,0,,
20260701,214420,665.0,1.0,1,,
20260701,220260,,,0,,
20260701,018470,,,0,,
20260701,073010,,,0,,
20260701,209640,,,0,,
20260701,272550,,,0,,
20260701,025620,,,0,,
20260701,009070,,,0,,
20260701,020120,,,0,,
20260701,282880,1334.0,1.0,1,,
20260701,001360,,,0,,
20260701,256940,,,0,,
20260701,308080,,,0,,
20260701,321550,,,0,,
20260701,036690,,,0,,
20260701,473980,1425.0,1.0,1,,
20260701,021320,1869.0,1.0,1,,
20260701,306620,,,0,,
20260701,408920,,,0,,
20260701,228340,,,0,,
20260701,350520,,,0,,
20260701,289080,,,0,,
20260701,322510,,,0,,
20260701,107590,,,0,,
20260701,003100,,,0,,
20260701,095190,,,0,,
20260701,122450,739.0,,1,,
20260701,142210,2496.0,,1,,
20260701,024090,,,0,,
20260701,001520,,,0,,
20260701,078000,,,0,,
20260701,012320,,,0,,
20260701,090850,,,0,,
20260701,950190,,,0,,
20260701,089470,,,0,,
20260701,300080,,,0,,
20260701,014280,,,0,,
20260701,307750,,,0,,
20260701,475430,560.0,,1,,
20260701,339950,,,0,,
20260701,067990,,,0,,
20260701,297090,568.0,1.0,1,,
20260701,047310,,,0,,
20260701,007540,,,0,,
20260701,198440,,,0,,
20260701,331920,,,0,,
20260701,067900,,,0,,
20260701,187790,248.0,,1,,
20260701,041440,,,0,,
20260701,093640,,,0,,
20260701,094840,1570.0,,1,,
20260701,240550,,,0,,
20260701,366030,,,0,,
20260701,212560,,,0,,
20260701,017550,,,0,,
20260701,079430,412.0,3.0,1,,
20260701,105330,,,0,,
20260701,096250,,,0,,
20260701,068790,,,0,,
20260701,002460,,,0,,
20260701,002220,,,0,,
20260701,417500,,,0,,
20260701,166480,,,0,,
20260701,004250,,,0,,
20260701,008040,,,0,,
20260701,041590,,,0,,
20260701,070960,104.0,1.0,1,,
20260701,141000,,,0,,
20260701,025950,,,0,,
20260701,095700,,,0,,
20260701,089600,1573.0,3.0,1,,
20260701,263860,1267.0,,1,,
20260701,037070,,,0,,
20260701,299030,1226.0,,1,,
20260701,289930,,,0,,
20260701,010100,,,0,,
20260701,340450,260.0,,1,,
20260701,009270,,,0,,
20260701,038540,,,0,,
20260701,071280,,,0,,
20260701,013990,,,0,,
20260701,267290,,,0,,
20260701,108230,,,0,,
20260701,323990,,,0,,
20260701,035000,,,0,,
20260701,217270,,,0,,
20260701,032940,,,0,,
20260701,091590,,,0,,
20260701,015590,,,0,,
20260701,034590,,,0,,
20260701,019180,,,0,,
20260701,417010,,,0,,
20260701,009780,,,0,,
20260701,115310,,,0,,
20260701,037030,915.0,,1,,
20260701,148150,287.0,1.0,1,,
20260701,039560,,,0,,
20260701,051980,,,0,,
20260701,474610,,,0,,
20260701,338220,,,0,,
20260701,027710,,,0,,
20260701,014580,,,0,,
20260701,005800,,,0,,
20260701,080420,,,0,,
20260701,056090,146.0,,1,,
20260701,310200,,,0,,
20260701,051160,,,0,,
20260701,235980,,,0,,
20260701,115500,,,0,,
20260701,125210,691.0,1.0,1,,
20260701,011810,,,0,,
20260701,016710,,,0,,
20260701,475580,,,0,,
20260701,120030,,,0,,
20260701,227840,,,0,,
20260701,054050,,,0,,
20260701,018120,,,0,,
20260701,333430,,,0,,
20260701,205500,,,0,,
20260701,013570,,,0,,
20260701,413630,124.0,,1,,
20260701,101170,,,0,,
20260701,336680,,,0,,
20260701,014530,,,0,,
20260701,012800,,,0,,
20260701,006620,,,0,,
20260701,083420,,,0,,
20260701,036010,722.0,,1,,
20260701,049520,,,0,,
20260701,059120,,,0,,
20260701,002450,,,0,,
20260701,047770,,,0,,
20260701,063570,419.0,1.0,1,,
20260701,073560,,,0,,
20260701,041520,,,0,,
20260701,158430,,,0,,
20260701,039340,,,0,,
20260701,053700,,,0,,
20260701,013310,,,0,,
20260701,228850,1046.0,2.0,1,,
20260701,052260,,,0,,
20260701,016740,,,0,,
20260701,021080,,,0,,
20260701,246710,,,0,,
20260701,035080,,,0,,
20260701,264900,,,0,,
20260701,002620,,,0,,
20260701,067290,,,0,,
20260701,023450,,,0,,
20260701,123690,,,0,,
20260701,267850,,,0,,
20260701,131030,,,0,,
20260701,156100,,,0,,
20260701,021820,,,0,,
20260701,014790,1081.0,3.0,1,,
20260701,205100,,,0,,
20260701,149980,,,0,,
20260701,010960,,,0,,
20260701,001260,,,0,,
20260701,123040,,,0,,
20260701,321370,,,0,,
20260701,066430,,,0,,
20260701,002390,,,0,,
20260701,119650,,,0,,
20260701,027970,,,0,,
20260701,282720,74.0,1.0,1,,
20260701,054540,,,0,,
20260701,059210,613.0,,1,,
20260701,0011A0,870.0,,1,,
20260701,040300,,,0,,
20260701,092040,,,0,,
20260701,309960,,,0,,
20260702,000080,1365.0,5.0,1,1365.0,
20260702,000100,1853.0,13.0,1,1853.0,
20260702,000120,11461.0,12.0,1,11461.0,
20260702,000150,21907.0,11.0,1,21907.0,
20260702,000210,10121.0,2.0,1,10121.0,
20260702,000240,4438.0,1.0,1,4438.0,
20260702,000270,21347.0,24.0,1,21347.0,
20260702,000370,2152.0,7.0,1,2152.0,
20260702,000640,12219.0,3.0,1,12219.0,
20260702,000660,311405.0,24.0,1,311405.0,
20260702,000720,4824.0,21.0,1,4824.0,
20260702,0007C0,199.0,,1,199.0,
20260702,000810,44510.0,17.0,1,44510.0,
20260702,000880,9749.0,10.0,1,9749.0,
20260702,0008Z0,2119.0,1.0,1,2119.0,
20260702,000990,8377.0,2.0,1,8377.0,
20260702,001040,10704.0,9.0,1,10704.0,
20260702,001120,7859.0,7.0,1,7859.0,
20260702,0011A0,870.0,,1,870.0,
20260702,001230,179.0,1.0,1,179.0,
20260702,001250,246.0,1.0,1,246.0,
20260702,001340,229.0,1.0,1,229.0,
20260702,001430,2440.0,10.0,1,2440.0,
20260702,001440,533.0,6.0,1,533.0,
20260702,001450,7857.0,17.0,1,7857.0,
20260702,001530,657.0,1.0,1,657.0,
20260702,001680,2694.0,2.0,1,2694.0,
20260702,001740,395.0,4.0,1,395.0,
20260702,001940,988.0,1.0,1,988.0,
20260702,002020,4976.0,1.0,1,4976.0,
20260702,002320,775.0,1.0,1,775.0,
20260702,002350,1533.0,13.0,1,1533.0,
20260702,002380,180664.0,4.0,1,180664.0,
20260702,002990,1469.0,2.0,1,1469.0,
20260702,003030,22926.0,2.0,1,22926.0,
20260702,003070,2293.0,1.0,1,2293.0,
20260702,003160,1424.0,2.0,1,1424.0,
20260702,003220,709.0,5.0,1,709.0,
20260702,003230,73673.0,14.0,1,73673.0,
20260702,003490,460.0,13.0,1,460.0,
20260702,003540,3991.0,2.0,1,3991.0,
20260702,003550,7501.0,11.0,1,7501.0,
20260702,003570,2734.0,1.0,1,2734.0,
20260702,003670,237.0,16.0,1,237.0,
20260702,003850,772.0,1.0,1,772.0,
20260702,004000,7089.0,6.0,1,7089.0,
20260702,004020,1443.0,16.0,1,1443.0,
20260702,004170,39329.0,18.0,1,39329.0,
20260702,004370,31456.0,11.0,1,31456.0,
20260702,004690,37548.0,1.0,1,37548.0,
20260702,004800,19832.0,2.0,1,19832.0,
20260702,004990,875.0,4.0,1,875.0,
20260702,005070,221.0,3.0,1,221.0,
20260702,005090,1945.0,3.0,1,1945.0,
20260702,005180,8570.0,,1,8570.0,
20260702,005300,10572.0,10.0,1,10572.0,
20260702,005380,39442.0,26.0,1,39442.0,
20260702,005440,1835.0,4.0,1,1835.0,
20260702,005490,23267.0,17.0,1,23267.0,
20260702,005500,1719.0,1.0,1,1719.0,
20260702,005690,914.0,3.0,1,914.0,
20260702,005810,7096.0,2.0,1,7096.0,
20260702,005830,23285.0,16.0,1,23285.0,
20260702,005850,8293.0,7.0,1,8293.0,
20260702,005880,489.0,5.0,1,489.0,
20260702,005930,45534.0,24.0,1,45534.0,
20260702,005940,4106.0,18.0,1,4106.0,
20260702,006040,7733.0,4.0,1,7733.0,
20260702,006110,159.0,,1,159.0,
20260702,006260,18503.0,11.0,1,18503.0,
20260702,006280,6833.0,12.0,1,6833.0,
20260702,006360,2710.0,18.0,1,2710.0,
20260702,006400,4160.0,23.0,1,4160.0,
20260702,006650,18482.0,6.0,1,18482.0,
20260702,006730,680.0,5.0,1,680.0,
20260702,006800,4209.0,17.0,1,4209.0,
20260702,007070,2458.0,12.0,1,2458.0,
20260702,007340,5355.0,2.0,1,5355.0,
20260702,007660,3564.0,12.0,1,3564.0,
20260702,007690,4568.0,1.0,1,4568.0,
20260702,007810,4392.0,3.0,1,4392.0,
20260702,008730,516.0,,1,516.0,
20260702,008770,2429.0,12.0,1,2429.0,
20260702,009150,16646.0,20.0,1,16646.0,
20260702,009240,1117.0,6.0,1,1117.0,
20260702,009420,4.0,8.0,1,4.0,
20260702,009450,11851.0,2.0,1,11851.0,
20260702,009540,49538.0,14.0,1,49538.0,
20260702,009830,2065.0,12.0,1,2065.0,
20260702,009900,1534.0,1.0,1,1534.0,
20260702,010060,11597.0,8.0,1,11597.0,
20260702,010120,3379.0,13.0,1,3379.0,
20260702,010130,63362.0,5.0,1,63362.0,
20260702,010140,1205.0,20.0,1,1205.0,
20260702,010690,2520.0,1.0,1,2520.0,
20260702,010780,4901.0,5.0,1,4901.0,
20260702,010950,20730.0,16.0,1,20730.0,
20260702,011070,34729.0,21.0,1,34729.0,
20260702,011200,1409.0,13.0,1,1409.0,
20260702,011210,5763.0,10.0,1,5763.0,
20260702,011560,4249.0,1.0,1,4249.0,
20260702,011760,7597.0,4.0,1,7597.0,
20260702,011780,14335.0,13.0,1,14335.0,
20260702,011930,735.0,1.0,1,735.0,
20260702,012210,353.0,,1,353.0,
20260702,012330,45515.0,25.0,1,45515.0,
20260702,012450,41533.0,19.0,1,41533.0,
20260702,012630,3783.0,1.0,1,3783.0,
20260702,0126Z0,10437.0,3.0,1,10437.0,
20260702,012750,4175.0,4.0,1,4175.0,
20260702,013030,4320.0,1.0,1,4320.0,
20260702,013120,286.0,1.0,1,286.0,
20260702,013580,11757.0,1.0,1,11757.0,
20260702,014620,1767.0,3.0,1,1767.0,
20260702,014680,15370.0,10.0,1,15370.0,
20260702,014790,1081.0,3.0,1,1081.0,
20260702,014830,13163.0,7.0,1,13163.0,
20260702,015760,8589.0,16.0,1,8589.0,
20260702,016360,18101.0,18.0,1,18101.0,
20260702,016380,1477.0,2.0,1,1477.0,
20260702,016580,1108.0,1.0,1,1108.0,
20260702,017670,5671.0,18.0,1,5671.0,
20260702,017800,5129.0,1.0,1,5129.0,
20260702,017810,1078.0,1.0,1,1078.0,
20260702,017940,31166.0,1.0,1,31166.0,
20260702,017960,2230.0,3.0,1,2230.0,
20260702,018250,625.0,,1,625.0,
20260702,018260,9127.0,10.0,1,9127.0,
20260702,018290,1345.0,1.0,1,1345.0,
20260702,018670,54884.0,5.0,1,54884.0,
20260702,018880,236.0,16.0,1,236.0,
20260702,020000,3753.0,6.0,1,3753.0,
20260702,021240,9921.0,4.0,1,9921.0,
20260702,021320,1869.0,1.0,1,1869.0,
20260702,023160,2057.0,4.0,1,2057.0,
20260702,023530,13247.0,15.0,1,13247.0,
20260702,024110,3517.0,14.0,1,3517.0,
20260702,025320,105.0,,1,105.0,
20260702,025540,11854.0,1.0,1,11854.0,
20260702,027410,648.0,1.0,1,648.0,
20260702,028050,3594.0,19.0,1,3594.0,
20260702,028260,16073.0,13.0,1,16073.0,
20260702,028670,717.0,14.0,1,717.0,
20260702,029780,5576.0,3.0,1,5576.0,
20260702,030000,1952.0,12.0,1,1952.0,
20260702,030190,1584.0,1.0,1,1584.0,
20260702,030200,5675.0,17.0,1,5675.0,
20260702,030520,1747.0,3.0,1,1747.0,
20260702,031430,1555.0,7.0,1,1555.0,
20260702,031980,6231.0,4.0,1,6231.0,
20260702,032350,972.0,13.0,1,972.0,
20260702,032500,48.0,1.0,1,48.0,
20260702,032640,1689.0,16.0,1,1689.0,
20260702,032830,14242.0,14.0,1,14242.0,
20260702,033240,3878.0,1.0,1,3878.0,
20260702,033270,2786.0,2.0,1,2786.0,
20260702,033500,2367.0,2.0,1,2367.0,
20260702,033530,2567.0,,1,2567.0,
20260702,033640,230.0,1.0,1,230.0,
20260702,033780,11860.0,13.0,1,11860.0,
20260702,034020,457.0,16.0,1,457.0,
20260702,034120,497.0,5.0,1,497.0,
20260702,034220,654.0,8.0,1,654.0,
20260702,034230,1038.0,13.0,1,1038.0,
20260702,034730,124447.0,13.0,1,124447.0,
20260702,035150,2381.0,1.0,1,2381.0,
20260702,035250,1380.0,10.0,1,1380.0,
20260702,035420,12288.0,22.0,1,12288.0,
20260702,035600,2141.0,2.0,1,2141.0,
20260702,035720,1548.0,18.0,1,1548.0,
20260702,035760,2425.0,11.0,1,2425.0,
20260702,035900,3863.0,17.0,1,3863.0,
20260702,036010,722.0,,1,722.0,
20260702,036200,848.0,1.0,1,848.0,
20260702,036460,10764.0,8.0,1,10764.0,
20260702,036530,8710.0,1.0,1,8710.0,
20260702,036540,68.0,2.0,1,68.0,
20260702,036570,21282.0,19.0,1,21282.0,
20260702,036620,521.0,2.0,1,521.0,
20260702,036800,5290.0,2.0,1,5290.0,
20260702,036810,423.0,1.0,1,423.0,
20260702,036890,1589.0,,1,1589.0,
20260702,036930,1255.0,2.0,1,1255.0,
20260702,037030,915.0,,1,915.0,
20260702,037560,256.0,3.0,1,256.0,
20260702,039030,9787.0,4.0,1,9787.0,
20260702,039130,3562.0,6.0,1,3562.0,
20260702,039200,836.0,1.0,1,836.0,
20260702,039440,4901.0,1.0,1,4901.0,
20260702,039490,60535.0,17.0,1,60535.0,
20260702,039570,1271.0,1.0,1,1271.0,
20260702,039830,3396.0,,1,3396.0,
20260702,039840,1689.0,2.0,1,1689.0,
20260702,041510,5998.0,19.0,1,5998.0,
20260702,041830,3328.0,2.0,1,3328.0,
20260702,041920,1048.0,1.0,1,1048.0,
20260702,042000,1632.0,1.0,1,1632.0,
20260702,042520,1085.0,1.0,1,1085.0,
20260702,042660,5048.0,19.0,1,5048.0,
20260702,042700,3539.0,1.0,1,3539.0,
20260702,043150,3277.0,4.0,1,3277.0,
20260702,043260,4882.0,2.0,1,4882.0,
20260702,044490,1404.0,1.0,1,1404.0,
20260702,046440,889.0,1.0,1,889.0,
20260702,047040,1017.0,11.0,1,1017.0,
20260702,047050,4994.0,14.0,1,4994.0,
20260702,047810,3517.0,17.0,1,3517.0,
20260702,049070,1664.0,1.0,1,1664.0,
20260702,050890,695.0,3.0,1,695.0,
20260702,051370,1132.0,2.0,1,1132.0,
20260702,051500,5119.0,6.0,1,5119.0,
20260702,051600,3517.0,12.0,1,3517.0,
20260702,051900,10830.0,13.0,1,10830.0,
20260702,052400,7251.0,1.0,1,7251.0,
20260702,052690,1691.0,12.0,1,1691.0,
20260702,052710,538.0,2.0,1,538.0,
20260702,053210,462.0,6.0,1,462.0,
20260702,053610,6572.0,,1,6572.0,
20260702,053690,2099.0,2.0,1,2099.0,
20260702,054450,1061.0,1.0,1,1061.0,
20260702,054950,2807.0,5.0,1,2807.0,
20260702,055550,11701.0,18.0,1,11701.0,
20260702,056090,146.0,,1,146.0,
20260702,056190,2333.0,2.0,1,2333.0,
20260702,058430,467.0,1.0,1,467.0,
20260702,058470,2450.0,7.0,1,2450.0,
20260702,058610,803.0,1.0,1,803.0,
20260702,058650,19337.0,1.0,1,19337.0,
20260702,058970,146.0,1.0,1,146.0,
20260702,059210,613.0,,1,613.0,
20260702,060250,1400.0,5.0,1,1400.0,
20260702,060370,454.0,1.0,1,454.0,
20260702,060720,956.0,4.0,1,956.0,
20260702,060980,6070.0,3.0,1,6070.0,
20260702,061090,4257.0,1.0,1,4257.0,
20260702,062040,6813.0,8.0,1,6813.0,
20260702,063570,419.0,1.0,1,419.0,
20260702,064290,511.0,2.0,1,511.0,
20260702,064350,8546.0,19.0,1,8546.0,
20260702,064400,5039.0,10.0,1,5039.0,
20260702,064760,9842.0,4.0,1,9842.0,
20260702,064850,2209.0,,1,2209.0,
20260702,064960,3780.0,5.0,1,3780.0,
20260702,066570,10855.0,20.0,1,10855.0,
20260702,066980,21.0,,1,21.0,
20260702,067160,8294.0,7.0,1,8294.0,
20260702,067310,2437.0,4.0,1,2437.0,
20260702,068270,6191.0,20.0,1,6191.0,
20260702,068930,1012.0,1.0,1,1012.0,
20260702,069080,1078.0,2.0,1,1078.0,
20260702,069260,1799.0,2.0,1,1799.0,
20260702,069620,14959.0,10.0,1,14959.0,
20260702,069960,12523.0,16.0,1,12523.0,
20260702,070960,104.0,1.0,1,104.0,
20260702,071050,44511.0,16.0,1,44511.0,
20260702,071320,20089.0,2.0,1,20089.0,
20260702,071970,4255.0,6.0,1,4255.0,
20260702,073240,1364.0,9.0,1,1364.0,
20260702,073490,2098.0,1.0,1,2098.0,
20260702,074600,2440.0,2.0,1,2440.0,
20260702,075580,1004.0,1.0,1,1004.0,
20260702,077360,341.0,2.0,1,341.0,
20260702,077970,2030.0,3.0,1,2030.0,
20260702,078340,2238.0,6.0,1,2238.0,
20260702,078600,1078.0,2.0,1,1078.0,
20260702,078930,16116.0,5.0,1,16116.0,
20260702,079430,412.0,3.0,1,412.0,
20260702,079550,16467.0,18.0,1,16467.0,
20260702,079900,2285.0,2.0,1,2285.0,
20260702,080160,757.0,1.0,1,757.0,
20260702,080220,,,0,,
20260702,080580,1002.0,1.0,1,1002.0,
20260702,081660,5029.0,9.0,1,5029.0,
20260702,082740,2449.0,8.0,1,2449.0,
20260702,082920,1718.0,3.0,1,1718.0,
20260702,083450,3288.0,,1,3288.0,
20260702,083500,1669.0,3.0,1,1669.0,
20260702,083650,2705.0,3.0,1,2705.0,
20260702,084010,524.0,2.0,1,524.0,
20260702,084370,4060.0,3.0,1,4060.0,
20260702,084850,185.0,,1,185.0,
20260702,085910,819.0,1.0,1,819.0,
20260702,086280,22929.0,17.0,1,22929.0,
20260702,086390,961.0,2.0,1,961.0,
20260702,086450,1974.0,2.0,1,1974.0,
20260702,086790,16021.0,19.0,1,16021.0,
20260702,086900,3553.0,2.0,1,3553.0,
20260702,088350,950.0,12.0,1,950.0,
20260702,088980,710.0,2.0,1,710.0,
20260702,089010,2018.0,2.0,1,2018.0,
20260702,089030,1927.0,,1,1927.0,
20260702,089600,1573.0,3.0,1,1573.0,
20260702,089860,4141.0,9.0,1,4141.0,
20260702,089970,3229.0,4.0,1,3229.0,
20260702,089980,475.0,1.0,1,475.0,
20260702,090430,5087.0,17.0,1,5087.0,
20260702,090460,2825.0,11.0,1,2825.0,
20260702,091580,1399.0,1.0,1,1399.0,
20260702,091700,678.0,2.0,1,678.0,
20260702,092130,1146.0,1.0,1,1146.0,
20260702,092730,1757.0,1.0,1,1757.0,
20260702,092870,1383.0,,1,1383.0,
20260702,093370,206.0,1.0,1,206.0,
20260702,093520,2120.0,1.0,1,2120.0,
20260702,094170,478.0,,1,478.0,
20260702,094360,452.0,2.0,1,452.0,
20260702,094840,1570.0,,1,1570.0,
20260702,095340,4267.0,8.0,1,4267.0,
20260702,095570,501.0,3.0,1,501.0,
20260702,095610,5098.0,7.0,1,5098.0,
20260702,095660,1982.0,12.0,1,1982.0,
20260702,096530,1739.0,2.0,1,1739.0,
20260702,096770,10602.0,12.0,1,10602.0,
20260702,097230,1750.0,1.0,1,1750.0,
20260702,097520,2583.0,5.0,1,2583.0,
20260702,097950,23982.0,11.0,1,23982.0,
20260702,098070,3201.0,,1,3201.0,
20260702,098460,688.0,6.0,1,688.0,
20260702,099190,103.0,2.0,1,103.0,
20260702,099320,1540.0,3.0,1,1540.0,
20260702,099430,448.0,1.0,1,448.0,
20260702,100090,721.0,6.0,1,721.0,
20260702,100120,3562.0,3.0,1,3562.0,
20260702,100840,4927.0,2.0,1,4927.0,
20260702,102710,4140.0,2.0,1,4140.0,
20260702,103140,8927.0,12.0,1,8927.0,
20260702,103590,3177.0,4.0,1,3177.0,
20260702,104700,219.0,1.0,1,219.0,
20260702,104830,4878.0,2.0,1,4878.0,
20260702,105560,17790.0,19.0,1,17790.0,
20260702,105630,1364.0,9.0,1,1364.0,
20260702,105840,797.0,1.0,1,797.0,
20260702,107640,631.0,1.0,1,631.0,
20260702,108320,3935.0,1.0,1,3935.0,
20260702,108380,2921.0,2.0,1,2921.0,
20260702,108490,443.0,6.0,1,443.0,
20260702,108670,6614.0,5.0,1,6614.0,
20260702,111770,13181.0,9.0,1,13181.0,
20260702,112040,1355.0,1.0,1,1355.0,
20260702,112610,4315.0,9.0,1,4315.0,
20260702,114090,969.0,12.0,1,969.0,
20260702,114810,1486.0,2.0,1,1486.0,
20260702,114840,1438.0,1.0,1,1438.0,
20260702,119610,1895.0,1.0,1,1895.0,
20260702,120110,5939.0,5.0,1,5939.0,
20260702,121600,735.0,1.0,1,735.0,
20260702,122450,739.0,,1,739.0,
20260702,122640,998.0,2.0,1,998.0,
20260702,122870,3030.0,19.0,1,3030.0,
20260702,122900,1256.0,1.0,1,1256.0,
20260702,123330,2654.0,,1,2654.0,
20260702,125210,691.0,1.0,1,691.0,
20260702,125490,237.0,2.0,1,237.0,
20260702,126340,1585.0,1.0,1,1585.0,
20260702,126700,1780.0,,1,1780.0,
20260702,126720,3850.0,1.0,1,3850.0,
20260702,128940,14650.0,15.0,1,14650.0,
20260702,131290,10794.0,2.0,1,10794.0,
20260702,131970,2213.0,7.0,1,2213.0,
20260702,138040,14331.0,5.0,1,14331.0,
20260702,138080,480.0,1.0,1,480.0,
20260702,138930,2766.0,17.0,1,2766.0,
20260702,139130,3092.0,17.0,1,3092.0,
20260702,139480,6372.0,10.0,1,6372.0,
20260702,140860,7481.0,7.0,1,7481.0,
20260702,142210,2496.0,,1,2496.0,
20260702,145020,14224.0,13.0,1,14224.0,
20260702,145720,7151.0,5.0,1,7151.0,
20260702,148150,287.0,1.0,1,287.0,
20260702,149950,827.0,1.0,1,827.0,
20260702,161390,10657.0,15.0,1,10657.0,
20260702,161890,7259.0,19.0,1,7259.0,
20260702,163730,481.0,,1,481.0,
20260702,166090,4050.0,1.0,1,4050.0,
20260702,170920,2262.0,1.0,1,2262.0,
20260702,171090,8486.0,3.0,1,8486.0,
20260702,175330,3949.0,17.0,1,3949.0,
20260702,178320,994.0,2.0,1,994.0,
20260702,178920,1755.0,4.0,1,1755.0,
20260702,181710,3324.0,10.0,1,3324.0,
20260702,183190,1074.0,2.0,1,1074.0,
20260702,183300,3173.0,2.0,1,3173.0,
20260702,185750,4564.0,5.0,1,4564.0,
20260702,187790,248.0,,1,248.0,
20260702,189300,3597.0,6.0,1,3597.0,
20260702,190510,1079.0,,1,1079.0,
20260702,192080,9198.0,13.0,1,9198.0,
20260702,192400,4330.0,1.0,1,4330.0,
20260702,192650,180.0,3.0,1,180.0,
20260702,192820,12914.0,19.0,1,12914.0,
20260702,194370,3753.0,1.0,1,3753.0,
20260702,195870,4189.0,8.0,1,4189.0,
20260702,195940,3296.0,13.0,1,3296.0,
20260702,196170,5144.0,3.0,1,5144.0,
20260702,200670,3939.0,2.0,1,3939.0,
20260702,200710,1549.0,2.0,1,1549.0,
20260702,204270,997.0,1.0,1,997.0,
20260702,204320,4107.0,19.0,1,4107.0,
20260702,204610,259.0,,1,259.0,
20260702,207940,42235.0,20.0,1,42235.0,
20260702,211050,1744.0,1.0,1,1744.0,
20260702,213420,3084.0,7.0,1,3084.0,
20260702,213500,1311.0,2.0,1,1311.0,
20260702,214150,2717.0,16.0,1,2717.0,
20260702,214180,3075.0,2.0,1,3075.0,
20260702,214320,2816.0,9.0,1,2816.0,
20260702,214420,665.0,1.0,1,665.0,
20260702,214430,2600.0,,1,2600.0,
20260702,214450,18546.0,14.0,1,18546.0,
20260702,215000,8366.0,2.0,1,8366.0,
20260702,215200,8992.0,1.0,1,8992.0,
20260702,217590,249.0,,1,249.0,
20260702,218410,1665.0,5.0,1,1665.0,
20260702,219130,2930.0,,1,2930.0,
20260702,222040,841.0,1.0,1,841.0,
20260702,222800,3673.0,8.0,1,3673.0,
20260702,228850,1046.0,2.0,1,1046.0,
20260702,229640,1704.0,7.0,1,1704.0,
20260702,230240,1142.0,2.0,1,1142.0,
20260702,232140,423.0,4.0,1,423.0,
20260702,234080,1730.0,1.0,1,1730.0,
20260702,234340,1553.0,2.0,1,1553.0,
20260702,236200,5661.0,1.0,1,5661.0,
20260702,237690,3298.0,14.0,1,3298.0,
20260702,237880,1151.0,2.0,1,1151.0,
20260702,240810,3519.0,5.0,1,3519.0,
20260702,241560,5362.0,7.0,1,5362.0,
20260702,241590,407.0,4.0,1,407.0,
20260702,241710,6490.0,10.0,1,6490.0,
20260702,243840,304.0,2.0,1,304.0,
20260702,244920,,1.0,0,,
20260702,247540,374.0,18.0,1,374.0,
20260702,248070,1022.0,5.0,1,1022.0,
20260702,251270,4576.0,14.0,1,4576.0,
20260702,251970,3522.0,3.0,1,3522.0,
20260702,252990,531.0,,1,531.0,
20260702,253450,1198.0,12.0,1,1198.0,
20260702,257720,3334.0,6.0,1,3334.0,
20260702,259630,1781.0,,1,1781.0,
20260702,259960,23932.0,19.0,1,23932.0,
20260702,263750,5749.0,9.0,1,5749.0,
20260702,263860,1267.0,,1,1267.0,
20260702,264660,1708.0,,1,1708.0,
20260702,267250,30580.0,5.0,1,30580.0,
20260702,267260,27090.0,14.0,1,27090.0,
20260702,267270,10784.0,6.0,1,10784.0,
20260702,271560,12240.0,12.0,1,12240.0,
20260702,272210,1212.0,15.0,1,1212.0,
20260702,272290,2960.0,2.0,1,2960.0,
20260702,277810,773.0,1.0,1,773.0,
20260702,278470,14349.0,18.0,1,14349.0,
20260702,279570,313.0,2.0,1,313.0,
20260702,280360,12454.0,10.0,1,12454.0,
20260702,281820,6467.0,1.0,1,6467.0,
20260702,282330,12887.0,14.0,1,12887.0,
20260702,282720,74.0,1.0,1,74.0,
20260702,282880,1334.0,1.0,1,1334.0,
20260702,285130,7693.0,2.0,1,7693.0,
20260702,286940,1619.0,3.0,1,1619.0,
20260702,290550,1537.0,1.0,1,1537.0,
20260702,290650,1128.0,,1,1128.0,
20260702,293480,1232.0,1.0,1,1232.0,
20260702,294570,2140.0,,1,2140.0,
20260702,294870,5420.0,12.0,1,5420.0,
20260702,295310,1216.0,1.0,1,1216.0,
20260702,297090,568.0,1.0,1,568.0,
20260702,298020,45341.0,5.0,1,45341.0,
20260702,298040,84457.0,13.0,1,84457.0,
20260702,298050,13482.0,5.0,1,13482.0,
20260702,299030,1226.0,,1,1226.0,
20260702,300720,952.0,2.0,1,952.0,
20260702,306200,19039.0,5.0,1,19039.0,
20260702,307950,7603.0,15.0,1,7603.0,
20260702,316140,4297.0,20.0,1,4297.0,
20260702,317400,1448.0,1.0,1,1448.0,
20260702,319400,153.0,,1,153.0,
20260702,319660,5265.0,6.0,1,5265.0,
20260702,322000,8134.0,2.0,1,8134.0,
20260702,322310,427.0,1.0,1,427.0,
20260702,323410,1262.0,12.0,1,1262.0,
20260702,326030,4370.0,12.0,1,4370.0,
20260702,327260,1379.0,2.0,1,1379.0,
20260702,329180,28949.0,21.0,1,28949.0,
20260702,330860,1428.0,2.0,1,1428.0,
20260702,336370,1326.0,3.0,1,1326.0,
20260702,336570,545.0,2.0,1,545.0,
20260702,339770,489.0,2.0,1,489.0,
20260702,340450,260.0,,1,260.0,
20260702,340570,6385.0,4.0,1,6385.0,
20260702,347700,99.0,1.0,1,99.0,
20260702,348210,1448.0,4.0,1,1448.0,
20260702,352480,1343.0,,1,1343.0,
20260702,352820,4660.0,20.0,1,4660.0,
20260702,353200,3875.0,13.0,1,3875.0,
20260702,353810,1251.0,1.0,1,1251.0,
20260702,354320,1200.0,1.0,1,1200.0,
20260702,355150,981.0,,1,981.0,
20260702,356860,3847.0,8.0,1,3847.0,
20260702,357780,19332.0,9.0,1,19332.0,
20260702,361390,229.0,1.0,1,229.0,
20260702,375500,9861.0,18.0,1,9861.0,
20260702,376270,1737.0,1.0,1,1737.0,
20260702,376300,1754.0,14.0,1,1754.0,
20260702,377300,849.0,6.0,1,849.0,
20260702,381970,1068.0,4.0,1,1068.0,
20260702,382800,754.0,,1,754.0,
20260702,383220,12775.0,10.0,1,12775.0,
20260702,383310,1335.0,1.0,1,1335.0,
20260702,383800,1955.0,2.0,1,1955.0,
20260702,388050,540.0,,1,540.0,
20260702,388210,6513.0,3.0,1,6513.0,
20260702,402340,297937.0,6.0,1,297937.0,
20260702,403550,83.0,1.0,1,83.0,
20260702,403870,1435.0,5.0,1,1435.0,
20260702,405100,773.0,1.0,1,773.0,
20260702,413630,124.0,,1,124.0,
20260702,415640,,,0,,
20260702,417840,1231.0,1.0,1,1231.0,
20260702,419530,2734.0,2.0,1,2734.0,
20260702,420770,959.0,2.0,1,959.0,
20260702,425040,,,0,,
20260702,425420,2620.0,,1,2620.0,
20260702,439260,7903.0,5.0,1,7903.0,
20260702,440110,917.0,1.0,1,917.0,
20260702,441270,610.0,,1,610.0,
20260702,443060,8104.0,10.0,1,8104.0,
20260702,445090,174.0,,1,174.0,
20260702,450950,245.0,2.0,1,245.0,
20260702,451760,457.0,1.0,1,457.0,
20260702,452430,419.0,1.0,1,419.0,
20260702,453340,3489.0,3.0,1,3489.0,
20260702,453450,768.0,,1,768.0,
20260702,454910,108.0,1.0,1,108.0,
20260702,456010,441.0,1.0,1,441.0,
20260702,456040,13326.0,3.0,1,13326.0,
20260702,458870,1542.0,5.0,1,1542.0,
20260702,460860,742.0,4.0,1,742.0,
20260702,462870,2135.0,11.0,1,2135.0,
20260702,473980,1425.0,1.0,1,1425.0,
20260702,474170,87.0,1.0,1,87.0,
20260702,475150,874.0,2.0,1,874.0,
20260702,475430,560.0,,1,560.0,
20260702,475960,37.0,1.0,1,37.0,
20260702,476060,550.0,1.0,1,550.0,
20260702,482630,1028.0,2.0,1,1028.0,
20260702,483650,10297.0,11.0,1,10297.0,
20260702,484590,789.0,,1,789.0,
20260702,488280,144.0,,1,144.0,
20260702,489500,1479.0,,1,1479.0,
20260702,489790,2811.0,3.0,1,2811.0,
20260702,499790,2735.0,6.0,1,2735.0,
20260703,000080,1365.0,5.0,1,1365.0,
20260703,000100,1853.0,13.0,1,1853.0,
20260703,000120,11461.0,12.0,1,11461.0,
20260703,000150,21907.0,11.0,1,21907.0,
20260703,000210,10121.0,2.0,1,10121.0,
20260703,000240,4438.0,1.0,1,4438.0,
20260703,000270,21347.0,24.0,1,21347.0,
20260703,000370,2152.0,7.0,1,2152.0,
20260703,000640,12219.0,3.0,1,12219.0,
20260703,000660,312671.0,24.0,1,312671.0,
20260703,000720,4804.0,22.0,1,4804.0,
20260703,0007C0,199.0,,1,199.0,
20260703,000810,44510.0,17.0,1,44510.0,
20260703,000880,9749.0,10.0,1,9749.0,
20260703,0008Z0,2119.0,1.0,1,2119.0,
20260703,000990,8377.0,2.0,1,8377.0,
20260703,001040,10704.0,9.0,1,10704.0,
20260703,001120,7859.0,7.0,1,7859.0,
20260703,0011A0,870.0,,1,870.0,
20260703,001230,179.0,1.0,1,179.0,
20260703,001250,246.0,1.0,1,246.0,
20260703,001340,229.0,1.0,1,229.0,
20260703,001430,2440.0,10.0,1,2440.0,
20260703,001440,523.0,5.0,1,523.0,
20260703,001450,7857.0,17.0,1,7857.0,
20260703,001530,657.0,1.0,1,657.0,
20260703,001680,2694.0,2.0,1,2694.0,
20260703,001740,395.0,4.0,1,395.0,
20260703,001940,988.0,1.0,1,988.0,
20260703,002020,4976.0,1.0,1,4976.0,
20260703,002320,775.0,1.0,1,775.0,
20260703,002350,1533.0,13.0,1,1533.0,
20260703,002380,180664.0,4.0,1,180664.0,
20260703,002990,1469.0,2.0,1,1469.0,
20260703,003030,22926.0,2.0,1,22926.0,
20260703,003070,2293.0,1.0,1,2293.0,
20260703,003160,1424.0,2.0,1,1424.0,
20260703,003220,709.0,5.0,1,709.0,
20260703,003230,73694.0,14.0,1,73694.0,
20260703,003490,592.0,13.0,1,592.0,
20260703,003540,3991.0,2.0,1,3991.0,
20260703,003550,7501.0,11.0,1,7501.0,
20260703,003570,2734.0,1.0,1,2734.0,
20260703,003670,237.0,16.0,1,237.0,
20260703,003850,772.0,1.0,1,772.0,
20260703,004000,7089.0,6.0,1,7089.0,
20260703,004020,1443.0,16.0,1,1443.0,
20260703,004170,39496.0,18.0,1,39496.0,
20260703,004370,31420.0,11.0,1,31420.0,
20260703,004690,37548.0,1.0,1,37548.0,
20260703,004800,19832.0,2.0,1,19832.0,
20260703,004990,875.0,4.0,1,875.0,
20260703,005070,221.0,3.0,1,221.0,
20260703,005090,1945.0,3.0,1,1945.0,
20260703,005180,8570.0,,1,8570.0,
20260703,005300,10572.0,10.0,1,10572.0,
20260703,005380,39442.0,26.0,1,39442.0,
20260703,005440,1835.0,4.0,1,1835.0,
20260703,005490,23267.0,17.0,1,23267.0,
20260703,005500,1719.0,1.0,1,1719.0,
20260703,005690,914.0,3.0,1,914.0,
20260703,005810,7096.0,2.0,1,7096.0,
20260703,005830,23285.0,16.0,1,23285.0,
20260703,005850,8293.0,7.0,1,8293.0,
20260703,005880,489.0,5.0,1,489.0,
20260703,005930,45534.0,24.0,1,45534.0,
20260703,005940,4106.0,18.0,1,4106.0,
20260703,006040,7733.0,4.0,1,7733.0,
20260703,006110,159.0,,1,159.0,
20260703,006260,18773.0,10.0,1,18773.0,
20260703,006280,6833.0,12.0,1,6833.0,
20260703,006360,2701.0,19.0,1,2701.0,
20260703,006400,4160.0,23.0,1,4160.0,
20260703,006650,18482.0,6.0,1,18482.0,
20260703,006730,668.0,5.0,1,668.0,
20260703,006800,4209.0,17.0,1,4209.0,
20260703,007070,2442.0,12.0,1,2442.0,
20260703,007340,5355.0,2.0,1,5355.0,
20260703,007660,3564.0,12.0,1,3564.0,
20260703,007690,4568.0,1.0,1,4568.0,
20260703,007810,4392.0,3.0,1,4392.0,
20260703,008730,516.0,,1,516.0,
20260703,008770,2438.0,12.0,1,2438.0,
20260703,009150,16681.0,20.0,1,16681.0,
20260703,009240,1117.0,6.0,1,1117.0,
20260703,009420,4.0,8.0,1,4.0,
20260703,009450,11851.0,2.0,1,11851.0,
20260703,009540,50066.0,14.0,1,50066.0,
20260703,009830,2065.0,12.0,1,2065.0,
20260703,009900,1534.0,1.0,1,1534.0,
20260703,010060,11597.0,8.0,1,11597.0,
20260703,010120,3379.0,13.0,1,3379.0,
20260703,010130,63362.0,5.0,1,63362.0,
20260703,010140,1205.0,20.0,1,1205.0,
20260703,010690,2520.0,1.0,1,2520.0,
20260703,010780,4901.0,5.0,1,4901.0,
20260703,010950,20730.0,16.0,1,20730.0,
20260703,011070,35242.0,21.0,1,35242.0,
20260703,011200,1409.0,13.0,1,1409.0,
20260703,011210,5763.0,10.0,1,5763.0,
20260703,011560,4622.0,1.0,1,4622.0,
20260703,011760,7597.0,4.0,1,7597.0,
20260703,011780,14335.0,13.0,1,14335.0,
20260703,011930,735.0,1.0,1,735.0,
20260703,012210,353.0,,1,353.0,
20260703,012330,45551.0,25.0,1,45551.0,
20260703,012450,41533.0,19.0,1,41533.0,
20260703,012630,3783.0,1.0,1,3783.0,
20260703,0126Z0,10437.0,3.0,1,10437.0,
20260703,012750,4175.0,4.0,1,4175.0,
20260703,013030,4320.0,1.0,1,4320.0,
20260703,013120,286.0,1.0,1,286.0,
20260703,013580,11757.0,1.0,1,11757.0,
20260703,014620,1767.0,3.0,1,1767.0,
20260703,014680,15370.0,10.0,1,15370.0,
20260703,014790,1081.0,3.0,1,1081.0,
20260703,014830,13163.0,7.0,1,13163.0,
20260703,015760,8949.0,15.0,1,8949.0,
20260703,016360,18101.0,18.0,1,18101.0,
20260703,016380,1383.0,3.0,1,1383.0,
20260703,016580,1108.0,1.0,1,1108.0,
20260703,017670,5671.0,18.0,1,5671.0,
20260703,017800,5129.0,1.0,1,5129.0,
20260703,017810,1078.0,1.0,1,1078.0,
20260703,017940,31166.0,1.0,1,31166.0,
20260703,017960,2230.0,3.0,1,2230.0,
20260703,018250,625.0,,1,625.0,
20260703,018260,9127.0,10.0,1,9127.0,
20260703,018290,1488.0,2.0,1,1488.0,
20260703,018670,54884.0,5.0,1,54884.0,
20260703,018880,236.0,16.0,1,236.0,
20260703,020000,3753.0,6.0,1,3753.0,
20260703,021240,9921.0,4.0,1,9921.0,
20260703,021320,1869.0,1.0,1,1869.0,
20260703,023160,2057.0,4.0,1,2057.0,
20260703,023530,13267.0,15.0,1,13267.0,
20260703,024110,3517.0,14.0,1,3517.0,
20260703,025320,105.0,,1,105.0,
20260703,025540,11854.0,1.0,1,11854.0,
20260703,027410,648.0,1.0,1,648.0,
20260703,028050,3659.0,20.0,1,3659.0,
20260703,028260,16073.0,13.0,1,16073.0,
20260703,028670,717.0,14.0,1,717.0,
20260703,029780,5576.0,3.0,1,5576.0,
20260703,030000,1952.0,12.0,1,1952.0,
20260703,030190,1584.0,1.0,1,1584.0,
20260703,030200,5673.0,17.0,1,5673.0,
20260703,030520,1747.0,3.0,1,1747.0,
20260703,031430,1555.0,7.0,1,1555.0,
20260703,031980,6231.0,4.0,1,6231.0,
20260703,032350,972.0,13.0,1,972.0,
20260703,032500,48.0,1.0,1,48.0,
20260703,032640,1689.0,16.0,1,1689.0,
20260703,032830,14242.0,14.0,1,14242.0,
20260703,033240,3878.0,1.0,1,3878.0,
20260703,033270,2786.0,2.0,1,2786.0,
20260703,033500,2367.0,2.0,1,2367.0,
20260703,033530,,,0,,
20260703,033640,230.0,1.0,1,230.0,
20260703,033780,11860.0,13.0,1,11860.0,
20260703,034020,466.0,15.0,1,466.0,
20260703,034120,497.0,5.0,1,497.0,
20260703,034220,654.0,8.0,1,654.0,
20260703,034230,1038.0,13.0,1,1038.0,
20260703,034730,124447.0,13.0,1,124447.0,
20260703,035150,2381.0,1.0,1,2381.0,
20260703,035250,1380.0,10.0,1,1380.0,
20260703,035420,12278.0,22.0,1,12278.0,
20260703,035600,2141.0,2.0,1,2141.0,
20260703,035720,1548.0,18.0,1,1548.0,
20260703,035760,2425.0,11.0,1,2425.0,
20260703,035900,3855.0,17.0,1,3855.0,
20260703,036010,722.0,,1,722.0,
20260703,036200,848.0,1.0,1,848.0,
20260703,036460,10764.0,8.0,1,10764.0,
20260703,036530,8710.0,1.0,1,8710.0,
20260703,036540,68.0,2.0,1,68.0,
20260703,036570,21346.0,19.0,1,21346.0,
20260703,036620,514.0,2.0,1,514.0,
20260703,036800,5290.0,2.0,1,5290.0,
20260703,036810,423.0,1.0,1,423.0,
20260703,036890,1589.0,,1,1589.0,
20260703,036930,1255.0,2.0,1,1255.0,
20260703,037030,915.0,,1,915.0,
20260703,037560,256.0,3.0,1,256.0,
20260703,039030,10320.0,3.0,1,10320.0,
20260703,039130,3562.0,6.0,1,3562.0,
20260703,039200,836.0,1.0,1,836.0,
20260703,039440,4901.0,1.0,1,4901.0,
20260703,039490,60535.0,17.0,1,60535.0,
20260703,039570,1271.0,1.0,1,1271.0,
20260703,039830,3396.0,,1,3396.0,
20260703,039840,1689.0,2.0,1,1689.0,
20260703,041510,5992.0,19.0,1,5992.0,
20260703,041830,3328.0,2.0,1,3328.0,
20260703,041920,1048.0,1.0,1,1048.0,
20260703,042000,1632.0,1.0,1,1632.0,
20260703,042520,1085.0,1.0,1,1085.0,
20260703,042660,5048.0,19.0,1,5048.0,
20260703,042700,3539.0,1.0,1,3539.0,
20260703,043150,3277.0,4.0,1,3277.0,
20260703,043260,4882.0,2.0,1,4882.0,
20260703,044490,1404.0,1.0,1,1404.0,
20260703,046440,889.0,1.0,1,889.0,
20260703,047040,1017.0,12.0,1,1017.0,
20260703,047050,4994.0,14.0,1,4994.0,
20260703,047810,3517.0,17.0,1,3517.0,
20260703,049070,1664.0,1.0,1,1664.0,
20260703,050890,695.0,3.0,1,695.0,
20260703,051370,1132.0,2.0,1,1132.0,
20260703,051500,5119.0,6.0,1,5119.0,
20260703,051600,3498.0,11.0,1,3498.0,
20260703,051900,11073.0,13.0,1,11073.0,
20260703,052400,7251.0,1.0,1,7251.0,
20260703,052690,1704.0,11.0,1,1704.0,
20260703,052710,536.0,2.0,1,536.0,
20260703,053210,462.0,6.0,1,462.0,
20260703,053610,6572.0,,1,6572.0,
20260703,053690,2099.0,2.0,1,2099.0,
20260703,054450,1061.0,1.0,1,1061.0,
20260703,054950,2807.0,5.0,1,2807.0,
20260703,055550,11752.0,18.0,1,11752.0,
20260703,056090,146.0,,1,146.0,
20260703,056190,2333.0,2.0,1,2333.0,
20260703,058430,467.0,1.0,1,467.0,
20260703,058470,2450.0,7.0,1,2450.0,
20260703,058610,803.0,1.0,1,803.0,
20260703,058650,19337.0,1.0,1,19337.0,
20260703,058970,146.0,1.0,1,146.0,
20260703,059210,613.0,,1,613.0,
20260703,060250,1400.0,5.0,1,1400.0,
20260703,060370,454.0,1.0,1,454.0,
20260703,060720,914.0,3.0,1,914.0,
20260703,060980,6070.0,3.0,1,6070.0,
20260703,061090,4257.0,1.0,1,4257.0,
20260703,062040,6813.0,8.0,1,6813.0,
20260703,063570,419.0,1.0,1,419.0,
20260703,064290,511.0,2.0,1,511.0,
20260703,064350,8718.0,19.0,1,8718.0,
20260703,064400,5039.0,10.0,1,5039.0,
20260703,064760,9842.0,4.0,1,9842.0,
20260703,064850,2209.0,,1,2209.0,
20260703,064960,3780.0,5.0,1,3780.0,
20260703,066570,10855.0,20.0,1,10855.0,
20260703,066980,21.0,,1,21.0,
20260703,067160,8294.0,7.0,1,8294.0,
20260703,067310,2437.0,4.0,1,2437.0,
20260703,068270,6203.0,19.0,1,6203.0,
20260703,068930,1012.0,1.0,1,1012.0,
20260703,069080,1078.0,2.0,1,1078.0,
20260703,069260,1799.0,2.0,1,1799.0,
20260703,069620,14959.0,10.0,1,14959.0,
20260703,069960,12625.0,17.0,1,12625.0,
20260703,070960,104.0,1.0,1,104.0,
20260703,071050,44511.0,16.0,1,44511.0,
20260703,071320,20089.0,2.0,1,20089.0,
20260703,071970,4255.0,6.0,1,4255.0,
20260703,073240,1364.0,9.0,1,1364.0,
20260703,073490,2098.0,1.0,1,2098.0,
20260703,074600,2440.0,2.0,1,2440.0,
20260703,075580,1004.0,1.0,1,1004.0,
20260703,077360,341.0,2.0,1,341.0,
20260703,077970,2030.0,3.0,1,2030.0,
20260703,078340,2238.0,6.0,1,2238.0,
20260703,078600,1078.0,2.0,1,1078.0,
20260703,078930,16591.0,5.0,1,16591.0,
20260703,079430,412.0,3.0,1,412.0,
20260703,079550,16467.0,18.0,1,16467.0,
20260703,079900,2285.0,2.0,1,2285.0,
20260703,080160,757.0,1.0,1,757.0,
20260703,080220,,,0,,
20260703,080580,1002.0,1.0,1,1002.0,
20260703,081660,5029.0,9.0,1,5029.0,
20260703,082740,2449.0,8.0,1,2449.0,
20260703,082920,1718.0,3.0,1,1718.0,
20260703,083450,3288.0,,1,3288.0,
20260703,083500,1669.0,3.0,1,1669.0,
20260703,083650,2705.0,3.0,1,2705.0,
20260703,084010,524.0,2.0,1,524.0,
20260703,084370,4060.0,3.0,1,4060.0,
20260703,084850,185.0,,1,185.0,
20260703,085910,819.0,1.0,1,819.0,
20260703,086280,22929.0,17.0,1,22929.0,
20260703,086390,961.0,2.0,1,961.0,
20260703,086450,1974.0,2.0,1,1974.0,
20260703,086790,16056.0,19.0,1,16056.0,
20260703,086900,3553.0,2.0,1,3553.0,
20260703,088350,950.0,12.0,1,950.0,
20260703,088980,710.0,2.0,1,710.0,
20260703,089010,2018.0,2.0,1,2018.0,
20260703,089030,1927.0,,1,1927.0,
20260703,089600,1573.0,3.0,1,1573.0,
20260703,089860,4145.0,9.0,1,4145.0,
20260703,089970,3229.0,4.0,1,3229.0,
20260703,089980,475.0,1.0,1,475.0,
20260703,090430,5089.0,18.0,1,5089.0,
20260703,090460,2825.0,11.0,1,2825.0,
20260703,091580,1399.0,1.0,1,1399.0,
20260703,091700,678.0,2.0,1,678.0,
20260703,092130,1146.0,1.0,1,1146.0,
20260703,092730,1757.0,1.0,1,1757.0,
20260703,092870,1383.0,,1,1383.0,
20260703,093370,206.0,1.0,1,206.0,
20260703,093520,2120.0,1.0,1,2120.0,
20260703,094170,478.0,,1,478.0,
20260703,094360,452.0,2.0,1,452.0,
20260703,094840,1570.0,,1,1570.0,
20260703,095340,4267.0,8.0,1,4267.0,
20260703,095570,501.0,3.0,1,501.0,
20260703,095610,5098.0,7.0,1,5098.0,
20260703,095660,1982.0,12.0,1,1982.0,
20260703,096530,1739.0,2.0,1,1739.0,
20260703,096770,10602.0,12.0,1,10602.0,
20260703,097230,1750.0,1.0,1,1750.0,
20260703,097520,2511.0,4.0,1,2511.0,
20260703,097950,23786.0,12.0,1,23786.0,
20260703,098070,3201.0,,1,3201.0,
20260703,098460,688.0,6.0,1,688.0,
20260703,099190,103.0,2.0,1,103.0,
20260703,099320,1540.0,3.0,1,1540.0,
20260703,099430,448.0,1.0,1,448.0,
20260703,100090,721.0,6.0,1,721.0,
20260703,100120,3562.0,3.0,1,3562.0,
20260703,100840,4927.0,2.0,1,4927.0,
20260703,102710,4140.0,2.0,1,4140.0,
20260703,103140,8927.0,12.0,1,8927.0,
20260703,103590,3157.0,3.0,1,3157.0,
20260703,104700,219.0,1.0,1,219.0,
20260703,104830,4878.0,2.0,1,4878.0,
20260703,105560,17824.0,19.0,1,17824.0,
20260703,105630,1308.0,9.0,1,1308.0,
20260703,105840,797.0,1.0,1,797.0,
20260703,107640,631.0,1.0,1,631.0,
20260703,108320,3935.0,1.0,1,3935.0,
20260703,108380,2921.0,2.0,1,2921.0,
20260703,108490,408.0,6.0,1,408.0,
20260703,108670,6614.0,5.0,1,6614.0,
20260703,111770,13285.0,9.0,1,13285.0,
20260703,112040,1355.0,1.0,1,1355.0,
20260703,112610,4315.0,9.0,1,4315.0,
20260703,114090,969.0,12.0,1,969.0,
20260703,114810,1486.0,2.0,1,1486.0,
20260703,114840,1438.0,1.0,1,1438.0,
20260703,119610,1895.0,1.0,1,1895.0,
20260703,120110,5939.0,5.0,1,5939.0,
20260703,121600,735.0,1.0,1,735.0,
20260703,122450,739.0,,1,739.0,
20260703,122640,998.0,2.0,1,998.0,
20260703,122870,3020.0,19.0,1,3020.0,
20260703,122900,1256.0,1.0,1,1256.0,
20260703,123330,2654.0,,1,2654.0,
20260703,125210,691.0,1.0,1,691.0,
20260703,125490,219.0,2.0,1,219.0,
20260703,126340,281.0,1.0,1,281.0,
20260703,126700,1780.0,,1,1780.0,
20260703,126720,3850.0,1.0,1,3850.0,
20260703,128940,14650.0,15.0,1,14650.0,
20260703,131290,12087.0,3.0,1,12087.0,
20260703,131970,2213.0,7.0,1,2213.0,
20260703,138040,14331.0,5.0,1,14331.0,
20260703,138080,480.0,1.0,1,480.0,
20260703,138930,2766.0,17.0,1,2766.0,
20260703,139130,3093.0,17.0,1,3093.0,
20260703,139480,6176.0,10.0,1,6176.0,
20260703,140860,7481.0,7.0,1,7481.0,
20260703,142210,2496.0,,1,2496.0,
20260703,145020,14224.0,13.0,1,14224.0,
20260703,145720,7151.0,5.0,1,7151.0,
20260703,148150,287.0,1.0,1,287.0,
20260703,149950,827.0,1.0,1,827.0,
20260703,161390,10657.0,15.0,1,10657.0,
20260703,161890,7259.0,19.0,1,7259.0,
20260703,163730,481.0,,1,481.0,
20260703,166090,4050.0,1.0,1,4050.0,
20260703,170920,2262.0,1.0,1,2262.0,
20260703,171090,8417.0,4.0,1,8417.0,
20260703,175330,3944.0,17.0,1,3944.0,
20260703,178320,994.0,2.0,1,994.0,
20260703,178920,1755.0,4.0,1,1755.0,
20260703,181710,3324.0,10.0,1,3324.0,
20260703,183190,1074.0,2.0,1,1074.0,
20260703,183300,3173.0,2.0,1,3173.0,
20260703,185750,4564.0,5.0,1,4564.0,
20260703,187790,248.0,,1,248.0,
20260703,189300,3665.0,5.0,1,3665.0,
20260703,190510,1079.0,,1,1079.0,
20260703,192080,9198.0,13.0,1,9198.0,
20260703,192400,4330.0,1.0,1,4330.0,
20260703,192650,180.0,3.0,1,180.0,
20260703,192820,12914.0,19.0,1,12914.0,
20260703,194370,3753.0,1.0,1,3753.0,
20260703,195870,4189.0,8.0,1,4189.0,
20260703,195940,3296.0,13.0,1,3296.0,
20260703,196170,5144.0,3.0,1,5144.0,
20260703,200670,3939.0,2.0,1,3939.0,
20260703,200710,1549.0,2.0,1,1549.0,
20260703,204270,997.0,1.0,1,997.0,
20260703,204320,4113.0,19.0,1,4113.0,
20260703,204610,259.0,,1,259.0,
20260703,207940,42235.0,18.0,1,42235.0,
20260703,211050,1744.0,1.0,1,1744.0,
20260703,213420,3084.0,7.0,1,3084.0,
20260703,213500,1311.0,2.0,1,1311.0,
20260703,214150,2717.0,16.0,1,2717.0,
20260703,214180,3075.0,2.0,1,3075.0,
20260703,214320,2816.0,9.0,1,2816.0,
20260703,214420,665.0,1.0,1,665.0,
20260703,214430,2600.0,,1,2600.0,
20260703,214450,18546.0,14.0,1,18546.0,
20260703,215000,8366.0,2.0,1,8366.0,
20260703,215200,8992.0,1.0,1,8992.0,
20260703,217590,249.0,,1,249.0,
20260703,218410,1665.0,5.0,1,1665.0,
20260703,219130,2930.0,,1,2930.0,
20260703,222040,841.0,1.0,1,841.0,
20260703,222800,3673.0,8.0,1,3673.0,
20260703,228850,1046.0,2.0,1,1046.0,
20260703,229640,1704.0,7.0,1,1704.0,
20260703,230240,1142.0,2.0,1,1142.0,
20260703,232140,423.0,4.0,1,423.0,
20260703,234080,1730.0,1.0,1,1730.0,
20260703,234340,1553.0,2.0,1,1553.0,
20260703,236200,5661.0,1.0,1,5661.0,
20260703,237690,3298.0,14.0,1,3298.0,
20260703,237880,1151.0,2.0,1,1151.0,
20260703,240810,3519.0,5.0,1,3519.0,
20260703,241560,5362.0,7.0,1,5362.0,
20260703,241590,407.0,4.0,1,407.0,
20260703,241710,6510.0,9.0,1,6510.0,
20260703,243840,304.0,2.0,1,304.0,
20260703,244920,,1.0,0,,
20260703,247540,374.0,18.0,1,374.0,
20260703,248070,1022.0,5.0,1,1022.0,
20260703,251270,4576.0,14.0,1,4576.0,
20260703,251970,3522.0,3.0,1,3522.0,
20260703,252990,531.0,,1,531.0,
20260703,253450,1202.0,11.0,1,1202.0,
20260703,257720,3334.0,6.0,1,3334.0,
20260703,259630,1781.0,,1,1781.0,
20260703,259960,23800.0,18.0,1,23800.0,
20260703,263750,5749.0,9.0,1,5749.0,
20260703,263860,1267.0,,1,1267.0,
20260703,264660,1708.0,,1,1708.0,
20260703,267250,30580.0,5.0,1,30580.0,
20260703,267260,27090.0,14.0,1,27090.0,
20260703,267270,10784.0,6.0,1,10784.0,
20260703,271560,12240.0,12.0,1,12240.0,
20260703,272210,1203.0,14.0,1,1203.0,
20260703,272290,2960.0,2.0,1,2960.0,
20260703,277810,773.0,1.0,1,773.0,
20260703,278470,14367.0,19.0,1,14367.0,
20260703,279570,313.0,2.0,1,313.0,
20260703,280360,12454.0,10.0,1,12454.0,
20260703,281820,6467.0,1.0,1,6467.0,
20260703,282330,12918.0,14.0,1,12918.0,
20260703,282720,74.0,1.0,1,74.0,
20260703,282880,1334.0,1.0,1,1334.0,
20260703,285130,7693.0,2.0,1,7693.0,
20260703,286940,1619.0,3.0,1,1619.0,
20260703,290550,1800.0,1.0,1,1800.0,
20260703,290650,1128.0,,1,1128.0,
20260703,293480,1232.0,1.0,1,1232.0,
20260703,294570,2140.0,,1,2140.0,
20260703,294870,5347.0,13.0,1,5347.0,
20260703,295310,1216.0,1.0,1,1216.0,
20260703,297090,568.0,1.0,1,568.0,
20260703,298020,45341.0,5.0,1,45341.0,
20260703,298040,84457.0,13.0,1,84457.0,
20260703,298050,13482.0,5.0,1,13482.0,
20260703,299030,1226.0,,1,1226.0,
20260703,300720,952.0,2.0,1,952.0,
20260703,306200,19039.0,5.0,1,19039.0,
20260703,307950,7603.0,15.0,1,7603.0,
20260703,316140,4297.0,20.0,1,4297.0,
20260703,317400,1448.0,1.0,1,1448.0,
20260703,319400,153.0,,1,153.0,
20260703,319660,5265.0,6.0,1,5265.0,
20260703,322000,8134.0,2.0,1,8134.0,
20260703,322310,427.0,1.0,1,427.0,
20260703,323410,1262.0,12.0,1,1262.0,
20260703,326030,4370.0,12.0,1,4370.0,
20260703,327260,1379.0,2.0,1,1379.0,
20260703,329180,29193.0,21.0,1,29193.0,
20260703,330860,1428.0,2.0,1,1428.0,
20260703,336370,1326.0,3.0,1,1326.0,
20260703,336570,545.0,2.0,1,545.0,
20260703,339770,416.0,1.0,1,416.0,
20260703,340450,262.0,,1,262.0,
20260703,340570,6385.0,4.0,1,6385.0,
20260703,347700,99.0,1.0,1,99.0,
20260703,348210,1887.0,3.0,1,1887.0,
20260703,352480,1343.0,,1,1343.0,
20260703,352820,4667.0,20.0,1,4667.0,
20260703,353200,3894.0,13.0,1,3894.0,
20260703,353810,,,0,,
20260703,354320,1200.0,1.0,1,1200.0,
20260703,355150,981.0,,1,981.0,
20260703,356860,3847.0,8.0,1,3847.0,
20260703,357780,19332.0,9.0,1,19332.0,
20260703,361390,229.0,1.0,1,229.0,
20260703,375500,9903.0,18.0,1,9903.0,
20260703,376270,1737.0,1.0,1,1737.0,
20260703,376300,1754.0,14.0,1,1754.0,
20260703,377300,849.0,6.0,1,849.0,
20260703,381970,1068.0,4.0,1,1068.0,
20260703,382800,754.0,,1,754.0,
20260703,383220,12775.0,10.0,1,12775.0,
20260703,383310,1335.0,1.0,1,1335.0,
20260703,383800,1955.0,2.0,1,1955.0,
20260703,388050,540.0,,1,540.0,
20260703,388210,6513.0,3.0,1,6513.0,
20260703,402340,293498.0,7.0,1,293498.0,
20260703,403550,83.0,1.0,1,83.0,
20260703,403870,1435.0,5.0,1,1435.0,
20260703,405100,773.0,1.0,1,773.0,
20260703,413630,124.0,,1,124.0,
20260703,415640,,,0,,
20260703,417840,1231.0,1.0,1,1231.0,
20260703,419530,2734.0,2.0,1,2734.0,
20260703,420770,959.0,2.0,1,959.0,
20260703,425040,,,0,,
20260703,425420,2620.0,,1,2620.0,
20260703,439260,7903.0,5.0,1,7903.0,
20260703,440110,917.0,1.0,1,917.0,
20260703,441270,610.0,,1,610.0,
20260703,443060,8104.0,10.0,1,8104.0,
20260703,445090,174.0,,1,174.0,
20260703,450950,245.0,2.0,1,245.0,
20260703,451760,457.0,1.0,1,457.0,
20260703,452430,419.0,1.0,1,419.0,
20260703,453340,3489.0,3.0,1,3489.0,
20260703,453450,768.0,,1,768.0,
20260703,454910,108.0,1.0,1,108.0,
20260703,456010,441.0,1.0,1,441.0,
20260703,456040,13326.0,3.0,1,13326.0,
20260703,458870,1542.0,5.0,1,1542.0,
20260703,460860,742.0,4.0,1,742.0,
20260703,462870,2135.0,11.0,1,2135.0,
20260703,473980,1425.0,1.0,1,1425.0,
20260703,474170,87.0,1.0,1,87.0,
20260703,475150,878.0,2.0,1,878.0,
20260703,475430,560.0,,1,560.0,
20260703,475960,37.0,1.0,1,37.0,
20260703,476060,550.0,1.0,1,550.0,
20260703,482630,1028.0,2.0,1,1028.0,
20260703,483650,10246.0,12.0,1,10246.0,
20260703,484590,789.0,,1,789.0,
20260703,488280,144.0,,1,144.0,
20260703,489500,1479.0,,1,1479.0,
20260703,489790,2811.0,3.0,1,2811.0,
20260703,499790,2742.0,6.0,1,2742.0,
20260706,000080,1365.0,5.0,1,1365.0,
20260706,000100,1853.0,13.0,1,1853.0,
20260706,000120,11461.0,12.0,1,11461.0,
20260706,000150,21907.0,11.0,1,21907.0,
20260706,000210,10121.0,2.0,1,10121.0,
20260706,000240,4438.0,1.0,1,4438.0,
20260706,000270,21367.0,23.0,1,21367.0,
20260706,000370,2152.0,7.0,1,2152.0,
20260706,000640,12219.0,3.0,1,12219.0,
20260706,000660,315937.0,24.0,1,315937.0,
20260706,000720,4804.0,22.0,1,4804.0,
20260706,0007C0,199.0,,1,199.0,
20260706,000810,44510.0,17.0,1,44510.0,
20260706,000880,9749.0,10.0,1,9749.0,
20260706,0008Z0,2119.0,1.0,1,2119.0,
20260706,000990,8377.0,2.0,1,8377.0,
20260706,001040,10171.0,9.0,1,10171.0,
20260706,001120,7859.0,7.0,1,7859.0,
20260706,0011A0,870.0,,1,870.0,
20260706,001230,179.0,1.0,1,179.0,
20260706,001250,246.0,1.0,1,246.0,
20260706,001340,229.0,1.0,1,229.0,
20260706,001430,2440.0,10.0,1,2440.0,
20260706,001440,523.0,5.0,1,523.0,
20260706,001450,7857.0,17.0,1,7857.0,
20260706,001530,657.0,1.0,1,657.0,
20260706,001680,2694.0,2.0,1,2694.0,
20260706,001740,395.0,4.0,1,395.0,
20260706,001940,988.0,1.0,1,988.0,
20260706,002020,4976.0,1.0,1,4976.0,
20260706,002320,775.0,1.0,1,775.0,
20260706,002350,1533.0,13.0,1,1533.0,
20260706,002380,180664.0,4.0,1,180664.0,
20260706,002990,1469.0,2.0,1,1469.0,
20260706,003030,22926.0,2.0,1,22926.0,
20260706,003070,2293.0,1.0,1,2293.0,
20260706,003160,1424.0,2.0,1,1424.0,
20260706,003220,709.0,5.0,1,709.0,
20260706,003230,73980.0,13.0,1,73980.0,
20260706,003490,592.0,13.0,1,592.0,
20260706,003540,3991.0,2.0,1,3991.0,
20260706,003550,7501.0,11.0,1,7501.0,
20260706,003570,2734.0,1.0,1,2734.0,
20260706,003670,237.0,16.0,1,237.0,
20260706,003850,772.0,1.0,1,772.0,
20260706,004000,7089.0,6.0,1,7089.0,
20260706,004020,1443.0,16.0,1,1443.0,
20260706,004170,39642.0,18.0,1,39642.0,
20260706,004370,31420.0,11.0,1,31420.0,
20260706,004690,37548.0,1.0,1,37548.0,
20260706,004800,19832.0,2.0,1,19832.0,
20260706,004990,875.0,4.0,1,875.0,
20260706,005070,221.0,3.0,1,221.0,
20260706,005090,1945.0,3.0,1,1945.0,
20260706,005180,8570.0,,1,8570.0,
20260706,005300,10572.0,10.0,1,10572.0,
20260706,005380,39396.0,25.0,1,39396.0,
20260706,005440,1835.0,4.0,1,1835.0,
20260706,005490,23267.0,17.0,1,23267.0,
20260706,005500,1719.0,1.0,1,1719.0,
20260706,005690,914.0,3.0,1,914.0,
20260706,005810,7096.0,2.0,1,7096.0,
20260706,005830,23285.0,16.0,1,23285.0,
20260706,005850,8293.0,7.0,1,8293.0,
20260706,005880,489.0,5.0,1,489.0,
20260706,005930,45532.0,24.0,1,45532.0,
20260706,005940,4122.0,18.0,1,4122.0,
20260706,006040,7733.0,3.0,1,7733.0,
20260706,006110,159.0,,1,159.0,
20260706,006260,18773.0,10.0,1,18773.0,
20260706,006280,6833.0,12.0,1,6833.0,
20260706,006360,2701.0,19.0,1,2701.0,
20260706,006400,4160.0,23.0,1,4160.0,
20260706,006650,18482.0,6.0,1,18482.0,
20260706,006730,668.0,5.0,1,668.0,
20260706,006800,4209.0,17.0,1,4209.0,
20260706,007070,2437.0,13.0,1,2437.0,
20260706,007340,5355.0,2.0,1,5355.0,
20260706,007660,3564.0,12.0,1,3564.0,
20260706,007690,4568.0,1.0,1,4568.0,
20260706,007810,4392.0,3.0,1,4392.0,
20260706,008730,516.0,,1,516.0,
20260706,008770,2456.0,12.0,1,2456.0,
20260706,009150,16681.0,20.0,1,16681.0,
20260706,009240,1117.0,6.0,1,1117.0,
20260706,009420,3.0,8.0,1,3.0,
20260706,009450,11851.0,2.0,1,11851.0,
20260706,009540,50066.0,14.0,1,50066.0,
20260706,009830,2065.0,12.0,1,2065.0,
20260706,009900,1534.0,1.0,1,1534.0,
20260706,010060,11597.0,8.0,1,11597.0,
20260706,010120,3379.0,13.0,1,3379.0,
20260706,010130,63362.0,5.0,1,63362.0,
20260706,010140,1204.0,20.0,1,1204.0,
20260706,010690,2520.0,1.0,1,2520.0,
20260706,010780,4901.0,5.0,1,4901.0,
20260706,010950,20892.0,17.0,1,20892.0,
20260706,011070,35242.0,21.0,1,35242.0,
20260706,011200,1409.0,13.0,1,1409.0,
20260706,011210,5763.0,10.0,1,5763.0,
20260706,011560,4622.0,1.0,1,4622.0,
20260706,011760,7597.0,4.0,1,7597.0,
20260706,011780,14335.0,13.0,1,14335.0,
20260706,011930,735.0,1.0,1,735.0,
20260706,012210,353.0,,1,353.0,
20260706,012330,45551.0,25.0,1,45551.0,
20260706,012450,41533.0,19.0,1,41533.0,
20260706,012630,3783.0,1.0,1,3783.0,
20260706,0126Z0,10437.0,3.0,1,10437.0,
20260706,012750,4175.0,4.0,1,4175.0,
20260706,013030,4320.0,1.0,1,4320.0,
20260706,013120,286.0,1.0,1,286.0,
20260706,013580,11757.0,1.0,1,11757.0,
20260706,014620,1767.0,3.0,1,1767.0,
20260706,014680,15370.0,10.0,1,15370.0,
20260706,014790,1081.0,3.0,1,1081.0,
20260706,014830,13163.0,7.0,1,13163.0,
20260706,015760,8949.0,15.0,1,8949.0,
20260706,016360,18064.0,18.0,1,18064.0,
20260706,016380,1383.0,3.0,1,1383.0,
20260706,016580,1108.0,1.0,1,1108.0,
20260706,017670,5671.0,18.0,1,5671.0,
20260706,017800,5129.0,1.0,1,5129.0,
20260706,017810,1078.0,1.0,1,1078.0,
20260706,017940,31166.0,1.0,1,31166.0,
20260706,017960,2230.0,3.0,1,2230.0,
20260706,018250,625.0,,1,625.0,
20260706,018260,9127.0,10.0,1,9127.0,
20260706,018290,1488.0,2.0,1,1488.0,
20260706,018670,54884.0,5.0,1,54884.0,
20260706,018880,236.0,17.0,1,236.0,
20260706,020000,3753.0,6.0,1,3753.0,
20260706,021240,9921.0,4.0,1,9921.0,
20260706,021320,1869.0,1.0,1,1869.0,
20260706,023160,2057.0,4.0,1,2057.0,
20260706,023530,13302.0,15.0,1,13302.0,
20260706,024110,3517.0,14.0,1,3517.0,
20260706,025320,105.0,,1,105.0,
20260706,025540,11854.0,1.0,1,11854.0,
20260706,027410,648.0,1.0,1,648.0,
20260706,028050,3659.0,20.0,1,3659.0,
20260706,028260,16085.0,13.0,1,16085.0,
20260706,028670,717.0,14.0,1,717.0,
20260706,029780,5576.0,3.0,1,5576.0,
20260706,030000,1944.0,10.0,1,1944.0,
20260706,030190,1584.0,1.0,1,1584.0,
20260706,030200,5673.0,17.0,1,5673.0,
20260706,030520,1747.0,3.0,1,1747.0,
20260706,031430,1555.0,7.0,1,1555.0,
20260706,031980,6231.0,4.0,1,6231.0,
20260706,032350,970.0,13.0,1,970.0,
20260706,032500,48.0,1.0,1,48.0,
20260706,032640,1689.0,16.0,1,1689.0,
20260706,032830,14242.0,14.0,1,14242.0,
20260706,033240,3878.0,1.0,1,3878.0,
20260706,033270,2786.0,2.0,1,2786.0,
20260706,033500,2367.0,2.0,1,2367.0,
20260706,033530,,,0,,
20260706,033640,230.0,1.0,1,230.0,
20260706,033780,11860.0,13.0,1,11860.0,
20260706,034020,466.0,15.0,1,466.0,
20260706,034120,497.0,5.0,1,497.0,
20260706,034220,642.0,8.0,1,642.0,
20260706,034230,1033.0,13.0,1,1033.0,
20260706,034730,124447.0,13.0,1,124447.0,
20260706,035150,2381.0,1.0,1,2381.0,
20260706,035250,1370.0,9.0,1,1370.0,
20260706,035420,12195.0,22.0,1,12195.0,
20260706,035600,2141.0,2.0,1,2141.0,
20260706,035720,1548.0,18.0,1,1548.0,
20260706,035760,2425.0,11.0,1,2425.0,
20260706,035900,3855.0,17.0,1,3855.0,
20260706,036010,722.0,,1,722.0,
20260706,036200,848.0,1.0,1,848.0,
20260706,036460,10764.0,8.0,1,10764.0,
20260706,036530,8710.0,1.0,1,8710.0,
20260706,036540,68.0,2.0,1,68.0,
20260706,036570,21346.0,19.0,1,21346.0,
20260706,036620,514.0,2.0,1,514.0,
20260706,036800,5290.0,2.0,1,5290.0,
20260706,036810,423.0,1.0,1,423.0,
20260706,036890,1589.0,,1,1589.0,
20260706,036930,1255.0,2.0,1,1255.0,
20260706,037030,915.0,,1,915.0,
20260706,037560,256.0,3.0,1,256.0,
20260706,039030,10320.0,3.0,1,10320.0,
20260706,039130,3562.0,6.0,1,3562.0,
20260706,039200,836.0,1.0,1,836.0,
20260706,039440,4901.0,1.0,1,4901.0,
20260706,039490,61023.0,17.0,1,61023.0,
20260706,039570,1271.0,1.0,1,1271.0,
20260706,039830,3396.0,,1,3396.0,
20260706,039840,1689.0,2.0,1,1689.0,
20260706,041510,5992.0,19.0,1,5992.0,
20260706,041830,3328.0,2.0,1,3328.0,
20260706,041920,1048.0,1.0,1,1048.0,
20260706,042000,1632.0,1.0,1,1632.0,
20260706,042520,1085.0,1.0,1,1085.0,
20260706,042660,5048.0,19.0,1,5048.0,
20260706,042700,3539.0,1.0,1,3539.0,
20260706,043150,3277.0,4.0,1,3277.0,
20260706,043260,4882.0,2.0,1,4882.0,
20260706,044490,1404.0,1.0,1,1404.0,
20260706,046440,889.0,1.0,1,889.0,
20260706,047040,1017.0,12.0,1,1017.0,
20260706,047050,4994.0,14.0,1,4994.0,
20260706,047810,3517.0,17.0,1,3517.0,
20260706,049070,1664.0,1.0,1,1664.0,
20260706,050890,695.0,3.0,1,695.0,
20260706,051370,1132.0,2.0,1,1132.0,
20260706,051500,5119.0,6.0,1,5119.0,
20260706,051600,3498.0,11.0,1,3498.0,
20260706,051900,11073.0,13.0,1,11073.0,
20260706,052400,7251.0,1.0,1,7251.0,
20260706,052690,1704.0,11.0,1,1704.0,
20260706,052710,536.0,2.0,1,536.0,
20260706,053210,462.0,6.0,1,462.0,
20260706,053610,6572.0,,1,6572.0,
20260706,053690,2099.0,2.0,1,2099.0,
20260706,054450,1061.0,1.0,1,1061.0,
20260706,054950,2807.0,5.0,1,2807.0,
20260706,055550,11752.0,18.0,1,11752.0,
20260706,056090,146.0,,1,146.0,
20260706,056190,2333.0,2.0,1,2333.0,
20260706,058430,467.0,1.0,1,467.0,
20260706,058470,2450.0,7.0,1,2450.0,
20260706,058610,803.0,1.0,1,803.0,
20260706,058650,19337.0,1.0,1,19337.0,
20260706,058970,146.0,1.0,1,146.0,
20260706,059210,613.0,,1,613.0,
20260706,060250,1400.0,5.0,1,1400.0,
20260706,060370,454.0,1.0,1,454.0,
20260706,060720,914.0,3.0,1,914.0,
20260706,060980,6070.0,3.0,1,6070.0,
20260706,061090,4257.0,1.0,1,4257.0,
20260706,062040,6813.0,8.0,1,6813.0,
20260706,063570,419.0,1.0,1,419.0,
20260706,064290,458.0,2.0,1,458.0,
20260706,064350,8718.0,19.0,1,8718.0,
20260706,064400,5039.0,10.0,1,5039.0,
20260706,064760,9842.0,4.0,1,9842.0,
20260706,064850,2209.0,,1,2209.0,
20260706,064960,3780.0,5.0,1,3780.0,
20260706,066570,10693.0,20.0,1,10693.0,
20260706,066980,21.0,,1,21.0,
20260706,067160,8294.0,7.0,1,8294.0,
20260706,067310,2437.0,4.0,1,2437.0,
20260706,068270,6203.0,19.0,1,6203.0,
20260706,068930,1012.0,1.0,1,1012.0,
20260706,069080,1078.0,2.0,1,1078.0,
20260706,069260,1799.0,2.0,1,1799.0,
20260706,069620,15302.0,10.0,1,15302.0,
20260706,069960,12767.0,17.0,1,12767.0,
20260706,070960,104.0,1.0,1,104.0,
20260706,071050,44511.0,16.0,1,44511.0,
20260706,071320,20089.0,2.0,1,20089.0,
20260706,071970,4255.0,6.0,1,4255.0,
20260706,073240,1364.0,9.0,1,1364.0,
20260706,073490,2098.0,1.0,1,2098.0,
20260706,074600,2440.0,2.0,1,2440.0,
20260706,075580,1004.0,1.0,1,1004.0,
20260706,077360,341.0,2.0,1,341.0,
20260706,077970,2030.0,3.0,1,2030.0,
20260706,078340,2238.0,6.0,1,2238.0,
20260706,078600,1078.0,2.0,1,1078.0,
20260706,078930,17075.0,6.0,1,17075.0,
20260706,079430,412.0,3.0,1,412.0,
20260706,079550,16467.0,18.0,1,16467.0,
20260706,079900,2285.0,2.0,1,2285.0,
20260706,080160,757.0,1.0,1,757.0,
20260706,080220,,,0,,
20260706,080580,1002.0,1.0,1,1002.0,
20260706,081660,5029.0,9.0,1,5029.0,
20260706,082740,2449.0,8.0,1,2449.0,
20260706,082920,1718.0,3.0,1,1718.0,
20260706,083450,3288.0,,1,3288.0,
20260706,083500,1669.0,3.0,1,1669.0,
20260706,083650,2556.0,3.0,1,2556.0,
20260706,084010,524.0,2.0,1,524.0,
20260706,084370,4060.0,3.0,1,4060.0,
20260706,084850,185.0,,1,185.0,
20260706,085910,819.0,1.0,1,819.0,
20260706,086280,22953.0,17.0,1,22953.0,
20260706,086390,961.0,2.0,1,961.0,
20260706,086450,1974.0,2.0,1,1974.0,
20260706,086790,16056.0,19.0,1,16056.0,
20260706,086900,3553.0,2.0,1,3553.0,
20260706,088350,950.0,12.0,1,950.0,
20260706,088980,710.0,2.0,1,710.0,
20260706,089010,2018.0,2.0,1,2018.0,
20260706,089030,1927.0,,1,1927.0,
20260706,089600,1573.0,3.0,1,1573.0,
20260706,089860,4145.0,9.0,1,4145.0,
20260706,089970,3229.0,4.0,1,3229.0,
20260706,089980,475.0,1.0,1,475.0,
20260706,090430,5100.0,18.0,1,5100.0,
20260706,090460,2825.0,11.0,1,2825.0,
20260706,091580,1399.0,1.0,1,1399.0,
20260706,091700,678.0,2.0,1,678.0,
20260706,092130,1146.0,1.0,1,1146.0,
20260706,092730,1757.0,1.0,1,1757.0,
20260706,092870,1383.0,,1,1383.0,
20260706,093370,206.0,1.0,1,206.0,
20260706,093520,2120.0,1.0,1,2120.0,
20260706,094170,478.0,,1,478.0,
20260706,094360,452.0,2.0,1,452.0,
20260706,094840,1570.0,,1,1570.0,
20260706,095340,4267.0,8.0,1,4267.0,
20260706,095570,501.0,3.0,1,501.0,
20260706,095610,5098.0,7.0,1,5098.0,
20260706,095660,1982.0,12.0,1,1982.0,
20260706,096530,1739.0,2.0,1,1739.0,
20260706,096770,11048.0,12.0,1,11048.0,
20260706,097230,1750.0,1.0,1,1750.0,
20260706,097520,2511.0,4.0,1,2511.0,
20260706,097950,23790.0,12.0,1,23790.0,
20260706,098070,3201.0,,1,3201.0,
20260706,098460,688.0,6.0,1,688.0,
20260706,099190,103.0,2.0,1,103.0,
20260706,099320,1540.0,3.0,1,1540.0,
20260706,099430,448.0,1.0,1,448.0,
20260706,100090,721.0,6.0,1,721.0,
20260706,100120,3562.0,3.0,1,3562.0,
20260706,100840,4927.0,2.0,1,4927.0,
20260706,102710,4140.0,2.0,1,4140.0,
20260706,103140,8927.0,12.0,1,8927.0,
20260706,103590,3157.0,3.0,1,3157.0,
20260706,104700,219.0,1.0,1,219.0,
20260706,104830,4878.0,2.0,1,4878.0,
20260706,105560,17824.0,19.0,1,17824.0,
20260706,105630,1308.0,9.0,1,1308.0,
20260706,105840,797.0,1.0,1,797.0,
20260706,107640,631.0,1.0,1,631.0,
20260706,108320,3935.0,1.0,1,3935.0,
20260706,108380,2921.0,2.0,1,2921.0,
20260706,108490,408.0,6.0,1,408.0,
20260706,108670,6614.0,5.0,1,6614.0,
20260706,111770,13285.0,9.0,1,13285.0,
20260706,112040,1355.0,1.0,1,1355.0,
20260706,112610,4315.0,9.0,1,4315.0,
20260706,114090,969.0,12.0,1,969.0,
20260706,114810,1486.0,2.0,1,1486.0,
20260706,114840,1438.0,1.0,1,1438.0,
20260706,119610,1895.0,1.0,1,1895.0,
20260706,120110,5939.0,5.0,1,5939.0,
20260706,121600,735.0,1.0,1,735.0,
20260706,122450,739.0,,1,739.0,
20260706,122640,998.0,2.0,1,998.0,
20260706,122870,3020.0,19.0,1,3020.0,
20260706,122900,1256.0,1.0,1,1256.0,
20260706,123330,2654.0,,1,2654.0,
20260706,125210,691.0,1.0,1,691.0,
20260706,125490,219.0,2.0,1,219.0,
20260706,126340,281.0,1.0,1,281.0,
20260706,126700,1780.0,,1,1780.0,
20260706,126720,3850.0,1.0,1,3850.0,
20260706,128940,14650.0,15.0,1,14650.0,
20260706,131290,12087.0,3.0,1,12087.0,
20260706,131970,2213.0,7.0,1,2213.0,
20260706,138040,14331.0,5.0,1,14331.0,
20260706,138080,480.0,1.0,1,480.0,
20260706,138930,2766.0,17.0,1,2766.0,
20260706,139130,3093.0,17.0,1,3093.0,
20260706,139480,6176.0,10.0,1,6176.0,
20260706,140860,7481.0,7.0,1,7481.0,
20260706,142210,2496.0,,1,2496.0,
20260706,145020,14224.0,13.0,1,14224.0,
20260706,145720,7151.0,5.0,1,7151.0,
20260706,148150,287.0,1.0,1,287.0,
20260706,149950,827.0,1.0,1,827.0,
20260706,161390,10657.0,15.0,1,10657.0,
20260706,161890,7259.0,19.0,1,7259.0,
20260706,163730,481.0,,1,481.0,
20260706,166090,4050.0,1.0,1,4050.0,
20260706,170920,2262.0,1.0,1,2262.0,
20260706,171090,8417.0,4.0,1,8417.0,
20260706,175330,3944.0,17.0,1,3944.0,
20260706,178320,994.0,2.0,1,994.0,
20260706,178920,1755.0,4.0,1,1755.0,
20260706,181710,3343.0,10.0,1,3343.0,
20260706,183190,1074.0,2.0,1,1074.0,
20260706,183300,3173.0,2.0,1,3173.0,
20260706,185750,4564.0,5.0,1,4564.0,
20260706,187790,248.0,,1,248.0,
20260706,189300,3665.0,5.0,1,3665.0,
20260706,190510,1079.0,,1,1079.0,
20260706,192080,9198.0,13.0,1,9198.0,
20260706,192400,4330.0,1.0,1,4330.0,
20260706,192650,180.0,3.0,1,180.0,
20260706,192820,12978.0,18.0,1,12978.0,
20260706,194370,3753.0,1.0,1,3753.0,
20260706,195870,4189.0,8.0,1,4189.0,
20260706,195940,3296.0,13.0,1,3296.0,
20260706,196170,5144.0,3.0,1,5144.0,
20260706,200670,3939.0,2.0,1,3939.0,
20260706,200710,1549.0,2.0,1,1549.0,
20260706,204270,997.0,1.0,1,997.0,
20260706,204320,4113.0,19.0,1,4113.0,
20260706,204610,259.0,,1,259.0,
20260706,207940,42235.0,18.0,1,42235.0,
20260706,211050,1744.0,1.0,1,1744.0,
20260706,213420,3084.0,7.0,1,3084.0,
20260706,213500,1311.0,2.0,1,1311.0,
20260706,214150,2717.0,16.0,1,2717.0,
20260706,214180,3075.0,2.0,1,3075.0,
20260706,214320,2816.0,9.0,1,2816.0,
20260706,214420,665.0,1.0,1,665.0,
20260706,214430,2600.0,,1,2600.0,
20260706,214450,18546.0,14.0,1,18546.0,
20260706,215000,8366.0,2.0,1,8366.0,
20260706,215200,8992.0,1.0,1,8992.0,
20260706,217590,249.0,,1,249.0,
20260706,218410,1665.0,5.0,1,1665.0,
20260706,219130,2930.0,,1,2930.0,
20260706,222040,841.0,1.0,1,841.0,
20260706,222800,3673.0,8.0,1,3673.0,
20260706,228850,1046.0,2.0,1,1046.0,
20260706,229640,1704.0,7.0,1,1704.0,
20260706,230240,1142.0,2.0,1,1142.0,
20260706,232140,423.0,4.0,1,423.0,
20260706,234080,1730.0,1.0,1,1730.0,
20260706,234340,1553.0,2.0,1,1553.0,
20260706,236200,5661.0,1.0,1,5661.0,
20260706,237690,3298.0,14.0,1,3298.0,
20260706,237880,1151.0,2.0,1,1151.0,
20260706,240810,3519.0,5.0,1,3519.0,
20260706,241560,5362.0,7.0,1,5362.0,
20260706,241590,407.0,4.0,1,407.0,
20260706,241710,6510.0,9.0,1,6510.0,
20260706,243840,304.0,2.0,1,304.0,
20260706,244920,,1.0,0,,
20260706,247540,374.0,18.0,1,374.0,
20260706,248070,1022.0,5.0,1,1022.0,
20260706,251270,4576.0,14.0,1,4576.0,
20260706,251970,3306.0,2.0,1,3306.0,
20260706,252990,531.0,,1,531.0,
20260706,253450,1202.0,11.0,1,1202.0,
20260706,257720,3334.0,6.0,1,3334.0,
20260706,259630,1781.0,,1,1781.0,
20260706,259960,23800.0,18.0,1,23800.0,
20260706,263750,5749.0,9.0,1,5749.0,
20260706,263860,1267.0,,1,1267.0,
20260706,264660,1708.0,,1,1708.0,
20260706,267250,30580.0,5.0,1,30580.0,
20260706,267260,27090.0,14.0,1,27090.0,
20260706,267270,10784.0,6.0,1,10784.0,
20260706,271560,12240.0,12.0,1,12240.0,
20260706,272210,1203.0,14.0,1,1203.0,
20260706,272290,2960.0,2.0,1,2960.0,
20260706,277810,773.0,1.0,1,773.0,
20260706,278470,14367.0,19.0,1,14367.0,
20260706,279570,313.0,2.0,1,313.0,
20260706,280360,12454.0,10.0,1,12454.0,
20260706,281820,6467.0,1.0,1,6467.0,
20260706,282330,12930.0,14.0,1,12930.0,
20260706,282720,74.0,1.0,1,74.0,
20260706,282880,1334.0,1.0,1,1334.0,
20260706,285130,7693.0,2.0,1,7693.0,
20260706,286940,1619.0,3.0,1,1619.0,
20260706,290550,1800.0,1.0,1,1800.0,
20260706,290650,1128.0,,1,1128.0,
20260706,293480,1232.0,1.0,1,1232.0,
20260706,294570,2140.0,,1,2140.0,
20260706,294870,5347.0,13.0,1,5347.0,
20260706,295310,1216.0,1.0,1,1216.0,
20260706,297090,568.0,1.0,1,568.0,
20260706,298020,45341.0,5.0,1,45341.0,
20260706,298040,84457.0,13.0,1,84457.0,
20260706,298050,13482.0,5.0,1,13482.0,
20260706,299030,1226.0,,1,1226.0,
20260706,300720,952.0,2.0,1,952.0,
20260706,306200,19039.0,5.0,1,19039.0,
20260706,307950,7603.0,15.0,1,7603.0,
20260706,316140,4294.0,20.0,1,4294.0,
20260706,317400,1448.0,1.0,1,1448.0,
20260706,319400,153.0,,1,153.0,
20260706,319660,5265.0,6.0,1,5265.0,
20260706,322000,8134.0,2.0,1,8134.0,
20260706,322310,427.0,1.0,1,427.0,
20260706,323410,1260.0,12.0,1,1260.0,
20260706,326030,4370.0,12.0,1,4370.0,
20260706,327260,1379.0,2.0,1,1379.0,
20260706,329180,29169.0,21.0,1,29169.0,
20260706,330860,1428.0,2.0,1,1428.0,
20260706,336370,1326.0,3.0,1,1326.0,
20260706,336570,545.0,2.0,1,545.0,
20260706,339770,416.0,1.0,1,416.0,
20260706,340450,262.0,,1,262.0,
20260706,340570,6385.0,4.0,1,6385.0,
20260706,347700,99.0,1.0,1,99.0,
20260706,348210,1887.0,3.0,1,1887.0,
20260706,352480,1343.0,,1,1343.0,
20260706,352820,4667.0,20.0,1,4667.0,
20260706,353200,3894.0,13.0,1,3894.0,
20260706,353810,,,0,,
20260706,354320,1200.0,1.0,1,1200.0,
20260706,355150,981.0,,1,981.0,
20260706,356860,3694.0,8.0,1,3694.0,
20260706,357780,19332.0,9.0,1,19332.0,
20260706,361390,229.0,1.0,1,229.0,
20260706,375500,9903.0,18.0,1,9903.0,
20260706,376270,1737.0,1.0,1,1737.0,
20260706,376300,1754.0,14.0,1,1754.0,
20260706,377300,849.0,6.0,1,849.0,
20260706,381970,1068.0,4.0,1,1068.0,
20260706,382800,754.0,,1,754.0,
20260706,383220,12775.0,10.0,1,12775.0,
20260706,383310,1335.0,1.0,1,1335.0,
20260706,383800,1955.0,2.0,1,1955.0,
20260706,388050,540.0,,1,540.0,
20260706,388210,6513.0,3.0,1,6513.0,
20260706,402340,293498.0,7.0,1,293498.0,
20260706,403550,83.0,1.0,1,83.0,
20260706,403870,1435.0,5.0,1,1435.0,
20260706,405100,773.0,1.0,1,773.0,
20260706,413630,124.0,,1,124.0,
20260706,415640,,,0,,
20260706,417840,1231.0,1.0,1,1231.0,
20260706,419530,2734.0,2.0,1,2734.0,
20260706,420770,959.0,2.0,1,959.0,
20260706,425040,,,0,,
20260706,425420,2620.0,,1,2620.0,
20260706,439260,7903.0,5.0,1,7903.0,
20260706,440110,917.0,1.0,1,917.0,
20260706,441270,610.0,,1,610.0,
20260706,443060,8104.0,10.0,1,8104.0,
20260706,445090,174.0,,1,174.0,
20260706,450950,245.0,2.0,1,245.0,
20260706,451760,457.0,1.0,1,457.0,
20260706,452430,419.0,1.0,1,419.0,
20260706,453340,3489.0,3.0,1,3489.0,
20260706,453450,768.0,,1,768.0,
20260706,454910,108.0,1.0,1,108.0,
20260706,456010,441.0,1.0,1,441.0,
20260706,456040,13326.0,3.0,1,13326.0,
20260706,458870,1542.0,5.0,1,1542.0,
20260706,460860,742.0,4.0,1,742.0,
20260706,462870,2137.0,11.0,1,2137.0,
20260706,473980,1425.0,1.0,1,1425.0,
20260706,474170,87.0,1.0,1,87.0,
20260706,475150,878.0,2.0,1,878.0,
20260706,475430,560.0,,1,560.0,
20260706,475960,37.0,1.0,1,37.0,
20260706,476060,550.0,1.0,1,550.0,
20260706,482630,1028.0,2.0,1,1028.0,
20260706,483650,10213.0,12.0,1,10213.0,
20260706,484590,789.0,,1,789.0,
20260706,488280,144.0,,1,144.0,
20260706,489500,1479.0,,1,1479.0,
20260706,489790,2811.0,3.0,1,2811.0,
20260706,499790,2742.0,6.0,1,2742.0,
20260707,000080,1365.0,5.0,1,1365.0,
20260707,000100,1832.0,13.0,1,1832.0,
20260707,000120,11461.0,12.0,1,11461.0,
20260707,000150,21631.0,12.0,1,21631.0,
20260707,000210,10121.0,2.0,1,10121.0,
20260707,000240,4438.0,1.0,1,4438.0,
20260707,000270,21414.0,23.0,1,21414.0,
20260707,000370,2152.0,7.0,1,2152.0,
20260707,000640,12484.0,2.0,1,12484.0,
20260707,000660,315937.0,24.0,1,315937.0,
20260707,000720,4790.0,21.0,1,4790.0,
20260707,0007C0,199.0,,1,199.0,
20260707,000810,44510.0,17.0,1,44510.0,
20260707,000880,9749.0,10.0,1,9749.0,
20260707,0008Z0,2119.0,1.0,1,2119.0,
20260707,000990,8377.0,2.0,1,8377.0,
20260707,001040,10171.0,9.0,1,10171.0,
20260707,001120,7840.0,6.0,1,7840.0,
20260707,0011A0,870.0,,1,870.0,
20260707,001230,179.0,1.0,1,179.0,
20260707,001250,246.0,1.0,1,246.0,
20260707,001340,229.0,1.0,1,229.0,
20260707,001430,2440.0,10.0,1,2440.0,
20260707,001440,523.0,5.0,1,523.0,
20260707,001450,7857.0,17.0,1,7857.0,
20260707,001530,657.0,1.0,1,657.0,
20260707,001680,2694.0,2.0,1,2694.0,
20260707,001740,395.0,4.0,1,395.0,
20260707,001940,988.0,1.0,1,988.0,
20260707,002020,4976.0,1.0,1,4976.0,
20260707,002320,775.0,1.0,1,775.0,
20260707,002350,1522.0,14.0,1,1522.0,
20260707,002380,180664.0,4.0,1,180664.0,
20260707,002990,1469.0,2.0,1,1469.0,
20260707,003030,22926.0,2.0,1,22926.0,
20260707,003070,2293.0,1.0,1,2293.0,
20260707,003160,1424.0,2.0,1,1424.0,
20260707,003220,709.0,5.0,1,709.0,
20260707,003230,73923.0,13.0,1,73923.0,
20260707,003490,587.0,13.0,1,587.0,
20260707,003540,3991.0,2.0,1,3991.0,
20260707,003550,7501.0,11.0,1,7501.0,
20260707,003570,2734.0,1.0,1,2734.0,
20260707,003670,237.0,16.0,1,237.0,
20260707,003850,772.0,1.0,1,772.0,
20260707,004000,7089.0,6.0,1,7089.0,
20260707,004020,1423.0,16.0,1,1423.0,
20260707,004170,39642.0,18.0,1,39642.0,
20260707,004370,31420.0,11.0,1,31420.0,
20260707,004690,37548.0,1.0,1,37548.0,
20260707,004800,19832.0,2.0,1,19832.0,
20260707,004990,897.0,4.0,1,897.0,
20260707,005070,221.0,3.0,1,221.0,
20260707,005090,1945.0,3.0,1,1945.0,
20260707,005180,8570.0,,1,8570.0,
20260707,005300,10572.0,10.0,1,10572.0,
20260707,005380,39397.0,25.0,1,39397.0,
20260707,005440,1835.0,4.0,1,1835.0,
20260707,005490,23049.0,17.0,1,23049.0,
20260707,005500,1719.0,1.0,1,1719.0,
20260707,005690,914.0,3.0,1,914.0,
20260707,005810,8601.0,1.0,1,8601.0,
20260707,005830,23285.0,16.0,1,23285.0,
20260707,005850,8293.0,7.0,1,8293.0,
20260707,005880,486.0,4.0,1,486.0,
20260707,005930,45507.0,24.0,1,45507.0,
20260707,005940,4188.0,18.0,1,4188.0,
20260707,006040,7733.0,3.0,1,7733.0,
20260707,006110,159.0,,1,159.0,
20260707,006260,18773.0,10.0,1,18773.0,
20260707,006280,6833.0,12.0,1,6833.0,
20260707,006360,2701.0,19.0,1,2701.0,
20260707,006400,4037.0,23.0,1,4037.0,
20260707,006650,18482.0,6.0,1,18482.0,
20260707,006730,668.0,5.0,1,668.0,
20260707,006800,4278.0,17.0,1,4278.0,
20260707,007070,2437.0,13.0,1,2437.0,
20260707,007340,5355.0,2.0,1,5355.0,
20260707,007660,3564.0,12.0,1,3564.0,
20260707,007690,4568.0,1.0,1,4568.0,
20260707,007810,4392.0,3.0,1,4392.0,
20260707,008730,516.0,,1,516.0,
20260707,008770,2456.0,12.0,1,2456.0,
20260707,009150,16886.0,20.0,1,16886.0,
20260707,009240,1117.0,6.0,1,1117.0,
20260707,009420,3.0,8.0,1,3.0,
20260707,009450,11851.0,2.0,1,11851.0,
20260707,009540,50066.0,14.0,1,50066.0,
20260707,009830,2225.0,12.0,1,2225.0,
20260707,009900,1534.0,1.0,1,1534.0,
20260707,010060,11597.0,8.0,1,11597.0,
20260707,010120,3379.0,13.0,1,3379.0,
20260707,010130,63249.0,5.0,1,63249.0,
20260707,010140,1199.0,20.0,1,1199.0,
20260707,010690,2520.0,1.0,1,2520.0,
20260707,010780,4901.0,5.0,1,4901.0,
20260707,010950,20892.0,17.0,1,20892.0,
20260707,011070,35330.0,21.0,1,35330.0,
20260707,011200,1483.0,13.0,1,1483.0,
20260707,011210,5596.0,10.0,1,5596.0,
20260707,011560,4622.0,1.0,1,4622.0,
20260707,011760,7597.0,4.0,1,7597.0,
20260707,011780,14335.0,13.0,1,14335.0,
20260707,011930,735.0,1.0,1,735.0,
20260707,012210,353.0,,1,353.0,
20260707,012330,45904.0,25.0,1,45904.0,
20260707,012450,41533.0,19.0,1,41533.0,
20260707,012630,3783.0,1.0,1,3783.0,
20260707,0126Z0,10437.0,3.0,1,10437.0,
20260707,012750,4175.0,4.0,1,4175.0,
20260707,013030,4320.0,1.0,1,4320.0,
20260707,013120,286.0,1.0,1,286.0,
20260707,013580,11757.0,1.0,1,11757.0,
20260707,014620,1777.0,3.0,1,1777.0,
20260707,014680,15370.0,10.0,1,15370.0,
20260707,014790,1081.0,3.0,1,1081.0,
20260707,014830,13163.0,7.0,1,13163.0,
20260707,015760,8949.0,15.0,1,8949.0,
20260707,016360,18214.0,18.0,1,18214.0,
20260707,016380,1383.0,3.0,1,1383.0,
20260707,016580,1108.0,1.0,1,1108.0,
20260707,017670,5671.0,18.0,1,5671.0,
20260707,017800,5129.0,1.0,1,5129.0,
20260707,017810,1078.0,1.0,1,1078.0,
20260707,017940,31166.0,1.0,1,31166.0,
20260707,017960,2230.0,3.0,1,2230.0,
20260707,018250,625.0,,1,625.0,
20260707,018260,9127.0,10.0,1,9127.0,
20260707,018290,1488.0,2.0,1,1488.0,
20260707,018670,54884.0,5.0,1,54884.0,
20260707,018880,236.0,17.0,1,236.0,
20260707,020000,3753.0,6.0,1,3753.0,
20260707,021240,9921.0,4.0,1,9921.0,
20260707,021320,1869.0,1.0,1,1869.0,
20260707,023160,2057.0,4.0,1,2057.0,
20260707,023530,13302.0,15.0,1,13302.0,
20260707,024110,3516.0,14.0,1,3516.0,
20260707,025320,105.0,,1,105.0,
20260707,025540,11854.0,1.0,1,11854.0,
20260707,027410,648.0,1.0,1,648.0,
20260707,028050,3658.0,20.0,1,3658.0,
20260707,028260,16085.0,13.0,1,16085.0,
20260707,028670,733.0,13.0,1,733.0,
20260707,029780,5576.0,3.0,1,5576.0,
20260707,030000,1944.0,10.0,1,1944.0,
20260707,030190,1584.0,1.0,1,1584.0,
20260707,030200,5673.0,17.0,1,5673.0,
20260707,030520,1747.0,3.0,1,1747.0,
20260707,031430,1488.0,7.0,1,1488.0,
20260707,031980,6231.0,4.0,1,6231.0,
20260707,032350,965.0,12.0,1,965.0,
20260707,032500,48.0,1.0,1,48.0,
20260707,032640,1689.0,16.0,1,1689.0,
20260707,032830,14242.0,14.0,1,14242.0,
20260707,033240,3878.0,1.0,1,3878.0,
20260707,033270,2786.0,2.0,1,2786.0,
20260707,033500,2367.0,2.0,1,2367.0,
20260707,033530,,,0,,
20260707,033640,230.0,1.0,1,230.0,
20260707,033780,11860.0,13.0,1,11860.0,
20260707,034020,466.0,15.0,1,466.0,
20260707,034120,497.0,5.0,1,497.0,
20260707,034220,642.0,8.0,1,642.0,
20260707,034230,1025.0,12.0,1,1025.0,
20260707,034730,124447.0,13.0,1,124447.0,
20260707,035150,2381.0,1.0,1,2381.0,
20260707,035250,1370.0,9.0,1,1370.0,
20260707,035420,12195.0,22.0,1,12195.0,
20260707,035600,2141.0,2.0,1,2141.0,
20260707,035720,1548.0,18.0,1,1548.0,
20260707,035760,2425.0,11.0,1,2425.0,
20260707,035900,3842.0,17.0,1,3842.0,
20260707,036010,722.0,,1,722.0,
20260707,036200,848.0,1.0,1,848.0,
20260707,036460,10764.0,8.0,1,10764.0,
20260707,036530,8710.0,1.0,1,8710.0,
20260707,036540,68.0,2.0,1,68.0,
20260707,036570,21346.0,19.0,1,21346.0,
20260707,036620,514.0,2.0,1,514.0,
20260707,036800,5290.0,2.0,1,5290.0,
20260707,036810,,,0,,
20260707,036890,1589.0,,1,1589.0,
20260707,036930,1255.0,2.0,1,1255.0,
20260707,037030,915.0,,1,915.0,
20260707,037560,256.0,3.0,1,256.0,
20260707,039030,10320.0,3.0,1,10320.0,
20260707,039130,3562.0,6.0,1,3562.0,
20260707,039200,836.0,1.0,1,836.0,
20260707,039440,4901.0,1.0,1,4901.0,
20260707,039490,61602.0,17.0,1,61602.0,
20260707,039570,1271.0,1.0,1,1271.0,
20260707,039830,3396.0,,1,3396.0,
20260707,039840,1689.0,2.0,1,1689.0,
20260707,041510,5992.0,19.0,1,5992.0,
20260707,041830,3328.0,2.0,1,3328.0,
20260707,041920,1048.0,1.0,1,1048.0,
20260707,042000,1632.0,1.0,1,1632.0,
20260707,042520,1085.0,1.0,1,1085.0,
20260707,042660,5107.0,19.0,1,5107.0,
20260707,042700,3539.0,1.0,1,3539.0,
20260707,043150,3277.0,4.0,1,3277.0,
20260707,043260,4882.0,2.0,1,4882.0,
20260707,044490,1414.0,1.0,1,1414.0,
20260707,046440,889.0,1.0,1,889.0,
20260707,047040,1046.0,11.0,1,1046.0,
20260707,047050,4994.0,14.0,1,4994.0,
20260707,047810,3531.0,17.0,1,3531.0,
20260707,049070,1664.0,1.0,1,1664.0,
20260707,050890,695.0,3.0,1,695.0,
20260707,051370,1132.0,2.0,1,1132.0,
20260707,051500,5119.0,6.0,1,5119.0,
20260707,051600,3498.0,11.0,1,3498.0,
20260707,051900,11073.0,13.0,1,11073.0,
20260707,052400,7251.0,1.0,1,7251.0,
20260707,052690,1704.0,11.0,1,1704.0,
20260707,052710,536.0,2.0,1,536.0,
20260707,053210,462.0,6.0,1,462.0,
20260707,053610,6572.0,,1,6572.0,
20260707,053690,2099.0,2.0,1,2099.0,
20260707,054450,1061.0,1.0,1,1061.0,
20260707,054950,2807.0,5.0,1,2807.0,
20260707,055550,11771.0,18.0,1,11771.0,
20260707,056090,146.0,,1,146.0,
20260707,056190,2333.0,2.0,1,2333.0,
20260707,058430,467.0,1.0,1,467.0,
20260707,058470,2457.0,6.0,1,2457.0,
20260707,058610,803.0,1.0,1,803.0,
20260707,058650,19337.0,1.0,1,19337.0,
20260707,058970,146.0,1.0,1,146.0,
20260707,059210,613.0,,1,613.0,
20260707,060250,1400.0,5.0,1,1400.0,
20260707,060370,454.0,1.0,1,454.0,
20260707,060720,914.0,3.0,1,914.0,
20260707,060980,6070.0,3.0,1,6070.0,
20260707,061090,4257.0,1.0,1,4257.0,
20260707,062040,6813.0,8.0,1,6813.0,
20260707,063570,419.0,1.0,1,419.0,
20260707,064290,458.0,2.0,1,458.0,
20260707,064350,8718.0,19.0,1,8718.0,
20260707,064400,5039.0,10.0,1,5039.0,
20260707,064760,9842.0,4.0,1,9842.0,
20260707,064850,2209.0,,1,2209.0,
20260707,064960,3780.0,5.0,1,3780.0,
20260707,066570,10693.0,20.0,1,10693.0,
20260707,066980,21.0,,1,21.0,
20260707,067160,8294.0,7.0,1,8294.0,
20260707,067310,2437.0,4.0,1,2437.0,
20260707,068270,6245.0,19.0,1,6245.0,
20260707,068930,1012.0,1.0,1,1012.0,
20260707,069080,1078.0,2.0,1,1078.0,
20260707,069260,1799.0,2.0,1,1799.0,
20260707,069620,15302.0,10.0,1,15302.0,
20260707,069960,12767.0,17.0,1,12767.0,
20260707,070960,104.0,1.0,1,104.0,
20260707,071050,45520.0,16.0,1,45520.0,
20260707,071320,20089.0,2.0,1,20089.0,
20260707,071970,4255.0,6.0,1,4255.0,
20260707,073240,1354.0,10.0,1,1354.0,
20260707,073490,2098.0,1.0,1,2098.0,
20260707,074600,2440.0,2.0,1,2440.0,
20260707,075580,1004.0,1.0,1,1004.0,
20260707,077360,341.0,2.0,1,341.0,
20260707,077970,2030.0,3.0,1,2030.0,
20260707,078340,2238.0,6.0,1,2238.0,
20260707,078600,1078.0,2.0,1,1078.0,
20260707,078930,17075.0,6.0,1,17075.0,
20260707,079430,412.0,3.0,1,412.0,
20260707,079550,16434.0,17.0,1,16434.0,
20260707,079900,2285.0,2.0,1,2285.0,
20260707,080160,757.0,1.0,1,757.0,
20260707,080220,,,0,,
20260707,080580,1002.0,1.0,1,1002.0,
20260707,081660,5029.0,9.0,1,5029.0,
20260707,082740,2449.0,8.0,1,2449.0,
20260707,082920,1718.0,3.0,1,1718.0,
20260707,083450,3288.0,,1,3288.0,
20260707,083500,1669.0,3.0,1,1669.0,
20260707,083650,2556.0,3.0,1,2556.0,
20260707,084010,524.0,2.0,1,524.0,
20260707,084370,4060.0,3.0,1,4060.0,
20260707,084850,185.0,,1,185.0,
20260707,085910,819.0,1.0,1,819.0,
20260707,086280,22882.0,17.0,1,22882.0,
20260707,086390,961.0,2.0,1,961.0,
20260707,086450,1974.0,2.0,1,1974.0,
20260707,086790,16077.0,19.0,1,16077.0,
20260707,086900,3553.0,2.0,1,3553.0,
20260707,088350,950.0,12.0,1,950.0,
20260707,088980,710.0,2.0,1,710.0,
20260707,089010,2018.0,2.0,1,2018.0,
20260707,089030,1927.0,,1,1927.0,
20260707,089600,1573.0,3.0,1,1573.0,
20260707,089860,4153.0,9.0,1,4153.0,
20260707,089970,3229.0,4.0,1,3229.0,
20260707,089980,475.0,1.0,1,475.0,
20260707,090430,5117.0,18.0,1,5117.0,
20260707,090460,2825.0,11.0,1,2825.0,
20260707,091580,1399.0,1.0,1,1399.0,
20260707,091700,678.0,2.0,1,678.0,
20260707,092130,1146.0,1.0,1,1146.0,
20260707,092730,1757.0,1.0,1,1757.0,
20260707,092870,1383.0,,1,1383.0,
20260707,093370,206.0,1.0,1,206.0,
20260707,093520,2120.0,1.0,1,2120.0,
20260707,094170,478.0,,1,478.0,
20260707,094360,452.0,2.0,1,452.0,
20260707,094840,1570.0,,1,1570.0,
20260707,095340,4267.0,8.0,1,4267.0,
20260707,095570,501.0,3.0,1,501.0,
20260707,095610,5098.0,7.0,1,5098.0,
20260707,095660,1982.0,12.0,1,1982.0,
20260707,096530,1739.0,2.0,1,1739.0,
20260707,096770,11048.0,12.0,1,11048.0,
20260707,097230,1750.0,1.0,1,1750.0,
20260707,097520,2511.0,4.0,1,2511.0,
20260707,097950,23790.0,12.0,1,23790.0,
20260707,098070,3201.0,,1,3201.0,
20260707,098460,688.0,6.0,1,688.0,
20260707,099190,103.0,2.0,1,103.0,
20260707,099320,1540.0,3.0,1,1540.0,
20260707,099430,448.0,1.0,1,448.0,
20260707,100090,719.0,6.0,1,719.0,
20260707,100120,3562.0,3.0,1,3562.0,
20260707,100840,4868.0,2.0,1,4868.0,
20260707,102710,4140.0,2.0,1,4140.0,
20260707,103140,8927.0,12.0,1,8927.0,
20260707,103590,3157.0,3.0,1,3157.0,
20260707,104700,219.0,1.0,1,219.0,
20260707,104830,4878.0,2.0,1,4878.0,
20260707,105560,17867.0,19.0,1,17867.0,
20260707,105630,1308.0,9.0,1,1308.0,
20260707,105840,797.0,1.0,1,797.0,
20260707,107640,631.0,1.0,1,631.0,
20260707,108320,3935.0,1.0,1,3935.0,
20260707,108380,2921.0,2.0,1,2921.0,
20260707,108490,408.0,6.0,1,408.0,
20260707,108670,6614.0,5.0,1,6614.0,
20260707,111770,13285.0,9.0,1,13285.0,
20260707,112040,1355.0,1.0,1,1355.0,
20260707,112610,4315.0,9.0,1,4315.0,
20260707,114090,987.0,11.0,1,987.0,
20260707,114810,1486.0,2.0,1,1486.0,
20260707,114840,1438.0,1.0,1,1438.0,
20260707,119610,1895.0,1.0,1,1895.0,
20260707,120110,5939.0,5.0,1,5939.0,
20260707,121600,735.0,1.0,1,735.0,
20260707,122450,739.0,,1,739.0,
20260707,122640,998.0,2.0,1,998.0,
20260707,122870,3020.0,19.0,1,3020.0,
20260707,122900,1256.0,1.0,1,1256.0,
20260707,123330,2654.0,,1,2654.0,
20260707,125210,691.0,1.0,1,691.0,
20260707,125490,219.0,2.0,1,219.0,
20260707,126340,281.0,1.0,1,281.0,
20260707,126700,1780.0,,1,1780.0,
20260707,126720,3850.0,1.0,1,3850.0,
20260707,128940,14650.0,15.0,1,14650.0,
20260707,131290,12087.0,3.0,1,12087.0,
20260707,131970,2213.0,7.0,1,2213.0,
20260707,138040,14331.0,5.0,1,14331.0,
20260707,138080,480.0,1.0,1,480.0,
20260707,138930,2766.0,17.0,1,2766.0,
20260707,139130,3094.0,17.0,1,3094.0,
20260707,139480,6176.0,10.0,1,6176.0,
20260707,140860,7481.0,7.0,1,7481.0,
20260707,142210,2496.0,,1,2496.0,
20260707,145020,14224.0,13.0,1,14224.0,
20260707,145720,7151.0,5.0,1,7151.0,
20260707,148150,287.0,1.0,1,287.0,
20260707,149950,827.0,1.0,1,827.0,
20260707,161390,10756.0,15.0,1,10756.0,
20260707,161890,7292.0,19.0,1,7292.0,
20260707,163730,481.0,,1,481.0,
20260707,166090,4050.0,1.0,1,4050.0,
20260707,170920,2262.0,1.0,1,2262.0,
20260707,171090,8417.0,4.0,1,8417.0,
20260707,175330,3946.0,17.0,1,3946.0,
20260707,178320,994.0,2.0,1,994.0,
20260707,178920,1755.0,4.0,1,1755.0,
20260707,181710,3393.0,10.0,1,3393.0,
20260707,183190,1074.0,2.0,1,1074.0,
20260707,183300,3173.0,2.0,1,3173.0,
20260707,185750,4564.0,5.0,1,4564.0,
20260707,187790,248.0,,1,248.0,
20260707,189300,3665.0,5.0,1,3665.0,
20260707,190510,1079.0,,1,1079.0,
20260707,192080,9124.0,14.0,1,9124.0,
20260707,192400,4330.0,1.0,1,4330.0,
20260707,192650,180.0,3.0,1,180.0,
20260707,192820,13142.0,18.0,1,13142.0,
20260707,194370,3753.0,1.0,1,3753.0,
20260707,195870,4189.0,8.0,1,4189.0,
20260707,195940,3296.0,13.0,1,3296.0,
20260707,196170,5144.0,3.0,1,5144.0,
20260707,200670,3939.0,2.0,1,3939.0,
20260707,200710,1549.0,2.0,1,1549.0,
20260707,204270,997.0,1.0,1,997.0,
20260707,204320,4113.0,19.0,1,4113.0,
20260707,204610,259.0,,1,259.0,
20260707,207940,42235.0,18.0,1,42235.0,
20260707,211050,1744.0,1.0,1,1744.0,
20260707,213420,3084.0,7.0,1,3084.0,
20260707,213500,1311.0,2.0,1,1311.0,
20260707,214150,2717.0,16.0,1,2717.0,
20260707,214180,3075.0,2.0,1,3075.0,
20260707,214320,2816.0,9.0,1,2816.0,
20260707,214420,665.0,1.0,1,665.0,
20260707,214430,2600.0,,1,2600.0,
20260707,214450,18546.0,14.0,1,18546.0,
20260707,215000,8366.0,2.0,1,8366.0,
20260707,215200,8992.0,1.0,1,8992.0,
20260707,217590,249.0,,1,249.0,
20260707,218410,1665.0,5.0,1,1665.0,
20260707,219130,2930.0,,1,2930.0,
20260707,222040,841.0,1.0,1,841.0,
20260707,222800,3673.0,8.0,1,3673.0,
20260707,228850,1046.0,2.0,1,1046.0,
20260707,229640,1704.0,7.0,1,1704.0,
20260707,230240,1142.0,2.0,1,1142.0,
20260707,232140,423.0,4.0,1,423.0,
20260707,234080,1730.0,1.0,1,1730.0,
20260707,234340,1553.0,2.0,1,1553.0,
20260707,236200,5661.0,1.0,1,5661.0,
20260707,237690,3298.0,14.0,1,3298.0,
20260707,237880,1151.0,2.0,1,1151.0,
20260707,240810,3519.0,5.0,1,3519.0,
20260707,241560,5362.0,7.0,1,5362.0,
20260707,241590,407.0,4.0,1,407.0,
20260707,241710,6421.0,10.0,1,6421.0,
20260707,243840,304.0,2.0,1,304.0,
20260707,244920,,1.0,0,,
20260707,247540,374.0,18.0,1,374.0,
20260707,248070,1022.0,5.0,1,1022.0,
20260707,251270,4576.0,14.0,1,4576.0,
20260707,251970,3510.0,2.0,1,3510.0,
20260707,252990,531.0,,1,531.0,
20260707,253450,1202.0,11.0,1,1202.0,
20260707,257720,3334.0,6.0,1,3334.0,
20260707,259630,1781.0,,1,1781.0,
20260707,259960,23800.0,18.0,1,23800.0,
20260707,263750,5749.0,9.0,1,5749.0,
20260707,263860,1267.0,,1,1267.0,
20260707,264660,1708.0,,1,1708.0,
20260707,267250,30580.0,5.0,1,30580.0,
20260707,267260,27090.0,14.0,1,27090.0,
20260707,267270,10784.0,6.0,1,10784.0,
20260707,271560,12240.0,12.0,1,12240.0,
20260707,272210,1222.0,14.0,1,1222.0,
20260707,272290,2960.0,2.0,1,2960.0,
20260707,277810,773.0,1.0,1,773.0,
20260707,278470,14367.0,19.0,1,14367.0,
20260707,279570,313.0,2.0,1,313.0,
20260707,280360,12454.0,10.0,1,12454.0,
20260707,281820,6467.0,1.0,1,6467.0,
20260707,282330,12930.0,14.0,1,12930.0,
20260707,282720,74.0,1.0,1,74.0,
20260707,282880,1334.0,1.0,1,1334.0,
20260707,285130,7693.0,2.0,1,7693.0,
20260707,286940,1619.0,3.0,1,1619.0,
20260707,290550,1800.0,1.0,1,1800.0,
20260707,290650,1128.0,,1,1128.0,
20260707,293480,1232.0,1.0,1,1232.0,
20260707,294570,2140.0,,1,2140.0,
20260707,294870,5347.0,13.0,1,5347.0,
20260707,295310,1216.0,1.0,1,1216.0,
20260707,297090,568.0,1.0,1,568.0,
20260707,298020,45341.0,5.0,1,45341.0,
20260707,298040,84457.0,13.0,1,84457.0,
20260707,298050,13482.0,5.0,1,13482.0,
20260707,299030,1226.0,,1,1226.0,
20260707,300720,952.0,2.0,1,952.0,
20260707,306200,19039.0,5.0,1,19039.0,
20260707,307950,7603.0,15.0,1,7603.0,
20260707,316140,4291.0,20.0,1,4291.0,
20260707,317400,1448.0,1.0,1,1448.0,
20260707,319400,153.0,,1,153.0,
20260707,319660,5265.0,6.0,1,5265.0,
20260707,322000,8134.0,2.0,1,8134.0,
20260707,322310,427.0,1.0,1,427.0,
20260707,323410,1260.0,12.0,1,1260.0,
20260707,326030,4370.0,12.0,1,4370.0,
20260707,327260,1379.0,2.0,1,1379.0,
20260707,329180,29169.0,21.0,1,29169.0,
20260707,330860,1428.0,2.0,1,1428.0,
20260707,336370,1326.0,3.0,1,1326.0,
20260707,336570,545.0,2.0,1,545.0,
20260707,339770,416.0,1.0,1,416.0,
20260707,340450,262.0,,1,262.0,
20260707,340570,6385.0,4.0,1,6385.0,
20260707,347700,916.0,1.0,1,916.0,
20260707,348210,1887.0,3.0,1,1887.0,
20260707,352480,1343.0,,1,1343.0,
20260707,352820,4667.0,20.0,1,4667.0,
20260707,353200,3905.0,14.0,1,3905.0,
20260707,353810,,,0,,
20260707,354320,1200.0,1.0,1,1200.0,
20260707,355150,981.0,,1,981.0,
20260707,356860,3694.0,8.0,1,3694.0,
20260707,357780,19332.0,9.0,1,19332.0,
20260707,361390,229.0,1.0,1,229.0,
20260707,375500,9913.0,18.0,1,9913.0,
20260707,376270,1737.0,1.0,1,1737.0,
20260707,376300,1754.0,14.0,1,1754.0,
20260707,377300,849.0,6.0,1,849.0,
20260707,381970,1068.0,4.0,1,1068.0,
20260707,382800,754.0,,1,754.0,
20260707,383220,12775.0,10.0,1,12775.0,
20260707,383310,1335.0,1.0,1,1335.0,
20260707,383800,1955.0,2.0,1,1955.0,
20260707,388050,540.0,,1,540.0,
20260707,388210,6513.0,3.0,1,6513.0,
20260707,402340,293498.0,7.0,1,293498.0,
20260707,403550,83.0,1.0,1,83.0,
20260707,403870,1435.0,5.0,1,1435.0,
20260707,405100,773.0,1.0,1,773.0,
20260707,413630,124.0,,1,124.0,
20260707,415640,,,0,,
20260707,417840,1231.0,1.0,1,1231.0,
20260707,419530,2734.0,2.0,1,2734.0,
20260707,420770,959.0,2.0,1,959.0,
20260707,425040,,,0,,
20260707,425420,2620.0,,1,2620.0,
20260707,439260,7903.0,5.0,1,7903.0,
20260707,440110,917.0,1.0,1,917.0,
20260707,441270,610.0,,1,610.0,
20260707,443060,8104.0,10.0,1,8104.0,
20260707,445090,174.0,,1,174.0,
20260707,450950,245.0,2.0,1,245.0,
20260707,451760,457.0,1.0,1,457.0,
20260707,452430,419.0,1.0,1,419.0,
20260707,453340,3489.0,3.0,1,3489.0,
20260707,453450,768.0,,1,768.0,
20260707,454910,108.0,1.0,1,108.0,
20260707,456010,441.0,1.0,1,441.0,
20260707,456040,13326.0,3.0,1,13326.0,
20260707,458870,1542.0,5.0,1,1542.0,
20260707,460860,742.0,4.0,1,742.0,
20260707,462870,2137.0,11.0,1,2137.0,
20260707,473980,1425.0,1.0,1,1425.0,
20260707,474170,87.0,1.0,1,87.0,
20260707,475150,878.0,2.0,1,878.0,
20260707,475430,560.0,,1,560.0,
20260707,475960,37.0,1.0,1,37.0,
20260707,476060,550.0,1.0,1,550.0,
20260707,482630,1028.0,2.0,1,1028.0,
20260707,483650,10200.0,12.0,1,10200.0,
20260707,484590,789.0,,1,789.0,
20260707,488280,144.0,,1,144.0,
20260707,489500,1479.0,,1,1479.0,
20260707,489790,2811.0,3.0,1,2811.0,
20260707,499790,2675.0,5.0,1,2675.0,
20260708,000080,1365.0,5.0,1,1365.0,
20260708,000100,1832.0,13.0,1,1832.0,
20260708,000120,11461.0,12.0,1,11461.0,
20260708,000150,21631.0,12.0,1,21631.0,
20260708,000210,10121.0,2.0,1,10121.0,
20260708,000240,4438.0,1.0,1,4438.0,
20260708,000270,21414.0,23.0,1,21414.0,
20260708,000370,2152.0,7.0,1,2152.0,
20260708,000640,12484.0,2.0,1,12484.0,
20260708,000660,316656.0,24.0,1,316656.0,
20260708,000720,4790.0,21.0,1,4790.0,
20260708,0007C0,199.0,,1,199.0,
20260708,000810,44510.0,17.0,1,44510.0,
20260708,000880,9511.0,10.0,1,9511.0,
20260708,0008Z0,2119.0,1.0,1,2119.0,
20260708,000990,8413.0,3.0,1,8413.0,
20260708,001040,10171.0,9.0,1,10171.0,
20260708,001120,7840.0,6.0,1,7840.0,
20260708,0011A0,870.0,,1,870.0,
20260708,001230,179.0,1.0,1,179.0,
20260708,001250,246.0,1.0,1,246.0,
20260708,001340,229.0,1.0,1,229.0,
20260708,001430,2440.0,10.0,1,2440.0,
20260708,001440,523.0,5.0,1,523.0,
20260708,001450,7857.0,17.0,1,7857.0,
20260708,001530,657.0,1.0,1,657.0,
20260708,001680,2694.0,2.0,1,2694.0,
20260708,001740,395.0,4.0,1,395.0,
20260708,001940,988.0,1.0,1,988.0,
20260708,002020,4976.0,1.0,1,4976.0,
20260708,002320,775.0,1.0,1,775.0,
20260708,002350,1522.0,14.0,1,1522.0,
20260708,002380,180664.0,4.0,1,180664.0,
20260708,002990,1469.0,2.0,1,1469.0,
20260708,003030,22926.0,2.0,1,22926.0,
20260708,003070,2293.0,1.0,1,2293.0,
20260708,003160,1424.0,2.0,1,1424.0,
20260708,003220,709.0,5.0,1,709.0,
20260708,003230,73923.0,13.0,1,73923.0,
20260708,003490,587.0,13.0,1,587.0,
20260708,003540,3991.0,2.0,1,3991.0,
20260708,003550,7501.0,11.0,1,7501.0,
20260708,003570,2734.0,1.0,1,2734.0,
20260708,003670,202.0,15.0,1,202.0,
20260708,003850,772.0,1.0,1,772.0,
20260708,004000,7089.0,6.0,1,7089.0,
20260708,004020,1423.0,16.0,1,1423.0,
20260708,004170,39783.0,18.0,1,39783.0,
20260708,004370,31301.0,11.0,1,31301.0,
20260708,004690,37548.0,1.0,1,37548.0,
20260708,004800,19832.0,2.0,1,19832.0,
20260708,004990,897.0,4.0,1,897.0,
20260708,005070,221.0,3.0,1,221.0,
20260708,005090,1945.0,3.0,1,1945.0,
20260708,005180,8570.0,,1,8570.0,
20260708,005300,10572.0,10.0,1,10572.0,
20260708,005380,39250.0,25.0,1,39250.0,
20260708,005440,1835.0,4.0,1,1835.0,
20260708,005490,22869.0,17.0,1,22869.0,
20260708,005500,1719.0,1.0,1,1719.0,
20260708,005690,914.0,3.0,1,914.0,
20260708,005810,8601.0,1.0,1,8601.0,
20260708,005830,23285.0,16.0,1,23285.0,
20260708,005850,8293.0,7.0,1,8293.0,
20260708,005880,486.0,4.0,1,486.0,
20260708,005930,45690.0,24.0,1,45690.0,
20260708,005940,4196.0,18.0,1,4196.0,
20260708,006040,7733.0,3.0,1,7733.0,
20260708,006110,159.0,,1,159.0,
20260708,006260,18773.0,10.0,1,18773.0,
20260708,006280,6833.0,12.0,1,6833.0,
20260708,006360,2701.0,19.0,1,2701.0,
20260708,006400,4179.0,23.0,1,4179.0,
20260708,006650,18482.0,6.0,1,18482.0,
20260708,006730,668.0,5.0,1,668.0,
20260708,006800,4310.0,17.0,1,4310.0,
20260708,007070,2438.0,13.0,1,2438.0,
20260708,007340,5355.0,2.0,1,5355.0,
20260708,007660,3559.0,12.0,1,3559.0,
20260708,007690,4568.0,1.0,1,4568.0,
20260708,007810,4392.0,3.0,1,4392.0,
20260708,008730,516.0,,1,516.0,
20260708,008770,2470.0,12.0,1,2470.0,
20260708,009150,17023.0,20.0,1,17023.0,
20260708,009240,1117.0,6.0,1,1117.0,
20260708,009420,3.0,8.0,1,3.0,
20260708,009450,11851.0,2.0,1,11851.0,
20260708,009540,50066.0,14.0,1,50066.0,
20260708,009830,2225.0,12.0,1,2225.0,
20260708,009900,1534.0,1.0,1,1534.0,
20260708,010060,11365.0,8.0,1,11365.0,
20260708,010120,3403.0,13.0,1,3403.0,
20260708,010130,63249.0,5.0,1,63249.0,
20260708,010140,1199.0,20.0,1,1199.0,
20260708,010690,2520.0,1.0,1,2520.0,
20260708,010780,4901.0,5.0,1,4901.0,
20260708,010950,21309.0,17.0,1,21309.0,
20260708,011070,35989.0,20.0,1,35989.0,
20260708,011200,1483.0,13.0,1,1483.0,
20260708,011210,5596.0,10.0,1,5596.0,
20260708,011560,4622.0,1.0,1,4622.0,
20260708,011760,7597.0,4.0,1,7597.0,
20260708,011780,14335.0,13.0,1,14335.0,
20260708,011930,735.0,1.0,1,735.0,
20260708,012210,353.0,,1,353.0,
20260708,012330,45849.0,25.0,1,45849.0,
20260708,012450,41812.0,18.0,1,41812.0,
20260708,012630,3783.0,1.0,1,3783.0,
20260708,0126Z0,10437.0,3.0,1,10437.0,
20260708,012750,4175.0,4.0,1,4175.0,
20260708,013030,4320.0,1.0,1,4320.0,
20260708,013120,286.0,1.0,1,286.0,
20260708,013580,11757.0,1.0,1,11757.0,
20260708,014620,1777.0,3.0,1,1777.0,
20260708,014680,15370.0,10.0,1,15370.0,
20260708,014790,1081.0,3.0,1,1081.0,
20260708,014830,13163.0,6.0,1,13163.0,
20260708,015760,8949.0,15.0,1,8949.0,
20260708,016360,18214.0,18.0,1,18214.0,
20260708,016380,1383.0,3.0,1,1383.0,
20260708,016580,1108.0,1.0,1,1108.0,
20260708,017670,5671.0,18.0,1,5671.0,
20260708,017800,5129.0,1.0,1,5129.0,
20260708,017810,1078.0,1.0,1,1078.0,
20260708,017940,31166.0,1.0,1,31166.0,
20260708,017960,2230.0,3.0,1,2230.0,
20260708,018250,625.0,,1,625.0,
20260708,018260,9143.0,10.0,1,9143.0,
20260708,018290,1488.0,2.0,1,1488.0,
20260708,018670,54884.0,5.0,1,54884.0,
20260708,018880,236.0,17.0,1,236.0,
20260708,020000,3753.0,6.0,1,3753.0,
20260708,021240,9921.0,4.0,1,9921.0,
20260708,021320,1869.0,1.0,1,1869.0,
20260708,023160,2057.0,4.0,1,2057.0,
20260708,023530,13302.0,15.0,1,13302.0,
20260708,024110,3516.0,14.0,1,3516.0,
20260708,025320,105.0,,1,105.0,
20260708,025540,11854.0,1.0,1,11854.0,
20260708,027410,648.0,1.0,1,648.0,
20260708,028050,3658.0,20.0,1,3658.0,
20260708,028260,16085.0,13.0,1,16085.0,
20260708,028670,733.0,13.0,1,733.0,
20260708,029780,5576.0,3.0,1,5576.0,
20260708,030000,1944.0,10.0,1,1944.0,
20260708,030190,1584.0,1.0,1,1584.0,
20260708,030200,5673.0,17.0,1,5673.0,
20260708,030520,1747.0,3.0,1,1747.0,
20260708,031430,1488.0,7.0,1,1488.0,
20260708,031980,6303.0,5.0,1,6303.0,
20260708,032350,965.0,12.0,1,965.0,
20260708,032500,48.0,1.0,1,48.0,
20260708,032640,1689.0,16.0,1,1689.0,
20260708,032830,14242.0,14.0,1,14242.0,
20260708,033240,3878.0,1.0,1,3878.0,
20260708,033270,2786.0,2.0,1,2786.0,
20260708,033500,2367.0,2.0,1,2367.0,
20260708,033530,,,0,,
20260708,033640,230.0,1.0,1,230.0,
20260708,033780,11838.0,13.0,1,11838.0,
20260708,034020,466.0,15.0,1,466.0,
20260708,034120,497.0,5.0,1,497.0,
20260708,034220,642.0,8.0,1,642.0,
20260708,034230,1025.0,12.0,1,1025.0,
20260708,034730,125347.0,13.0,1,125347.0,
20260708,035150,2381.0,1.0,1,2381.0,
20260708,035250,1370.0,9.0,1,1370.0,
20260708,035420,12190.0,22.0,1,12190.0,
20260708,035600,2141.0,2.0,1,2141.0,
20260708,035720,1545.0,18.0,1,1545.0,
20260708,035760,2418.0,11.0,1,2418.0,
20260708,035900,3840.0,17.0,1,3840.0,
20260708,036010,722.0,,1,722.0,
20260708,036200,848.0,1.0,1,848.0,
20260708,036460,10764.0,8.0,1,10764.0,
20260708,036530,8710.0,1.0,1,8710.0,
20260708,036540,68.0,2.0,1,68.0,
20260708,036570,21384.0,19.0,1,21384.0,
20260708,036620,512.0,3.0,1,512.0,
20260708,036800,5290.0,2.0,1,5290.0,
20260708,036810,,,0,,
20260708,036890,1589.0,,1,1589.0,
20260708,036930,1255.0,2.0,1,1255.0,
20260708,037030,915.0,,1,915.0,
20260708,037560,256.0,3.0,1,256.0,
20260708,039030,10320.0,3.0,1,10320.0,
20260708,039130,3562.0,6.0,1,3562.0,
20260708,039200,836.0,1.0,1,836.0,
20260708,039440,4901.0,1.0,1,4901.0,
20260708,039490,61602.0,17.0,1,61602.0,
20260708,039570,1271.0,1.0,1,1271.0,
20260708,039830,3396.0,,1,3396.0,
20260708,039840,1689.0,2.0,1,1689.0,
20260708,041510,5995.0,19.0,1,5995.0,
20260708,041830,3328.0,2.0,1,3328.0,
20260708,041920,1048.0,1.0,1,1048.0,
20260708,042000,1632.0,1.0,1,1632.0,
20260708,042520,1085.0,1.0,1,1085.0,
20260708,042660,5107.0,20.0,1,5107.0,
20260708,042700,3539.0,1.0,1,3539.0,
20260708,043150,3277.0,4.0,1,3277.0,
20260708,043260,4882.0,2.0,1,4882.0,
20260708,044490,1414.0,1.0,1,1414.0,
20260708,046440,889.0,1.0,1,889.0,
20260708,047040,1046.0,11.0,1,1046.0,
20260708,047050,4994.0,13.0,1,4994.0,
20260708,047810,3507.0,16.0,1,3507.0,
20260708,049070,1664.0,1.0,1,1664.0,
20260708,050890,695.0,3.0,1,695.0,
20260708,051370,1132.0,2.0,1,1132.0,
20260708,051500,5119.0,6.0,1,5119.0,
20260708,051600,3498.0,11.0,1,3498.0,
20260708,051900,10967.0,14.0,1,10967.0,
20260708,052400,7251.0,1.0,1,7251.0,
20260708,052690,1704.0,11.0,1,1704.0,
20260708,052710,536.0,2.0,1,536.0,
20260708,053210,462.0,6.0,1,462.0,
20260708,053610,6365.0,,1,6365.0,
20260708,053690,2099.0,2.0,1,2099.0,
20260708,054450,1061.0,1.0,1,1061.0,
20260708,054950,2807.0,5.0,1,2807.0,
20260708,055550,11771.0,18.0,1,11771.0,
20260708,056090,146.0,,1,146.0,
20260708,056190,2333.0,2.0,1,2333.0,
20260708,058430,467.0,1.0,1,467.0,
20260708,058470,2466.0,6.0,1,2466.0,
20260708,058610,803.0,1.0,1,803.0,
20260708,058650,19337.0,1.0,1,19337.0,
20260708,058970,146.0,1.0,1,146.0,
20260708,059210,613.0,,1,613.0,
20260708,060250,1400.0,5.0,1,1400.0,
20260708,060370,454.0,1.0,1,454.0,
20260708,060720,914.0,3.0,1,914.0,
20260708,060980,6070.0,3.0,1,6070.0,
20260708,061090,4257.0,1.0,1,4257.0,
20260708,062040,6813.0,8.0,1,6813.0,
20260708,063570,419.0,1.0,1,419.0,
20260708,064290,458.0,2.0,1,458.0,
20260708,064350,8718.0,18.0,1,8718.0,
20260708,064400,5039.0,10.0,1,5039.0,
20260708,064760,9770.0,5.0,1,9770.0,
20260708,064850,2209.0,,1,2209.0,
20260708,064960,3780.0,5.0,1,3780.0,
20260708,066570,11166.0,19.0,1,11166.0,
20260708,066980,21.0,,1,21.0,
20260708,067160,8294.0,7.0,1,8294.0,
20260708,067310,2437.0,4.0,1,2437.0,
20260708,068270,6231.0,18.0,1,6231.0,
20260708,068930,1012.0,1.0,1,1012.0,
20260708,069080,1078.0,2.0,1,1078.0,
20260708,069260,1799.0,2.0,1,1799.0,
20260708,069620,15302.0,9.0,1,15302.0,
20260708,069960,12810.0,17.0,1,12810.0,
20260708,070960,104.0,1.0,1,104.0,
20260708,071050,45520.0,16.0,1,45520.0,
20260708,071320,20089.0,2.0,1,20089.0,
20260708,071970,4255.0,6.0,1,4255.0,
20260708,073240,1354.0,10.0,1,1354.0,
20260708,073490,2098.0,1.0,1,2098.0,
20260708,074600,2440.0,2.0,1,2440.0,
20260708,075580,1004.0,1.0,1,1004.0,
20260708,077360,341.0,2.0,1,341.0,
20260708,077970,2030.0,3.0,1,2030.0,
20260708,078340,2238.0,6.0,1,2238.0,
20260708,078600,1078.0,2.0,1,1078.0,
20260708,078930,17075.0,6.0,1,17075.0,
20260708,079430,412.0,3.0,1,412.0,
20260708,079550,16434.0,17.0,1,16434.0,
20260708,079900,2285.0,2.0,1,2285.0,
20260708,080160,,,0,,
20260708,080220,,,0,,
20260708,080580,1002.0,1.0,1,1002.0,
20260708,081660,5029.0,9.0,1,5029.0,
20260708,082740,2449.0,8.0,1,2449.0,
20260708,082920,1718.0,3.0,1,1718.0,
20260708,083450,3288.0,,1,3288.0,
20260708,083500,1669.0,3.0,1,1669.0,
20260708,083650,2556.0,3.0,1,2556.0,
20260708,084010,524.0,2.0,1,524.0,
20260708,084370,4060.0,3.0,1,4060.0,
20260708,084850,185.0,,1,185.0,
20260708,085910,819.0,1.0,1,819.0,
20260708,086280,22882.0,17.0,1,22882.0,
20260708,086390,961.0,2.0,1,961.0,
20260708,086450,1974.0,2.0,1,1974.0,
20260708,086790,16091.0,19.0,1,16091.0,
20260708,086900,3553.0,2.0,1,3553.0,
20260708,088350,950.0,12.0,1,950.0,
20260708,088980,710.0,2.0,1,710.0,
20260708,089010,2018.0,2.0,1,2018.0,
20260708,089030,1927.0,,1,1927.0,
20260708,089600,1573.0,3.0,1,1573.0,
20260708,089860,4153.0,9.0,1,4153.0,
20260708,089970,3298.0,4.0,1,3298.0,
20260708,089980,475.0,1.0,1,475.0,
20260708,090430,5129.0,19.0,1,5129.0,
20260708,090460,2825.0,11.0,1,2825.0,
20260708,091580,1399.0,1.0,1,1399.0,
20260708,091700,678.0,2.0,1,678.0,
20260708,092130,1146.0,1.0,1,1146.0,
20260708,092730,1757.0,1.0,1,1757.0,
20260708,092870,1383.0,,1,1383.0,
20260708,093370,206.0,1.0,1,206.0,
20260708,093520,2120.0,1.0,1,2120.0,
20260708,094170,478.0,,1,478.0,
20260708,094360,452.0,2.0,1,452.0,
20260708,094840,1570.0,,1,1570.0,
20260708,095340,4267.0,8.0,1,4267.0,
20260708,095570,501.0,3.0,1,501.0,
20260708,095610,5098.0,7.0,1,5098.0,
20260708,095660,1982.0,12.0,1,1982.0,
20260708,096530,1739.0,2.0,1,1739.0,
20260708,096770,11048.0,12.0,1,11048.0,
20260708,097230,1750.0,1.0,1,1750.0,
20260708,097520,2511.0,4.0,1,2511.0,
20260708,097950,23790.0,12.0,1,23790.0,
20260708,098070,3201.0,,1,3201.0,
20260708,098460,688.0,6.0,1,688.0,
20260708,099190,103.0,2.0,1,103.0,
20260708,099320,1540.0,3.0,1,1540.0,
20260708,099430,448.0,1.0,1,448.0,
20260708,100090,719.0,6.0,1,719.0,
20260708,100120,3562.0,3.0,1,3562.0,
20260708,100840,4868.0,2.0,1,4868.0,
20260708,102710,4140.0,2.0,1,4140.0,
20260708,103140,8964.0,11.0,1,8964.0,
20260708,103590,3157.0,3.0,1,3157.0,
20260708,104700,219.0,1.0,1,219.0,
20260708,104830,4878.0,2.0,1,4878.0,
20260708,105560,17959.0,19.0,1,17959.0,
20260708,105630,1308.0,9.0,1,1308.0,
20260708,105840,797.0,1.0,1,797.0,
20260708,107640,631.0,1.0,1,631.0,
20260708,108320,3935.0,1.0,1,3935.0,
20260708,108380,2921.0,2.0,1,2921.0,
20260708,108490,408.0,6.0,1,408.0,
20260708,108670,6614.0,5.0,1,6614.0,
20260708,111770,13285.0,9.0,1,13285.0,
20260708,112040,1355.0,1.0,1,1355.0,
20260708,112610,4315.0,9.0,1,4315.0,
20260708,114090,987.0,11.0,1,987.0,
20260708,114810,1486.0,2.0,1,1486.0,
20260708,114840,1438.0,1.0,1,1438.0,
20260708,119610,1895.0,1.0,1,1895.0,
20260708,120110,6038.0,6.0,1,6038.0,
20260708,121600,735.0,1.0,1,735.0,
20260708,122450,739.0,,1,739.0,
20260708,122640,998.0,2.0,1,998.0,
20260708,122870,3014.0,19.0,1,3014.0,
20260708,122900,1256.0,1.0,1,1256.0,
20260708,123330,2654.0,,1,2654.0,
20260708,125210,691.0,1.0,1,691.0,
20260708,125490,219.0,2.0,1,219.0,
20260708,126340,281.0,1.0,1,281.0,
20260708,126700,1780.0,,1,1780.0,
20260708,126720,3850.0,1.0,1,3850.0,
20260708,128940,14650.0,15.0,1,14650.0,
20260708,131290,12087.0,3.0,1,12087.0,
20260708,131970,2213.0,7.0,1,2213.0,
20260708,138040,14331.0,5.0,1,14331.0,
20260708,138080,480.0,1.0,1,480.0,
20260708,138930,2766.0,17.0,1,2766.0,
20260708,139130,3094.0,17.0,1,3094.0,
20260708,139480,5912.0,10.0,1,5912.0,
20260708,140860,7481.0,7.0,1,7481.0,
20260708,142210,2496.0,,1,2496.0,
20260708,145020,14307.0,13.0,1,14307.0,
20260708,145720,7151.0,5.0,1,7151.0,
20260708,148150,287.0,1.0,1,287.0,
20260708,149950,827.0,1.0,1,827.0,
20260708,161390,10756.0,15.0,1,10756.0,
20260708,161890,7302.0,20.0,1,7302.0,
20260708,163730,481.0,,1,481.0,
20260708,166090,4050.0,1.0,1,4050.0,
20260708,170920,2262.0,1.0,1,2262.0,
20260708,171090,8417.0,4.0,1,8417.0,
20260708,175330,3946.0,17.0,1,3946.0,
20260708,178320,994.0,2.0,1,994.0,
20260708,178920,1755.0,4.0,1,1755.0,
20260708,181710,3396.0,10.0,1,3396.0,
20260708,183190,1074.0,2.0,1,1074.0,
20260708,183300,3173.0,2.0,1,3173.0,
20260708,185750,4564.0,5.0,1,4564.0,
20260708,187790,248.0,,1,248.0,
20260708,189300,3665.0,5.0,1,3665.0,
20260708,190510,1079.0,,1,1079.0,
20260708,192080,9232.0,14.0,1,9232.0,
20260708,192400,4330.0,1.0,1,4330.0,
20260708,192650,180.0,3.0,1,180.0,
20260708,192820,13154.0,18.0,1,13154.0,
20260708,194370,3753.0,1.0,1,3753.0,
20260708,195870,4204.0,8.0,1,4204.0,
20260708,195940,3296.0,13.0,1,3296.0,
20260708,196170,5144.0,3.0,1,5144.0,
20260708,200670,3939.0,2.0,1,3939.0,
20260708,200710,1549.0,2.0,1,1549.0,
20260708,204270,997.0,1.0,1,997.0,
20260708,204320,4099.0,19.0,1,4099.0,
20260708,204610,259.0,,1,259.0,
20260708,207940,42235.0,18.0,1,42235.0,
20260708,211050,1744.0,1.0,1,1744.0,
20260708,213420,3084.0,7.0,1,3084.0,
20260708,213500,1311.0,2.0,1,1311.0,
20260708,214150,2717.0,16.0,1,2717.0,
20260708,214180,3075.0,2.0,1,3075.0,
20260708,214320,2816.0,9.0,1,2816.0,
20260708,214420,665.0,1.0,1,665.0,
20260708,214430,2600.0,,1,2600.0,
20260708,214450,18546.0,14.0,1,18546.0,
20260708,215000,8366.0,2.0,1,8366.0,
20260708,215200,8992.0,1.0,1,8992.0,
20260708,217590,249.0,,1,249.0,
20260708,218410,1665.0,5.0,1,1665.0,
20260708,219130,2930.0,,1,2930.0,
20260708,222040,841.0,1.0,1,841.0,
20260708,222800,3833.0,8.0,1,3833.0,
20260708,228850,1046.0,2.0,1,1046.0,
20260708,229640,1704.0,7.0,1,1704.0,
20260708,230240,1142.0,2.0,1,1142.0,
20260708,232140,423.0,4.0,1,423.0,
20260708,234080,1730.0,1.0,1,1730.0,
20260708,234340,1553.0,2.0,1,1553.0,
20260708,236200,5661.0,1.0,1,5661.0,
20260708,237690,3298.0,14.0,1,3298.0,
20260708,237880,1144.0,2.0,1,1144.0,
20260708,240810,3519.0,5.0,1,3519.0,
20260708,241560,5362.0,7.0,1,5362.0,
20260708,241590,407.0,4.0,1,407.0,
20260708,241710,6421.0,10.0,1,6421.0,
20260708,243840,304.0,2.0,1,304.0,
20260708,244920,,1.0,0,,
20260708,247540,374.0,18.0,1,374.0,
20260708,248070,1022.0,5.0,1,1022.0,
20260708,251270,4576.0,14.0,1,4576.0,
20260708,251970,3510.0,2.0,1,3510.0,
20260708,252990,531.0,,1,531.0,
20260708,253450,1206.0,11.0,1,1206.0,
20260708,257720,3334.0,6.0,1,3334.0,
20260708,259630,1781.0,,1,1781.0,
20260708,259960,23800.0,18.0,1,23800.0,
20260708,263750,5749.0,9.0,1,5749.0,
20260708,263860,1267.0,,1,1267.0,
20260708,264660,1708.0,,1,1708.0,
20260708,267250,30580.0,5.0,1,30580.0,
20260708,267260,27090.0,14.0,1,27090.0,
20260708,267270,10784.0,6.0,1,10784.0,
20260708,271560,12240.0,12.0,1,12240.0,
20260708,272210,1210.0,13.0,1,1210.0,
20260708,272290,2960.0,2.0,1,2960.0,
20260708,277810,773.0,1.0,1,773.0,
20260708,278470,14367.0,19.0,1,14367.0,
20260708,279570,313.0,2.0,1,313.0,
20260708,280360,12475.0,10.0,1,12475.0,
20260708,281820,6467.0,1.0,1,6467.0,
20260708,282330,12945.0,14.0,1,12945.0,
20260708,282720,74.0,1.0,1,74.0,
20260708,282880,1334.0,1.0,1,1334.0,
20260708,285130,7693.0,2.0,1,7693.0,
20260708,286940,1619.0,3.0,1,1619.0,
20260708,290550,1800.0,1.0,1,1800.0,
20260708,290650,1128.0,,1,1128.0,
20260708,293480,1232.0,1.0,1,1232.0,
20260708,294570,2140.0,,1,2140.0,
20260708,294870,5347.0,13.0,1,5347.0,
20260708,295310,1216.0,1.0,1,1216.0,
20260708,297090,568.0,1.0,1,568.0,
20260708,298020,45341.0,5.0,1,45341.0,
20260708,298040,84457.0,13.0,1,84457.0,
20260708,298050,13482.0,5.0,1,13482.0,
20260708,299030,1226.0,,1,1226.0,
20260708,300720,952.0,2.0,1,952.0,
20260708,306200,19039.0,5.0,1,19039.0,
20260708,307950,7603.0,15.0,1,7603.0,
20260708,316140,4291.0,20.0,1,4291.0,
20260708,317400,1448.0,1.0,1,1448.0,
20260708,319400,153.0,,1,153.0,
20260708,319660,5285.0,7.0,1,5285.0,
20260708,322000,8134.0,2.0,1,8134.0,
20260708,322310,427.0,1.0,1,427.0,
20260708,323410,1260.0,12.0,1,1260.0,
20260708,326030,4370.0,12.0,1,4370.0,
20260708,327260,1379.0,2.0,1,1379.0,
20260708,329180,29169.0,21.0,1,29169.0,
20260708,330860,1428.0,2.0,1,1428.0,
20260708,336370,1326.0,3.0,1,1326.0,
20260708,336570,545.0,2.0,1,545.0,
20260708,339770,416.0,1.0,1,416.0,
20260708,340450,262.0,,1,262.0,
20260708,340570,6385.0,4.0,1,6385.0,
20260708,347700,916.0,1.0,1,916.0,
20260708,348210,1887.0,3.0,1,1887.0,
20260708,352480,1343.0,,1,1343.0,
20260708,352820,4363.0,20.0,1,4363.0,
20260708,353200,3923.0,14.0,1,3923.0,
20260708,353810,,,0,,
20260708,354320,1200.0,1.0,1,1200.0,
20260708,355150,981.0,,1,981.0,
20260708,356860,3714.0,8.0,1,3714.0,
20260708,357780,19332.0,9.0,1,19332.0,
20260708,361390,229.0,1.0,1,229.0,
20260708,375500,9973.0,18.0,1,9973.0,
20260708,376270,1737.0,1.0,1,1737.0,
20260708,376300,1750.0,14.0,1,1750.0,
20260708,377300,849.0,6.0,1,849.0,
20260708,381970,1068.0,4.0,1,1068.0,
20260708,382800,754.0,,1,754.0,
20260708,383220,12775.0,10.0,1,12775.0,
20260708,383310,1333.0,1.0,1,1333.0,
20260708,383800,1955.0,2.0,1,1955.0,
20260708,388050,540.0,,1,540.0,
20260708,388210,6513.0,3.0,1,6513.0,
20260708,402340,293498.0,7.0,1,293498.0,
20260708,403550,83.0,1.0,1,83.0,
20260708,403870,1440.0,6.0,1,1440.0,
20260708,405100,773.0,1.0,1,773.0,
20260708,413630,124.0,,1,124.0,
20260708,415640,,,0,,
20260708,417840,1231.0,1.0,1,1231.0,
20260708,419530,2734.0,2.0,1,2734.0,
20260708,420770,959.0,2.0,1,959.0,
20260708,425040,,,0,,
20260708,425420,2620.0,,1,2620.0,
20260708,439260,7903.0,5.0,1,7903.0,
20260708,440110,917.0,1.0,1,917.0,
20260708,441270,610.0,,1,610.0,
20260708,443060,8104.0,10.0,1,8104.0,
20260708,445090,174.0,,1,174.0,
20260708,450950,245.0,2.0,1,245.0,
20260708,451760,457.0,1.0,1,457.0,
20260708,452430,419.0,1.0,1,419.0,
20260708,453340,3489.0,3.0,1,3489.0,
20260708,453450,768.0,,1,768.0,
20260708,454910,108.0,1.0,1,108.0,
20260708,456010,441.0,1.0,1,441.0,
20260708,456040,13326.0,3.0,1,13326.0,
20260708,458870,1542.0,5.0,1,1542.0,
20260708,460860,742.0,4.0,1,742.0,
20260708,462870,2137.0,10.0,1,2137.0,
20260708,473980,1425.0,1.0,1,1425.0,
20260708,474170,87.0,1.0,1,87.0,
20260708,475150,878.0,2.0,1,878.0,
20260708,475430,560.0,,1,560.0,
20260708,475960,37.0,1.0,1,37.0,
20260708,476060,550.0,1.0,1,550.0,
20260708,482630,1028.0,2.0,1,1028.0,
20260708,483650,10223.0,13.0,1,10223.0,
20260708,484590,789.0,,1,789.0,
20260708,488280,144.0,,1,144.0,
20260708,489500,1479.0,,1,1479.0,
20260708,489790,2811.0,3.0,1,2811.0,
20260708,499790,2675.0,5.0,1,2675.0,
20260709,000080,1365.0,5.0,1,1365.0,
20260709,000100,1832.0,13.0,1,1832.0,
20260709,000120,11282.0,12.0,1,11282.0,
20260709,000150,21394.0,12.0,1,21394.0,
20260709,000210,10121.0,2.0,1,10121.0,
20260709,000240,4438.0,1.0,1,4438.0,
20260709,000270,21494.0,23.0,1,21494.0,
20260709,000370,2152.0,7.0,1,2152.0,
20260709,000640,10397.0,1.0,1,10397.0,
20260709,000660,316656.0,24.0,1,316656.0,
20260709,000720,4790.0,21.0,1,4790.0,
20260709,0007C0,199.0,,1,199.0,
20260709,000810,44639.0,17.0,1,44639.0,
20260709,000880,9713.0,10.0,1,9713.0,
20260709,0008Z0,2119.0,1.0,1,2119.0,
20260709,000990,8413.0,3.0,1,8413.0,
20260709,001040,10171.0,9.0,1,10171.0,
20260709,001120,7840.0,6.0,1,7840.0,
20260709,0011A0,870.0,,1,870.0,
20260709,001230,179.0,1.0,1,179.0,
20260709,001250,246.0,1.0,1,246.0,
20260709,001340,229.0,1.0,1,229.0,
20260709,001430,2440.0,10.0,1,2440.0,
20260709,001440,523.0,5.0,1,523.0,
20260709,001450,7857.0,17.0,1,7857.0,
20260709,001530,657.0,1.0,1,657.0,
20260709,001680,2694.0,2.0,1,2694.0,
20260709,001740,395.0,4.0,1,395.0,
20260709,001940,988.0,1.0,1,988.0,
20260709,002020,4976.0,1.0,1,4976.0,
20260709,002320,775.0,1.0,1,775.0,
20260709,002350,1522.0,14.0,1,1522.0,
20260709,002380,180664.0,4.0,1,180664.0,
20260709,002990,1469.0,2.0,1,1469.0,
20260709,003030,22926.0,2.0,1,22926.0,
20260709,003070,2293.0,1.0,1,2293.0,
20260709,003160,1424.0,2.0,1,1424.0,
20260709,003220,709.0,5.0,1,709.0,
20260709,003230,73923.0,13.0,1,73923.0,
20260709,003490,587.0,13.0,1,587.0,
20260709,003540,4150.0,3.0,1,4150.0,
20260709,003550,7501.0,11.0,1,7501.0,
20260709,003570,2734.0,1.0,1,2734.0,
20260709,003670,201.0,16.0,1,201.0,
20260709,003850,772.0,1.0,1,772.0,
20260709,004000,7089.0,6.0,1,7089.0,
20260709,004020,1423.0,16.0,1,1423.0,
20260709,004170,39973.0,18.0,1,39973.0,
20260709,004370,31301.0,11.0,1,31301.0,
20260709,004690,37548.0,1.0,1,37548.0,
20260709,004800,19832.0,2.0,1,19832.0,
20260709,004990,897.0,4.0,1,897.0,
20260709,005070,221.0,3.0,1,221.0,
20260709,005090,1945.0,3.0,1,1945.0,
20260709,005180,8570.0,,1,8570.0,
20260709,005300,10485.0,9.0,1,10485.0,
20260709,005380,39145.0,25.0,1,39145.0,
20260709,005440,1835.0,4.0,1,1835.0,
20260709,005490,22759.0,17.0,1,22759.0,
20260709,005500,1719.0,1.0,1,1719.0,
20260709,005690,914.0,3.0,1,914.0,
20260709,005810,8601.0,1.0,1,8601.0,
20260709,005830,23285.0,16.0,1,23285.0,
20260709,005850,8293.0,7.0,1,8293.0,
20260709,005880,486.0,4.0,1,486.0,
20260709,005930,46664.0,24.0,1,46664.0,
20260709,005940,4262.0,18.0,1,4262.0,
20260709,006040,7733.0,3.0,1,7733.0,
20260709,006110,159.0,,1,159.0,
20260709,006260,18773.0,10.0,1,18773.0,
20260709,006280,6833.0,12.0,1,6833.0,
20260709,006360,2619.0,18.0,1,2619.0,
20260709,006400,4157.0,23.0,1,4157.0,
20260709,006650,18482.0,6.0,1,18482.0,
20260709,006730,668.0,5.0,1,668.0,
20260709,006800,4461.0,17.0,1,4461.0,
20260709,007070,2441.0,13.0,1,2441.0,
20260709,007340,5355.0,2.0,1,5355.0,
20260709,007660,3559.0,12.0,1,3559.0,
20260709,007690,4568.0,1.0,1,4568.0,
20260709,007810,4392.0,3.0,1,4392.0,
20260709,008730,516.0,,1,516.0,
20260709,008770,2470.0,12.0,1,2470.0,
20260709,009150,17242.0,20.0,1,17242.0,
20260709,009240,1152.0,6.0,1,1152.0,
20260709,009420,3.0,8.0,1,3.0,
20260709,009450,11851.0,2.0,1,11851.0,
20260709,009540,50066.0,14.0,1,50066.0,
20260709,009830,2225.0,12.0,1,2225.0,
20260709,009900,1534.0,1.0,1,1534.0,
20260709,010060,11365.0,8.0,1,11365.0,
20260709,010120,3403.0,13.0,1,3403.0,
20260709,010130,63249.0,5.0,1,63249.0,
20260709,010140,1199.0,20.0,1,1199.0,
20260709,010690,2520.0,1.0,1,2520.0,
20260709,010780,4901.0,5.0,1,4901.0,
20260709,010950,21563.0,17.0,1,21563.0,
20260709,011070,36293.0,20.0,1,36293.0,
20260709,011200,1483.0,13.0,1,1483.0,
20260709,011210,5596.0,10.0,1,5596.0,
20260709,011560,4622.0,1.0,1,4622.0,
20260709,011760,7597.0,4.0,1,7597.0,
20260709,011780,14460.0,13.0,1,14460.0,
20260709,011930,735.0,1.0,1,735.0,
20260709,012210,353.0,,1,353.0,
20260709,012330,45849.0,25.0,1,45849.0,
20260709,012450,41812.0,18.0,1,41812.0,
20260709,012630,3783.0,1.0,1,3783.0,
20260709,0126Z0,10437.0,3.0,1,10437.0,
20260709,012750,4175.0,4.0,1,4175.0,
20260709,013030,4320.0,1.0,1,4320.0,
20260709,013120,286.0,1.0,1,286.0,
20260709,013580,11757.0,1.0,1,11757.0,
20260709,014620,1777.0,3.0,1,1777.0,
20260709,014680,15370.0,10.0,1,15370.0,
20260709,014790,1081.0,3.0,1,1081.0,
20260709,014830,13163.0,6.0,1,13163.0,
20260709,015760,8949.0,15.0,1,8949.0,
20260709,016360,18680.0,18.0,1,18680.0,
20260709,016380,1383.0,3.0,1,1383.0,
20260709,016580,1108.0,1.0,1,1108.0,
20260709,017670,5671.0,18.0,1,5671.0,
20260709,017800,5129.0,1.0,1,5129.0,
20260709,017810,1078.0,1.0,1,1078.0,
20260709,017940,31166.0,1.0,1,31166.0,
20260709,017960,2230.0,3.0,1,2230.0,
20260709,018250,625.0,,1,625.0,
20260709,018260,9209.0,10.0,1,9209.0,
20260709,018290,1488.0,2.0,1,1488.0,
20260709,018670,54884.0,5.0,1,54884.0,
20260709,018880,236.0,17.0,1,236.0,
20260709,020000,3753.0,6.0,1,3753.0,
20260709,021240,9921.0,4.0,1,9921.0,
20260709,021320,1869.0,1.0,1,1869.0,
20260709,023160,2057.0,4.0,1,2057.0,
20260709,023530,13302.0,15.0,1,13302.0,
20260709,024110,3516.0,14.0,1,3516.0,
20260709,025320,105.0,,1,105.0,
20260709,025540,11854.0,1.0,1,11854.0,
20260709,027410,648.0,1.0,1,648.0,
20260709,028050,3611.0,20.0,1,3611.0,
20260709,028260,16085.0,13.0,1,16085.0,
20260709,028670,733.0,13.0,1,733.0,
20260709,029780,5576.0,3.0,1,5576.0,
20260709,030000,1944.0,10.0,1,1944.0,
20260709,030190,1584.0,1.0,1,1584.0,
20260709,030200,5677.0,18.0,1,5677.0,
20260709,030520,1747.0,3.0,1,1747.0,
20260709,031430,1488.0,7.0,1,1488.0,
20260709,031980,6303.0,5.0,1,6303.0,
20260709,032350,965.0,12.0,1,965.0,
20260709,032500,48.0,1.0,1,48.0,
20260709,032640,1689.0,16.0,1,1689.0,
20260709,032830,14242.0,14.0,1,14242.0,
20260709,033240,3878.0,1.0,1,3878.0,
20260709,033270,2808.0,2.0,1,2808.0,
20260709,033500,2367.0,2.0,1,2367.0,
20260709,033530,,,0,,
20260709,033640,230.0,1.0,1,230.0,
20260709,033780,11880.0,13.0,1,11880.0,
20260709,034020,466.0,15.0,1,466.0,
20260709,034120,301.0,5.0,1,301.0,
20260709,034220,642.0,8.0,1,642.0,
20260709,034230,1025.0,12.0,1,1025.0,
20260709,034730,125347.0,13.0,1,125347.0,
20260709,035150,2381.0,1.0,1,2381.0,
20260709,035250,1370.0,9.0,1,1370.0,
20260709,035420,12187.0,22.0,1,12187.0,
20260709,035600,2141.0,2.0,1,2141.0,
20260709,035720,1546.0,18.0,1,1546.0,
20260709,035760,2394.0,11.0,1,2394.0,
20260709,035900,3840.0,17.0,1,3840.0,
20260709,036010,722.0,,1,722.0,
20260709,036200,848.0,1.0,1,848.0,
20260709,036460,10764.0,8.0,1,10764.0,
20260709,036530,8710.0,1.0,1,8710.0,
20260709,036540,68.0,2.0,1,68.0,
20260709,036570,21384.0,19.0,1,21384.0,
20260709,036620,512.0,3.0,1,512.0,
20260709,036800,5290.0,2.0,1,5290.0,
20260709,036810,,,0,,
20260709,036890,1589.0,,1,1589.0,
20260709,036930,1255.0,2.0,1,1255.0,
20260709,037030,915.0,,1,915.0,
20260709,037560,256.0,3.0,1,256.0,
20260709,039030,10320.0,3.0,1,10320.0,
20260709,039130,3562.0,6.0,1,3562.0,
20260709,039200,836.0,1.0,1,836.0,
20260709,039440,4901.0,1.0,1,4901.0,
20260709,039490,64059.0,17.0,1,64059.0,
20260709,039570,1271.0,1.0,1,1271.0,
20260709,039830,3396.0,,1,3396.0,
20260709,039840,1689.0,2.0,1,1689.0,
20260709,041510,5995.0,19.0,1,5995.0,
20260709,041830,3579.0,1.0,1,3579.0,
20260709,041920,1048.0,1.0,1,1048.0,
20260709,042000,1632.0,1.0,1,1632.0,
20260709,042520,1085.0,1.0,1,1085.0,
20260709,042660,5163.0,20.0,1,5163.0,
20260709,042700,3539.0,1.0,1,3539.0,
20260709,043150,3277.0,4.0,1,3277.0,
20260709,043260,4882.0,2.0,1,4882.0,
20260709,044490,1414.0,1.0,1,1414.0,
20260709,046440,889.0,1.0,1,889.0,
20260709,047040,1046.0,11.0,1,1046.0,
20260709,047050,5009.0,13.0,1,5009.0,
20260709,047810,3501.0,15.0,1,3501.0,
20260709,049070,1664.0,1.0,1,1664.0,
20260709,050890,695.0,3.0,1,695.0,
20260709,051370,1132.0,2.0,1,1132.0,
20260709,051500,5059.0,6.0,1,5059.0,
20260709,051600,3498.0,11.0,1,3498.0,
20260709,051900,11217.0,13.0,1,11217.0,
20260709,052400,7251.0,1.0,1,7251.0,
20260709,052690,1704.0,11.0,1,1704.0,
20260709,052710,536.0,2.0,1,536.0,
20260709,053210,462.0,6.0,1,462.0,
20260709,053610,6365.0,,1,6365.0,
20260709,053690,2099.0,2.0,1,2099.0,
20260709,054450,1061.0,1.0,1,1061.0,
20260709,054950,2807.0,5.0,1,2807.0,
20260709,055550,11771.0,18.0,1,11771.0,
20260709,056090,146.0,,1,146.0,
20260709,056190,2333.0,2.0,1,2333.0,
20260709,058430,467.0,1.0,1,467.0,
20260709,058470,2466.0,6.0,1,2466.0,
20260709,058610,803.0,1.0,1,803.0,
20260709,058650,19337.0,1.0,1,19337.0,
20260709,058970,146.0,1.0,1,146.0,
20260709,059210,613.0,,1,613.0,
20260709,060250,1400.0,5.0,1,1400.0,
20260709,060370,454.0,1.0,1,454.0,
20260709,060720,914.0,3.0,1,914.0,
20260709,060980,6070.0,3.0,1,6070.0,
20260709,061090,4257.0,1.0,1,4257.0,
20260709,062040,6816.0,7.0,1,6816.0,
20260709,063570,419.0,1.0,1,419.0,
20260709,064290,458.0,2.0,1,458.0,
20260709,064350,8718.0,18.0,1,8718.0,
20260709,064400,5039.0,10.0,1,5039.0,
20260709,064760,9770.0,5.0,1,9770.0,
20260709,064850,2209.0,,1,2209.0,
20260709,064960,3780.0,5.0,1,3780.0,
20260709,066570,12084.0,19.0,1,12084.0,
20260709,066980,21.0,,1,21.0,
20260709,067160,8294.0,7.0,1,8294.0,
20260709,067310,2437.0,4.0,1,2437.0,
20260709,068270,6288.0,19.0,1,6288.0,
20260709,068930,1012.0,1.0,1,1012.0,
20260709,069080,1078.0,2.0,1,1078.0,
20260709,069260,1799.0,2.0,1,1799.0,
20260709,069620,15302.0,9.0,1,15302.0,
20260709,069960,12939.0,17.0,1,12939.0,
20260709,070960,104.0,1.0,1,104.0,
20260709,071050,46510.0,16.0,1,46510.0,
20260709,071320,20089.0,2.0,1,20089.0,
20260709,071970,4255.0,6.0,1,4255.0,
20260709,073240,1354.0,10.0,1,1354.0,
20260709,073490,2098.0,1.0,1,2098.0,
20260709,074600,2440.0,2.0,1,2440.0,
20260709,075580,1004.0,1.0,1,1004.0,
20260709,077360,341.0,2.0,1,341.0,
20260709,077970,2030.0,3.0,1,2030.0,
20260709,078340,2238.0,6.0,1,2238.0,
20260709,078600,1078.0,2.0,1,1078.0,
20260709,078930,17075.0,6.0,1,17075.0,
20260709,079430,412.0,3.0,1,412.0,
20260709,079550,16434.0,17.0,1,16434.0,
20260709,079900,2285.0,2.0,1,2285.0,
20260709,080160,,,0,,
20260709,080220,,,0,,
20260709,080580,1002.0,1.0,1,1002.0,
20260709,081660,5029.0,9.0,1,5029.0,
20260709,082740,2495.0,8.0,1,2495.0,
20260709,082920,1718.0,3.0,1,1718.0,
20260709,083450,3288.0,,1,3288.0,
20260709,083500,1669.0,3.0,1,1669.0,
20260709,083650,2556.0,3.0,1,2556.0,
20260709,084010,524.0,2.0,1,524.0,
20260709,084370,4060.0,3.0,1,4060.0,
20260709,084850,185.0,,1,185.0,
20260709,085910,819.0,1.0,1,819.0,
20260709,086280,22882.0,17.0,1,22882.0,
20260709,086390,961.0,2.0,1,961.0,
20260709,086450,1974.0,2.0,1,1974.0,
20260709,086790,16091.0,19.0,1,16091.0,
20260709,086900,3553.0,2.0,1,3553.0,
20260709,088350,950.0,12.0,1,950.0,
20260709,088980,710.0,2.0,1,710.0,
20260709,089010,2018.0,2.0,1,2018.0,
20260709,089030,1927.0,,1,1927.0,
20260709,089600,1573.0,3.0,1,1573.0,
20260709,089860,4153.0,9.0,1,4153.0,
20260709,089970,3298.0,4.0,1,3298.0,
20260709,089980,475.0,1.0,1,475.0,
20260709,090430,5166.0,18.0,1,5166.0,
20260709,090460,2835.0,11.0,1,2835.0,
20260709,091580,1399.0,1.0,1,1399.0,
20260709,091700,678.0,2.0,1,678.0,
20260709,092130,1146.0,1.0,1,1146.0,
20260709,092730,1757.0,1.0,1,1757.0,
20260709,092870,1383.0,,1,1383.0,
20260709,093370,206.0,1.0,1,206.0,
20260709,093520,2120.0,1.0,1,2120.0,
20260709,094170,478.0,,1,478.0,
20260709,094360,452.0,2.0,1,452.0,
20260709,094840,1570.0,,1,1570.0,
20260709,095340,4267.0,8.0,1,4267.0,
20260709,095570,501.0,3.0,1,501.0,
20260709,095610,5098.0,7.0,1,5098.0,
20260709,095660,1982.0,12.0,1,1982.0,
20260709,096530,1739.0,2.0,1,1739.0,
20260709,096770,11048.0,12.0,1,11048.0,
20260709,097230,1750.0,1.0,1,1750.0,
20260709,097520,2511.0,4.0,1,2511.0,
20260709,097950,23790.0,12.0,1,23790.0,
20260709,098070,3201.0,,1,3201.0,
20260709,098460,688.0,6.0,1,688.0,
20260709,099190,103.0,2.0,1,103.0,
20260709,099320,1540.0,3.0,1,1540.0,
20260709,099430,448.0,1.0,1,448.0,
20260709,100090,719.0,6.0,1,719.0,
20260709,100120,3562.0,3.0,1,3562.0,
20260709,100840,4868.0,2.0,1,4868.0,
20260709,102710,4140.0,2.0,1,4140.0,
20260709,103140,8964.0,11.0,1,8964.0,
20260709,103590,3157.0,3.0,1,3157.0,
20260709,104700,219.0,1.0,1,219.0,
20260709,104830,4878.0,2.0,1,4878.0,
20260709,105560,17994.0,18.0,1,17994.0,
20260709,105630,1308.0,9.0,1,1308.0,
20260709,105840,797.0,1.0,1,797.0,
20260709,107640,631.0,1.0,1,631.0,
20260709,108320,3935.0,1.0,1,3935.0,
20260709,108380,2921.0,2.0,1,2921.0,
20260709,108490,408.0,6.0,1,408.0,
20260709,108670,6614.0,5.0,1,6614.0,
20260709,111770,13285.0,9.0,1,13285.0,
20260709,112040,1355.0,1.0,1,1355.0,
20260709,112610,4297.0,9.0,1,4297.0,
20260709,114090,987.0,11.0,1,987.0,
20260709,114810,1486.0,2.0,1,1486.0,
20260709,114840,1438.0,1.0,1,1438.0,
20260709,119610,1895.0,1.0,1,1895.0,
20260709,120110,6038.0,6.0,1,6038.0,
20260709,121600,735.0,1.0,1,735.0,
20260709,122450,739.0,,1,739.0,
20260709,122640,998.0,2.0,1,998.0,
20260709,122870,3014.0,19.0,1,3014.0,
20260709,122900,1256.0,1.0,1,1256.0,
20260709,123330,2654.0,,1,2654.0,
20260709,125210,691.0,1.0,1,691.0,
20260709,125490,219.0,2.0,1,219.0,
20260709,126340,281.0,1.0,1,281.0,
20260709,126700,1780.0,,1,1780.0,
20260709,126720,3850.0,1.0,1,3850.0,
20260709,128940,15092.0,15.0,1,15092.0,
20260709,131290,12087.0,3.0,1,12087.0,
20260709,131970,2213.0,7.0,1,2213.0,
20260709,138040,14331.0,5.0,1,14331.0,
20260709,138080,480.0,1.0,1,480.0,
20260709,138930,2766.0,17.0,1,2766.0,
20260709,139130,3094.0,17.0,1,3094.0,
20260709,139480,5912.0,10.0,1,5912.0,
20260709,140860,7481.0,7.0,1,7481.0,
20260709,142210,2496.0,,1,2496.0,
20260709,145020,14444.0,13.0,1,14444.0,
20260709,145720,7151.0,5.0,1,7151.0,
20260709,148150,287.0,1.0,1,287.0,
20260709,149950,827.0,1.0,1,827.0,
20260709,161390,10756.0,15.0,1,10756.0,
20260709,161890,7436.0,19.0,1,7436.0,
20260709,163730,481.0,,1,481.0,
20260709,166090,4050.0,1.0,1,4050.0,
20260709,170920,2262.0,1.0,1,2262.0,
20260709,171090,8417.0,4.0,1,8417.0,
20260709,175330,3952.0,16.0,1,3952.0,
20260709,178320,994.0,2.0,1,994.0,
20260709,178920,1755.0,4.0,1,1755.0,
20260709,181710,3407.0,10.0,1,3407.0,
20260709,183190,1074.0,2.0,1,1074.0,
20260709,183300,3173.0,2.0,1,3173.0,
20260709,185750,4564.0,6.0,1,4564.0,
20260709,187790,248.0,,1,248.0,
20260709,189300,3665.0,5.0,1,3665.0,
20260709,190510,1079.0,,1,1079.0,
20260709,192080,9232.0,14.0,1,9232.0,
20260709,192400,4330.0,1.0,1,4330.0,
20260709,192650,180.0,3.0,1,180.0,
20260709,192820,13169.0,18.0,1,13169.0,
20260709,194370,3753.0,1.0,1,3753.0,
20260709,195870,4204.0,8.0,1,4204.0,
20260709,195940,3296.0,13.0,1,3296.0,
20260709,196170,5144.0,3.0,1,5144.0,
20260709,200670,3939.0,2.0,1,3939.0,
20260709,200710,1549.0,2.0,1,1549.0,
20260709,204270,997.0,1.0,1,997.0,
20260709,204320,4099.0,19.0,1,4099.0,
20260709,204610,259.0,,1,259.0,
20260709,207940,42235.0,18.0,1,42235.0,
20260709,211050,1744.0,1.0,1,1744.0,
20260709,213420,3084.0,7.0,1,3084.0,
20260709,213500,1311.0,2.0,1,1311.0,
20260709,214150,2717.0,16.0,1,2717.0,
20260709,214180,3075.0,2.0,1,3075.0,
20260709,214320,2816.0,9.0,1,2816.0,
20260709,214420,665.0,1.0,1,665.0,
20260709,214430,2600.0,,1,2600.0,
20260709,214450,18588.0,14.0,1,18588.0,
20260709,215000,8366.0,2.0,1,8366.0,
20260709,215200,8992.0,1.0,1,8992.0,
20260709,217590,249.0,,1,249.0,
20260709,218410,1665.0,5.0,1,1665.0,
20260709,219130,2930.0,,1,2930.0,
20260709,222040,890.0,1.0,1,890.0,
20260709,222800,3833.0,8.0,1,3833.0,
20260709,228850,1046.0,2.0,1,1046.0,
20260709,229640,1704.0,7.0,1,1704.0,
20260709,230240,1142.0,2.0,1,1142.0,
20260709,232140,423.0,4.0,1,423.0,
20260709,234080,1730.0,1.0,1,1730.0,
20260709,234340,1553.0,2.0,1,1553.0,
20260709,236200,5661.0,1.0,1,5661.0,
20260709,237690,3338.0,14.0,1,3338.0,
20260709,237880,1144.0,2.0,1,1144.0,
20260709,240810,3519.0,5.0,1,3519.0,
20260709,241560,5362.0,7.0,1,5362.0,
20260709,241590,407.0,4.0,1,407.0,
20260709,241710,6433.0,10.0,1,6433.0,
20260709,243840,304.0,2.0,1,304.0,
20260709,244920,,1.0,0,,
20260709,247540,374.0,18.0,1,374.0,
20260709,248070,1022.0,5.0,1,1022.0,
20260709,251270,4576.0,14.0,1,4576.0,
20260709,251970,3510.0,2.0,1,3510.0,
20260709,252990,531.0,,1,531.0,
20260709,253450,1190.0,11.0,1,1190.0,
20260709,257720,3334.0,6.0,1,3334.0,
20260709,259630,1781.0,,1,1781.0,
20260709,259960,23800.0,18.0,1,23800.0,
20260709,263750,5749.0,9.0,1,5749.0,
20260709,263860,1267.0,,1,1267.0,
20260709,264660,1708.0,,1,1708.0,
20260709,267250,30580.0,5.0,1,30580.0,
20260709,267260,27022.0,13.0,1,27022.0,
20260709,267270,10784.0,6.0,1,10784.0,
20260709,271560,12240.0,12.0,1,12240.0,
20260709,272210,1210.0,13.0,1,1210.0,
20260709,272290,2960.0,2.0,1,2960.0,
20260709,277810,773.0,1.0,1,773.0,
20260709,278470,14357.0,19.0,1,14357.0,
20260709,279570,313.0,2.0,1,313.0,
20260709,280360,12475.0,10.0,1,12475.0,
20260709,281820,6467.0,1.0,1,6467.0,
20260709,282330,12987.0,14.0,1,12987.0,
20260709,282720,74.0,1.0,1,74.0,
20260709,282880,1334.0,1.0,1,1334.0,
20260709,285130,7693.0,2.0,1,7693.0,
20260709,286940,1619.0,3.0,1,1619.0,
20260709,290550,1800.0,1.0,1,1800.0,
20260709,290650,1128.0,,1,1128.0,
20260709,293480,1232.0,1.0,1,1232.0,
20260709,294570,2140.0,,1,2140.0,
20260709,294870,5347.0,13.0,1,5347.0,
20260709,295310,1216.0,1.0,1,1216.0,
20260709,297090,568.0,1.0,1,568.0,
20260709,298020,45479.0,5.0,1,45479.0,
20260709,298040,84457.0,13.0,1,84457.0,
20260709,298050,13482.0,5.0,1,13482.0,
20260709,299030,1226.0,,1,1226.0,
20260709,300720,952.0,2.0,1,952.0,
20260709,306200,19039.0,5.0,1,19039.0,
20260709,307950,7605.0,15.0,1,7605.0,
20260709,316140,4291.0,20.0,1,4291.0,
20260709,317400,1448.0,1.0,1,1448.0,
20260709,319400,153.0,,1,153.0,
20260709,319660,5285.0,7.0,1,5285.0,
20260709,322000,8134.0,2.0,1,8134.0,
20260709,322310,427.0,1.0,1,427.0,
20260709,323410,1260.0,12.0,1,1260.0,
20260709,326030,4370.0,12.0,1,4370.0,
20260709,327260,1379.0,2.0,1,1379.0,
20260709,329180,29169.0,21.0,1,29169.0,
20260709,330860,1428.0,2.0,1,1428.0,
20260709,336370,1326.0,3.0,1,1326.0,
20260709,336570,545.0,2.0,1,545.0,
20260709,339770,416.0,1.0,1,416.0,
20260709,340450,262.0,,1,262.0,
20260709,340570,6385.0,4.0,1,6385.0,
20260709,347700,916.0,1.0,1,916.0,
20260709,348210,1887.0,3.0,1,1887.0,
20260709,352480,1343.0,,1,1343.0,
20260709,352820,4427.0,20.0,1,4427.0,
20260709,353200,3981.0,13.0,1,3981.0,
20260709,353810,,,0,,
20260709,354320,1200.0,1.0,1,1200.0,
20260709,355150,981.0,,1,981.0,
20260709,356860,3854.0,7.0,1,3854.0,
20260709,357780,19332.0,9.0,1,19332.0,
20260709,361390,229.0,1.0,1,229.0,
20260709,375500,9973.0,18.0,1,9973.0,
20260709,376270,1737.0,1.0,1,1737.0,
20260709,376300,1750.0,14.0,1,1750.0,
20260709,377300,849.0,6.0,1,849.0,
20260709,381970,1068.0,4.0,1,1068.0,
20260709,382800,754.0,,1,754.0,
20260709,383220,12775.0,10.0,1,12775.0,
20260709,383310,1333.0,1.0,1,1333.0,
20260709,383800,1955.0,2.0,1,1955.0,
20260709,388050,540.0,,1,540.0,
20260709,388210,6513.0,3.0,1,6513.0,
20260709,402340,293498.0,7.0,1,293498.0,
20260709,403550,83.0,1.0,1,83.0,
20260709,403870,1440.0,6.0,1,1440.0,
20260709,405100,1008.0,1.0,1,1008.0,
20260709,413630,124.0,,1,124.0,
20260709,415640,,,0,,
20260709,417840,1231.0,1.0,1,1231.0,
20260709,419530,2734.0,2.0,1,2734.0,
20260709,420770,959.0,2.0,1,959.0,
20260709,425040,,,0,,
20260709,425420,2620.0,,1,2620.0,
20260709,439260,7903.0,5.0,1,7903.0,
20260709,440110,917.0,1.0,1,917.0,
20260709,441270,610.0,,1,610.0,
20260709,443060,8104.0,10.0,1,8104.0,
20260709,445090,174.0,,1,174.0,
20260709,450950,245.0,2.0,1,245.0,
20260709,451760,457.0,1.0,1,457.0,
20260709,452430,419.0,1.0,1,419.0,
20260709,453340,3489.0,3.0,1,3489.0,
20260709,453450,768.0,,1,768.0,
20260709,454910,108.0,1.0,1,108.0,
20260709,456010,441.0,1.0,1,441.0,
20260709,456040,13326.0,3.0,1,13326.0,
20260709,458870,1542.0,5.0,1,1542.0,
20260709,460860,742.0,4.0,1,742.0,
20260709,462870,2137.0,10.0,1,2137.0,
20260709,473980,1425.0,1.0,1,1425.0,
20260709,474170,87.0,1.0,1,87.0,
20260709,475150,915.0,3.0,1,915.0,
20260709,475430,560.0,,1,560.0,
20260709,475960,37.0,1.0,1,37.0,
20260709,476060,550.0,1.0,1,550.0,
20260709,482630,1028.0,2.0,1,1028.0,
20260709,483650,10212.0,13.0,1,10212.0,
20260709,484590,789.0,,1,789.0,
20260709,488280,144.0,,1,144.0,
20260709,489500,1479.0,,1,1479.0,
20260709,489790,2811.0,3.0,1,2811.0,
20260709,499790,2709.0,6.0,1,2709.0,
20260710,000080,1365.0,6.0,1,1365.0,
20260710,000100,1832.0,13.0,1,1832.0,
20260710,000120,11282.0,12.0,1,11282.0,
20260710,000150,20236.0,13.0,1,20236.0,
20260710,000210,10121.0,2.0,1,10121.0,
20260710,000240,4438.0,1.0,1,4438.0,
20260710,000270,21592.0,23.0,1,21592.0,
20260710,000370,2152.0,7.0,1,2152.0,
20260710,000640,10397.0,1.0,1,10397.0,
20260710,000660,318735.0,24.0,1,318735.0,
20260710,000720,4790.0,21.0,1,4790.0,
20260710,0007C0,199.0,,1,199.0,
20260710,000810,44993.0,17.0,1,44993.0,
20260710,000880,9777.0,10.0,1,9777.0,
20260710,0008Z0,2119.0,1.0,1,2119.0,
20260710,000990,8413.0,3.0,1,8413.0,
20260710,001040,10171.0,9.0,1,10171.0,
20260710,001120,7840.0,6.0,1,7840.0,
20260710,0011A0,870.0,,1,870.0,
20260710,001230,179.0,1.0,1,179.0,
20260710,001250,246.0,1.0,1,246.0,
20260710,001340,229.0,1.0,1,229.0,
20260710,001430,2445.0,10.0,1,2445.0,
20260710,001440,523.0,5.0,1,523.0,
20260710,001450,7857.0,17.0,1,7857.0,
20260710,001530,657.0,1.0,1,657.0,
20260710,001680,2694.0,2.0,1,2694.0,
20260710,001740,395.0,4.0,1,395.0,
20260710,001940,988.0,1.0,1,988.0,
20260710,002020,4976.0,1.0,1,4976.0,
20260710,002320,775.0,1.0,1,775.0,
20260710,002350,1539.0,13.0,1,1539.0,
20260710,002380,180664.0,4.0,1,180664.0,
20260710,002990,1469.0,2.0,1,1469.0,
20260710,003030,22926.0,2.0,1,22926.0,
20260710,003070,2293.0,1.0,1,2293.0,
20260710,003160,1424.0,2.0,1,1424.0,
20260710,003220,709.0,5.0,1,709.0,
20260710,003230,73980.0,14.0,1,73980.0,
20260710,003490,587.0,13.0,1,587.0,
20260710,003540,4388.0,3.0,1,4388.0,
20260710,003550,7501.0,11.0,1,7501.0,
20260710,003570,2734.0,1.0,1,2734.0,
20260710,003670,223.0,17.0,1,223.0,
20260710,003850,772.0,1.0,1,772.0,
20260710,004000,7089.0,6.0,1,7089.0,
20260710,004020,1297.0,15.0,1,1297.0,
20260710,004170,39973.0,18.0,1,39973.0,
20260710,004370,31301.0,12.0,1,31301.0,
20260710,004690,37548.0,1.0,1,37548.0,
20260710,004800,19832.0,2.0,1,19832.0,
20260710,004990,897.0,4.0,1,897.0,
20260710,005070,221.0,3.0,1,221.0,
20260710,005090,1945.0,3.0,1,1945.0,
20260710,005180,8570.0,,1,8570.0,
20260710,005300,10485.0,10.0,1,10485.0,
20260710,005380,39226.0,25.0,1,39226.0,
20260710,005440,1835.0,4.0,1,1835.0,
20260710,005490,22759.0,17.0,1,22759.0,
20260710,005500,1719.0,1.0,1,1719.0,
20260710,005690,914.0,3.0,1,914.0,
20260710,005810,8601.0,1.0,1,8601.0,
20260710,005830,23285.0,16.0,1,23285.0,
20260710,005850,8294.0,7.0,1,8294.0,
20260710,005880,486.0,4.0,1,486.0,
20260710,005930,46664.0,24.0,1,46664.0,
20260710,005940,4307.0,18.0,1,4307.0,
20260710,006040,7733.0,3.0,1,7733.0,
20260710,006110,159.0,,1,159.0,
20260710,006260,18773.0,10.0,1,18773.0,
20260710,006280,6833.0,12.0,1,6833.0,
20260710,006360,2619.0,18.0,1,2619.0,
20260710,006400,4318.0,23.0,1,4318.0,
20260710,006650,18482.0,6.0,1,18482.0,
20260710,006730,668.0,5.0,1,668.0,
20260710,006800,4498.0,17.0,1,4498.0,
20260710,007070,2441.0,13.0,1,2441.0,
20260710,007340,5355.0,2.0,1,5355.0,
20260710,007660,3565.0,13.0,1,3565.0,
20260710,007690,4568.0,1.0,1,4568.0,
20260710,007810,4392.0,3.0,1,4392.0,
20260710,008730,516.0,,1,516.0,
20260710,008770,2470.0,13.0,1,2470.0,
20260710,009150,17249.0,21.0,1,17249.0,
20260710,009240,1152.0,6.0,1,1152.0,
20260710,009420,3.0,8.0,1,3.0,
20260710,009450,11851.0,2.0,1,11851.0,
20260710,009540,48739.0,14.0,1,48739.0,
20260710,009830,2225.0,12.0,1,2225.0,
20260710,009900,1534.0,1.0,1,1534.0,
20260710,010060,10912.0,8.0,1,10912.0,
20260710,010120,3403.0,13.0,1,3403.0,
20260710,010130,63249.0,5.0,1,63249.0,
20260710,010140,1192.0,20.0,1,1192.0,
20260710,010690,2520.0,1.0,1,2520.0,
20260710,010780,4901.0,5.0,1,4901.0,
20260710,010950,21563.0,17.0,1,21563.0,
20260710,011070,36622.0,21.0,1,36622.0,
20260710,011200,1519.0,13.0,1,1519.0,
20260710,011210,5485.0,10.0,1,5485.0,
20260710,011560,4622.0,1.0,1,4622.0,
20260710,011760,7597.0,4.0,1,7597.0,
20260710,011780,14797.0,12.0,1,14797.0,
20260710,011930,735.0,1.0,1,735.0,
20260710,012210,353.0,,1,353.0,
20260710,012330,45923.0,25.0,1,45923.0,
20260710,012450,42503.0,18.0,1,42503.0,
20260710,012630,3783.0,1.0,1,3783.0,
20260710,0126Z0,10437.0,3.0,1,10437.0,
20260710,012750,4175.0,4.0,1,4175.0,
20260710,013030,4320.0,1.0,1,4320.0,
20260710,013120,286.0,1.0,1,286.0,
20260710,013580,11757.0,1.0,1,11757.0,
20260710,014620,1777.0,3.0,1,1777.0,
20260710,014680,15448.0,10.0,1,15448.0,
20260710,014790,1081.0,3.0,1,1081.0,
20260710,014830,13163.0,6.0,1,13163.0,
20260710,015760,8949.0,15.0,1,8949.0,
20260710,016360,18941.0,18.0,1,18941.0,
20260710,016380,1383.0,3.0,1,1383.0,
20260710,016580,1108.0,1.0,1,1108.0,
20260710,017670,5739.0,18.0,1,5739.0,
20260710,017800,,,0,,
20260710,017810,1078.0,2.0,1,1078.0,
20260710,017940,31166.0,1.0,1,31166.0,
20260710,017960,2230.0,3.0,1,2230.0,
20260710,018250,625.0,,1,625.0,
20260710,018260,9209.0,10.0,1,9209.0,
20260710,018290,1488.0,2.0,1,1488.0,
20260710,018670,54884.0,5.0,1,54884.0,
20260710,018880,237.0,17.0,1,237.0,
20260710,020000,3831.0,6.0,1,3831.0,
20260710,021240,10109.0,3.0,1,10109.0,
20260710,021320,1869.0,1.0,1,1869.0,
20260710,023160,2057.0,4.0,1,2057.0,
20260710,023530,13302.0,15.0,1,13302.0,
20260710,024110,3514.0,15.0,1,3514.0,
20260710,025320,105.0,,1,105.0,
20260710,025540,11854.0,1.0,1,11854.0,
20260710,027410,648.0,1.0,1,648.0,
20260710,028050,3619.0,19.0,1,3619.0,
20260710,028260,16085.0,13.0,1,16085.0,
20260710,028670,738.0,12.0,1,738.0,
20260710,029780,5576.0,3.0,1,5576.0,
20260710,030000,1946.0,10.0,1,1946.0,
20260710,030190,1584.0,1.0,1,1584.0,
20260710,030200,5682.0,18.0,1,5682.0,
20260710,030520,1747.0,3.0,1,1747.0,
20260710,031430,1488.0,7.0,1,1488.0,
20260710,031980,6303.0,5.0,1,6303.0,
20260710,032350,957.0,12.0,1,957.0,
20260710,032500,48.0,1.0,1,48.0,
20260710,032640,1692.0,17.0,1,1692.0,
20260710,032830,14246.0,14.0,1,14246.0,
20260710,033240,3878.0,1.0,1,3878.0,
20260710,033270,2808.0,2.0,1,2808.0,
20260710,033500,2367.0,2.0,1,2367.0,
20260710,033530,,,0,,
20260710,033640,230.0,1.0,1,230.0,
20260710,033780,11880.0,14.0,1,11880.0,
20260710,034020,466.0,15.0,1,466.0,
20260710,034120,301.0,5.0,1,301.0,
20260710,034220,642.0,8.0,1,642.0,
20260710,034230,1025.0,12.0,1,1025.0,
20260710,034730,125347.0,13.0,1,125347.0,
20260710,035150,2381.0,1.0,1,2381.0,
20260710,035250,1370.0,9.0,1,1370.0,
20260710,035420,12052.0,21.0,1,12052.0,
20260710,035600,2141.0,2.0,1,2141.0,
20260710,035720,1561.0,17.0,1,1561.0,
20260710,035760,2318.0,11.0,1,2318.0,
20260710,035900,3815.0,17.0,1,3815.0,
20260710,036010,722.0,,1,722.0,
20260710,036200,848.0,1.0,1,848.0,
20260710,036460,10764.0,8.0,1,10764.0,
20260710,036530,8710.0,1.0,1,8710.0,
20260710,036540,68.0,2.0,1,68.0,
20260710,036570,21349.0,19.0,1,21349.0,
20260710,036620,512.0,3.0,1,512.0,
20260710,036800,5290.0,2.0,1,5290.0,
20260710,036810,,,0,,
20260710,036890,1589.0,,1,1589.0,
20260710,036930,1255.0,2.0,1,1255.0,
20260710,037030,915.0,,1,915.0,
20260710,037560,256.0,3.0,1,256.0,
20260710,039030,10320.0,3.0,1,10320.0,
20260710,039130,3562.0,6.0,1,3562.0,
20260710,039200,836.0,1.0,1,836.0,
20260710,039440,4901.0,1.0,1,4901.0,
20260710,039490,64713.0,17.0,1,64713.0,
20260710,039570,1271.0,1.0,1,1271.0,
20260710,039830,3396.0,,1,3396.0,
20260710,039840,1689.0,2.0,1,1689.0,
20260710,041510,5966.0,18.0,1,5966.0,
20260710,041830,3579.0,1.0,1,3579.0,
20260710,041920,1048.0,1.0,1,1048.0,
20260710,042000,1632.0,1.0,1,1632.0,
20260710,042520,1085.0,1.0,1,1085.0,
20260710,042660,5251.0,20.0,1,5251.0,
20260710,042700,3539.0,1.0,1,3539.0,
20260710,043150,3277.0,4.0,1,3277.0,
20260710,043260,4882.0,2.0,1,4882.0,
20260710,044490,1414.0,1.0,1,1414.0,
20260710,046440,889.0,1.0,1,889.0,
20260710,047040,1057.0,11.0,1,1057.0,
20260710,047050,5009.0,13.0,1,5009.0,
20260710,047810,3501.0,15.0,1,3501.0,
20260710,049070,1664.0,1.0,1,1664.0,
20260710,050890,695.0,3.0,1,695.0,
20260710,051370,1132.0,2.0,1,1132.0,
20260710,051500,5059.0,7.0,1,5059.0,
20260710,051600,3498.0,11.0,1,3498.0,
20260710,051900,11217.0,13.0,1,11217.0,
20260710,052400,7251.0,1.0,1,7251.0,
20260710,052690,1704.0,11.0,1,1704.0,
20260710,052710,536.0,2.0,1,536.0,
20260710,053210,462.0,6.0,1,462.0,
20260710,053610,6365.0,,1,6365.0,
20260710,053690,2099.0,2.0,1,2099.0,
20260710,054450,1061.0,1.0,1,1061.0,
20260710,054950,2807.0,5.0,1,2807.0,
20260710,055550,11833.0,18.0,1,11833.0,
20260710,056090,146.0,,1,146.0,
20260710,056190,2333.0,2.0,1,2333.0,
20260710,058430,467.0,1.0,1,467.0,
20260710,058470,2466.0,6.0,1,2466.0,
20260710,058610,803.0,1.0,1,803.0,
20260710,058650,19337.0,1.0,1,19337.0,
20260710,058970,146.0,1.0,1,146.0,
20260710,059210,613.0,,1,613.0,
20260710,060250,1400.0,5.0,1,1400.0,
20260710,060370,454.0,1.0,1,454.0,
20260710,060720,914.0,3.0,1,914.0,
20260710,060980,6070.0,3.0,1,6070.0,
20260710,061090,4257.0,1.0,1,4257.0,
20260710,062040,6816.0,7.0,1,6816.0,
20260710,063570,419.0,1.0,1,419.0,
20260710,064290,458.0,2.0,1,458.0,
20260710,064350,8718.0,18.0,1,8718.0,
20260710,064400,5030.0,10.0,1,5030.0,
20260710,064760,9770.0,5.0,1,9770.0,
20260710,064850,2209.0,,1,2209.0,
20260710,064960,3818.0,5.0,1,3818.0,
20260710,066570,12296.0,20.0,1,12296.0,
20260710,066980,21.0,,1,21.0,
20260710,067160,8294.0,7.0,1,8294.0,
20260710,067310,2437.0,4.0,1,2437.0,
20260710,068270,6288.0,19.0,1,6288.0,
20260710,068930,1012.0,1.0,1,1012.0,
20260710,069080,1078.0,2.0,1,1078.0,
20260710,069260,1799.0,2.0,1,1799.0,
20260710,069620,15302.0,9.0,1,15302.0,
20260710,069960,12939.0,17.0,1,12939.0,
20260710,070960,104.0,1.0,1,104.0,
20260710,071050,46739.0,16.0,1,46739.0,
20260710,071320,20089.0,2.0,1,20089.0,
20260710,071970,3746.0,6.0,1,3746.0,
20260710,073240,1383.0,9.0,1,1383.0,
20260710,073490,2098.0,1.0,1,2098.0,
20260710,074600,2440.0,2.0,1,2440.0,
20260710,075580,,,0,,
20260710,077360,341.0,2.0,1,341.0,
20260710,077970,2030.0,3.0,1,2030.0,
20260710,078340,2238.0,6.0,1,2238.0,
20260710,078600,1078.0,2.0,1,1078.0,
20260710,078930,17075.0,6.0,1,17075.0,
20260710,079430,412.0,3.0,1,412.0,
20260710,079550,16434.0,17.0,1,16434.0,
20260710,079900,2285.0,2.0,1,2285.0,
20260710,080160,,,0,,
20260710,080220,,,0,,
20260710,080580,1002.0,1.0,1,1002.0,
20260710,081660,5078.0,9.0,1,5078.0,
20260710,082740,2495.0,8.0,1,2495.0,
20260710,082920,1700.0,2.0,1,1700.0,
20260710,083450,3288.0,,1,3288.0,
20260710,083500,1669.0,3.0,1,1669.0,
20260710,083650,2556.0,3.0,1,2556.0,
20260710,084010,524.0,2.0,1,524.0,
20260710,084370,4060.0,3.0,1,4060.0,
20260710,084850,185.0,,1,185.0,
20260710,085910,819.0,1.0,1,819.0,
20260710,086280,22881.0,17.0,1,22881.0,
20260710,086390,961.0,2.0,1,961.0,
20260710,086450,1974.0,2.0,1,1974.0,
20260710,086790,16151.0,19.0,1,16151.0,
20260710,086900,3553.0,2.0,1,3553.0,
20260710,088350,950.0,12.0,1,950.0,
20260710,088980,710.0,2.0,1,710.0,
20260710,089010,2018.0,2.0,1,2018.0,
20260710,089030,1927.0,,1,1927.0,
20260710,089600,1573.0,3.0,1,1573.0,
20260710,089860,4153.0,9.0,1,4153.0,
20260710,089970,3298.0,4.0,1,3298.0,
20260710,089980,475.0,1.0,1,475.0,
20260710,090430,5166.0,18.0,1,5166.0,
20260710,090460,2835.0,11.0,1,2835.0,
20260710,091580,1399.0,1.0,1,1399.0,
20260710,091700,678.0,2.0,1,678.0,
20260710,092130,1146.0,1.0,1,1146.0,
20260710,092730,1757.0,1.0,1,1757.0,
20260710,092870,1383.0,,1,1383.0,
20260710,093370,206.0,1.0,1,206.0,
20260710,093520,2120.0,1.0,1,2120.0,
20260710,094170,478.0,,1,478.0,
20260710,094360,452.0,2.0,1,452.0,
20260710,094840,1570.0,,1,1570.0,
20260710,095340,4267.0,8.0,1,4267.0,
20260710,095570,501.0,3.0,1,501.0,
20260710,095610,5098.0,7.0,1,5098.0,
20260710,095660,1982.0,12.0,1,1982.0,
20260710,096530,1739.0,2.0,1,1739.0,
20260710,096770,11613.0,12.0,1,11613.0,
20260710,097230,1750.0,1.0,1,1750.0,
20260710,097520,2442.0,3.0,1,2442.0,
20260710,097950,23790.0,13.0,1,23790.0,
20260710,098070,3201.0,,1,3201.0,
20260710,098460,688.0,6.0,1,688.0,
20260710,099190,103.0,2.0,1,103.0,
20260710,099320,1540.0,3.0,1,1540.0,
20260710,099430,448.0,1.0,1,448.0,
20260710,100090,719.0,6.0,1,719.0,
20260710,100120,3562.0,3.0,1,3562.0,
20260710,100840,4868.0,2.0,1,4868.0,
20260710,102710,4140.0,2.0,1,4140.0,
20260710,103140,8961.0,11.0,1,8961.0,
20260710,103590,3157.0,3.0,1,3157.0,
20260710,104700,219.0,1.0,1,219.0,
20260710,104830,4878.0,2.0,1,4878.0,
20260710,105560,18032.0,18.0,1,18032.0,
20260710,105630,1270.0,8.0,1,1270.0,
20260710,105840,797.0,1.0,1,797.0,
20260710,107640,631.0,1.0,1,631.0,
20260710,108320,3935.0,1.0,1,3935.0,
20260710,108380,2921.0,2.0,1,2921.0,
20260710,108490,408.0,6.0,1,408.0,
20260710,108670,6614.0,5.0,1,6614.0,
20260710,111770,13285.0,9.0,1,13285.0,
20260710,112040,1355.0,1.0,1,1355.0,
20260710,112610,4297.0,9.0,1,4297.0,
20260710,114090,980.0,11.0,1,980.0,
20260710,114810,1486.0,2.0,1,1486.0,
20260710,114840,1438.0,1.0,1,1438.0,
20260710,119610,1895.0,1.0,1,1895.0,
20260710,120110,6038.0,6.0,1,6038.0,
20260710,121600,735.0,1.0,1,735.0,
20260710,122450,739.0,,1,739.0,
20260710,122640,998.0,2.0,1,998.0,
20260710,122870,2997.0,19.0,1,2997.0,
20260710,122900,1256.0,1.0,1,1256.0,
20260710,123330,2654.0,,1,2654.0,
20260710,125210,691.0,1.0,1,691.0,
20260710,125490,219.0,2.0,1,219.0,
20260710,126340,281.0,1.0,1,281.0,
20260710,126700,1780.0,,1,1780.0,
20260710,126720,3850.0,1.0,1,3850.0,
20260710,128940,15092.0,15.0,1,15092.0,
20260710,131290,12087.0,3.0,1,12087.0,
20260710,131970,2213.0,7.0,1,2213.0,
20260710,138040,14331.0,5.0,1,14331.0,
20260710,138080,480.0,1.0,1,480.0,
20260710,138930,2749.0,17.0,1,2749.0,
20260710,139130,3087.0,17.0,1,3087.0,
20260710,139480,5912.0,10.0,1,5912.0,
20260710,140860,7481.0,7.0,1,7481.0,
20260710,142210,2496.0,,1,2496.0,
20260710,145020,14444.0,13.0,1,14444.0,
20260710,145720,7151.0,5.0,1,7151.0,
20260710,148150,287.0,1.0,1,287.0,
20260710,149950,585.0,1.0,1,585.0,
20260710,161390,10815.0,15.0,1,10815.0,
20260710,161890,7436.0,19.0,1,7436.0,
20260710,163730,481.0,,1,481.0,
20260710,166090,4050.0,1.0,1,4050.0,
20260710,170920,2262.0,1.0,1,2262.0,
20260710,171090,8417.0,4.0,1,8417.0,
20260710,175330,3937.0,16.0,1,3937.0,
20260710,178320,994.0,2.0,1,994.0,
20260710,178920,1755.0,4.0,1,1755.0,
20260710,181710,3405.0,10.0,1,3405.0,
20260710,183190,1074.0,2.0,1,1074.0,
20260710,183300,3173.0,2.0,1,3173.0,
20260710,185750,4564.0,6.0,1,4564.0,
20260710,187790,248.0,,1,248.0,
20260710,189300,3665.0,5.0,1,3665.0,
20260710,190510,1079.0,,1,1079.0,
20260710,192080,9232.0,14.0,1,9232.0,
20260710,192400,4330.0,1.0,1,4330.0,
20260710,192650,180.0,3.0,1,180.0,
20260710,192820,13169.0,18.0,1,13169.0,
20260710,194370,3753.0,1.0,1,3753.0,
20260710,195870,4296.0,9.0,1,4296.0,
20260710,195940,3296.0,13.0,1,3296.0,
20260710,196170,5144.0,3.0,1,5144.0,
20260710,200670,3939.0,2.0,1,3939.0,
20260710,200710,1549.0,2.0,1,1549.0,
20260710,204270,997.0,1.0,1,997.0,
20260710,204320,4095.0,19.0,1,4095.0,
20260710,204610,259.0,,1,259.0,
20260710,207940,42235.0,18.0,1,42235.0,
20260710,211050,1744.0,1.0,1,1744.0,
20260710,213420,3084.0,7.0,1,3084.0,
20260710,213500,1311.0,2.0,1,1311.0,
20260710,214150,2717.0,16.0,1,2717.0,
20260710,214180,3075.0,2.0,1,3075.0,
20260710,214320,2816.0,9.0,1,2816.0,
20260710,214420,665.0,1.0,1,665.0,
20260710,214430,2600.0,,1,2600.0,
20260710,214450,18588.0,14.0,1,18588.0,
20260710,215000,8366.0,2.0,1,8366.0,
20260710,215200,8992.0,1.0,1,8992.0,
20260710,217590,249.0,,1,249.0,
20260710,218410,1665.0,5.0,1,1665.0,
20260710,219130,2930.0,,1,2930.0,
20260710,222040,890.0,1.0,1,890.0,
20260710,222800,3853.0,9.0,1,3853.0,
20260710,228850,1046.0,2.0,1,1046.0,
20260710,229640,1704.0,7.0,1,1704.0,
20260710,230240,1142.0,2.0,1,1142.0,
20260710,232140,423.0,4.0,1,423.0,
20260710,234080,1730.0,1.0,1,1730.0,
20260710,234340,1553.0,2.0,1,1553.0,
20260710,236200,5661.0,1.0,1,5661.0,
20260710,237690,3355.0,14.0,1,3355.0,
20260710,237880,1144.0,2.0,1,1144.0,
20260710,240810,3519.0,5.0,1,3519.0,
20260710,241560,5405.0,7.0,1,5405.0,
20260710,241590,407.0,4.0,1,407.0,
20260710,241710,6431.0,10.0,1,6431.0,
20260710,243840,304.0,2.0,1,304.0,
20260710,244920,,1.0,0,,
20260710,247540,374.0,18.0,1,374.0,
20260710,248070,1022.0,5.0,1,1022.0,
20260710,251270,4576.0,14.0,1,4576.0,
20260710,251970,3510.0,2.0,1,3510.0,
20260710,252990,531.0,,1,531.0,
20260710,253450,1186.0,11.0,1,1186.0,
20260710,257720,3389.0,7.0,1,3389.0,
20260710,259630,1781.0,,1,1781.0,
20260710,259960,23790.0,18.0,1,23790.0,
20260710,263750,5726.0,9.0,1,5726.0,
20260710,263860,1267.0,,1,1267.0,
20260710,264660,1708.0,,1,1708.0,
20260710,267250,30580.0,5.0,1,30580.0,
20260710,267260,27022.0,13.0,1,27022.0,
20260710,267270,10759.0,6.0,1,10759.0,
20260710,271560,12240.0,12.0,1,12240.0,
20260710,272210,1196.0,13.0,1,1196.0,
20260710,272290,2960.0,2.0,1,2960.0,
20260710,277810,773.0,1.0,1,773.0,
20260710,278470,14778.0,19.0,1,14778.0,
20260710,279570,313.0,2.0,1,313.0,
20260710,280360,12539.0,10.0,1,12539.0,
20260710,281820,6467.0,1.0,1,6467.0,
20260710,282330,12987.0,15.0,1,12987.0,
20260710,282720,74.0,1.0,1,74.0,
20260710,282880,1334.0,1.0,1,1334.0,
20260710,285130,7693.0,2.0,1,7693.0,
20260710,286940,1619.0,3.0,1,1619.0,
20260710,290550,1800.0,1.0,1,1800.0,
20260710,290650,1250.0,,1,1250.0,
20260710,293480,1232.0,1.0,1,1232.0,
20260710,294570,2140.0,,1,2140.0,
20260710,294870,5347.0,13.0,1,5347.0,
20260710,295310,1216.0,1.0,1,1216.0,
20260710,297090,568.0,1.0,1,568.0,
20260710,298020,45479.0,5.0,1,45479.0,
20260710,298040,84457.0,13.0,1,84457.0,
20260710,298050,13482.0,5.0,1,13482.0,
20260710,299030,1226.0,,1,1226.0,
20260710,300720,952.0,2.0,1,952.0,
20260710,306200,19039.0,5.0,1,19039.0,
20260710,307950,7584.0,16.0,1,7584.0,
20260710,316140,4301.0,20.0,1,4301.0,
20260710,317400,1448.0,1.0,1,1448.0,
20260710,319400,153.0,,1,153.0,
20260710,319660,5285.0,7.0,1,5285.0,
20260710,322000,8134.0,2.0,1,8134.0,
20260710,322310,427.0,1.0,1,427.0,
20260710,323410,1273.0,12.0,1,1273.0,
20260710,326030,4370.0,12.0,1,4370.0,
20260710,327260,1379.0,2.0,1,1379.0,
20260710,329180,29587.0,21.0,1,29587.0,
20260710,330860,1428.0,2.0,1,1428.0,
20260710,336370,1326.0,3.0,1,1326.0,
20260710,336570,545.0,2.0,1,545.0,
20260710,339770,416.0,1.0,1,416.0,
20260710,340450,262.0,,1,262.0,
20260710,340570,6385.0,4.0,1,6385.0,
20260710,347700,916.0,1.0,1,916.0,
20260710,348210,1887.0,3.0,1,1887.0,
20260710,352480,1343.0,,1,1343.0,
20260710,352820,4411.0,20.0,1,4411.0,
20260710,353200,4028.0,14.0,1,4028.0,
20260710,353810,,,0,,
20260710,354320,1200.0,1.0,1,1200.0,
20260710,355150,981.0,,1,981.0,
20260710,356860,3854.0,7.0,1,3854.0,
20260710,357780,19063.0,8.0,1,19063.0,
20260710,361390,229.0,1.0,1,229.0,
20260710,375500,9973.0,18.0,1,9973.0,
20260710,376270,1737.0,1.0,1,1737.0,
20260710,376300,1750.0,14.0,1,1750.0,
20260710,377300,849.0,6.0,1,849.0,
20260710,381970,1068.0,4.0,1,1068.0,
20260710,382800,754.0,,1,754.0,
20260710,383220,12775.0,10.0,1,12775.0,
20260710,383310,1333.0,1.0,1,1333.0,
20260710,383800,1955.0,2.0,1,1955.0,
20260710,388050,540.0,,1,540.0,
20260710,388210,6513.0,3.0,1,6513.0,
20260710,402340,293498.0,7.0,1,293498.0,
20260710,403550,83.0,1.0,1,83.0,
20260710,403870,1440.0,6.0,1,1440.0,
20260710,405100,1008.0,1.0,1,1008.0,
20260710,413630,124.0,,1,124.0,
20260710,415640,,,0,,
20260710,417840,1231.0,1.0,1,1231.0,
20260710,419530,2734.0,2.0,1,2734.0,
20260710,420770,1599.0,3.0,1,1599.0,
20260710,425040,,,0,,
20260710,425420,2620.0,,1,2620.0,
20260710,439260,7903.0,5.0,1,7903.0,
20260710,440110,917.0,1.0,1,917.0,
20260710,441270,610.0,,1,610.0,
20260710,443060,8104.0,10.0,1,8104.0,
20260710,445090,174.0,,1,174.0,
20260710,450950,245.0,2.0,1,245.0,
20260710,451760,457.0,1.0,1,457.0,
20260710,452430,419.0,1.0,1,419.0,
20260710,453340,3489.0,3.0,1,3489.0,
20260710,453450,768.0,,1,768.0,
20260710,454910,108.0,1.0,1,108.0,
20260710,456010,441.0,1.0,1,441.0,
20260710,456040,13326.0,3.0,1,13326.0,
20260710,458870,1542.0,5.0,1,1542.0,
20260710,460860,742.0,4.0,1,742.0,
20260710,462870,2146.0,11.0,1,2146.0,
20260710,473980,1431.0,1.0,1,1431.0,
20260710,474170,87.0,1.0,1,87.0,
20260710,475150,915.0,3.0,1,915.0,
20260710,475430,560.0,,1,560.0,
20260710,475960,37.0,1.0,1,37.0,
20260710,476060,550.0,1.0,1,550.0,
20260710,482630,1028.0,2.0,1,1028.0,
20260710,483650,10218.0,13.0,1,10218.0,
20260710,484590,789.0,,1,789.0,
20260710,488280,148.0,,1,148.0,
20260710,489500,1479.0,,1,1479.0,
20260710,489790,2811.0,3.0,1,2811.0,
20260710,499790,2711.0,6.0,1,2711.0,
20260713,000080,1411.0,6.0,1,1411.0,
20260713,000100,1832.0,13.0,1,1832.0,
20260713,000120,11271.0,12.0,1,11271.0,
20260713,000150,20236.0,13.0,1,20236.0,
20260713,000210,10121.0,2.0,1,10121.0,
20260713,000240,4438.0,1.0,1,4438.0,
20260713,000270,21641.0,23.0,1,21641.0,
20260713,000370,2152.0,7.0,1,2152.0,
20260713,000640,10397.0,1.0,1,10397.0,
20260713,000660,318735.0,24.0,1,318735.0,
20260713,000720,4820.0,20.0,1,4820.0,
20260713,0007C0,,,0,,
20260713,000810,44993.0,17.0,1,44993.0,
20260713,000880,9777.0,10.0,1,9777.0,
20260713,0008Z0,2119.0,1.0,1,2119.0,
20260713,000990,8413.0,3.0,1,8413.0,
20260713,001040,10171.0,9.0,1,10171.0,
20260713,001120,7840.0,6.0,1,7840.0,
20260713,0011A0,870.0,,1,870.0,
20260713,001230,179.0,1.0,1,179.0,
20260713,001250,246.0,1.0,1,246.0,
20260713,001340,229.0,1.0,1,229.0,
20260713,001430,2471.0,9.0,1,2471.0,
20260713,001440,523.0,5.0,1,523.0,
20260713,001450,7857.0,17.0,1,7857.0,
20260713,001530,657.0,1.0,1,657.0,
20260713,001680,2694.0,2.0,1,2694.0,
20260713,001740,395.0,4.0,1,395.0,
20260713,001940,988.0,1.0,1,988.0,
20260713,002020,4976.0,1.0,1,4976.0,
20260713,002320,-2390.0,1.0,0,-2390.0,
20260713,002350,1539.0,13.0,1,1539.0,
20260713,002380,180664.0,4.0,1,180664.0,
20260713,002990,1469.0,2.0,1,1469.0,
20260713,003030,22926.0,2.0,1,22926.0,
20260713,003070,2293.0,1.0,1,2293.0,
20260713,003160,1424.0,2.0,1,1424.0,
20260713,003220,709.0,5.0,1,709.0,
20260713,003230,74360.0,14.0,1,74360.0,
20260713,003490,587.0,13.0,1,587.0,
20260713,003540,4388.0,3.0,1,4388.0,
20260713,003550,7501.0,11.0,1,7501.0,
20260713,003570,2734.0,1.0,1,2734.0,
20260713,003670,256.0,17.0,1,256.0,
20260713,003850,772.0,1.0,1,772.0,
20260713,004000,7089.0,6.0,1,7089.0,
20260713,004020,1322.0,15.0,1,1322.0,
20260713,004170,39973.0,18.0,1,39973.0,
20260713,004370,31465.0,12.0,1,31465.0,
20260713,004690,37548.0,1.0,1,37548.0,
20260713,004800,19832.0,2.0,1,19832.0,
20260713,004990,897.0,4.0,1,897.0,
20260713,005070,221.0,3.0,1,221.0,
20260713,005090,1945.0,3.0,1,1945.0,
20260713,005180,8570.0,,1,8570.0,
20260713,005300,10376.0,10.0,1,10376.0,
20260713,005380,39045.0,25.0,1,39045.0,
20260713,005440,1835.0,4.0,1,1835.0,
20260713,005490,21989.0,17.0,1,21989.0,
20260713,005500,1719.0,1.0,1,1719.0,
20260713,005690,914.0,3.0,1,914.0,
20260713,005810,8601.0,1.0,1,8601.0,
20260713,005830,23285.0,17.0,1,23285.0,
20260713,005850,8294.0,7.0,1,8294.0,
20260713,005880,486.0,4.0,1,486.0,
20260713,005930,46664.0,24.0,1,46664.0,
20260713,005940,4317.0,18.0,1,4317.0,
20260713,006040,7733.0,3.0,1,7733.0,
20260713,006110,159.0,,1,159.0,
20260713,006260,18773.0,10.0,1,18773.0,
20260713,006280,6833.0,12.0,1,6833.0,
20260713,006360,2611.0,17.0,1,2611.0,
20260713,006400,4318.0,23.0,1,4318.0,
20260713,006650,18482.0,6.0,1,18482.0,
20260713,006730,668.0,5.0,1,668.0,
20260713,006800,4543.0,17.0,1,4543.0,
20260713,007070,2434.0,13.0,1,2434.0,
20260713,007340,5355.0,2.0,1,5355.0,
20260713,007660,3581.0,13.0,1,3581.0,
20260713,007690,4568.0,1.0,1,4568.0,
20260713,007810,4392.0,3.0,1,4392.0,
20260713,008730,516.0,,1,516.0,
20260713,008770,2823.0,13.0,1,2823.0,
20260713,009150,17249.0,21.0,1,17249.0,
20260713,009240,1152.0,6.0,1,1152.0,
20260713,009420,3.0,8.0,1,3.0,
20260713,009450,11851.0,2.0,1,11851.0,
20260713,009540,48739.0,14.0,1,48739.0,
20260713,009830,2274.0,12.0,1,2274.0,
20260713,009900,1534.0,1.0,1,1534.0,
20260713,010060,10912.0,8.0,1,10912.0,
20260713,010120,3403.0,13.0,1,3403.0,
20260713,010130,63002.0,4.0,1,63002.0,
20260713,010140,1189.0,20.0,1,1189.0,
20260713,010690,2520.0,1.0,1,2520.0,
20260713,010780,4901.0,5.0,1,4901.0,
20260713,010950,21563.0,17.0,1,21563.0,
20260713,011070,36622.0,21.0,1,36622.0,
20260713,011200,1519.0,13.0,1,1519.0,
20260713,011210,5485.0,10.0,1,5485.0,
20260713,011560,4622.0,1.0,1,4622.0,
20260713,011760,7597.0,4.0,1,7597.0,
20260713,011780,14797.0,12.0,1,14797.0,
20260713,011930,735.0,1.0,1,735.0,
20260713,012210,353.0,,1,353.0,
20260713,012330,45949.0,25.0,1,45949.0,
20260713,012450,42416.0,18.0,1,42416.0,
20260713,012630,3783.0,1.0,1,3783.0,
20260713,0126Z0,10437.0,3.0,1,10437.0,
20260713,012750,4175.0,4.0,1,4175.0,
20260713,013030,4320.0,1.0,1,4320.0,
20260713,013120,286.0,1.0,1,286.0,
20260713,013580,11757.0,1.0,1,11757.0,
20260713,014620,1777.0,3.0,1,1777.0,
20260713,014680,15448.0,10.0,1,15448.0,
20260713,014790,1081.0,3.0,1,1081.0,
20260713,014830,13163.0,6.0,1,13163.0,
20260713,015760,8949.0,15.0,1,8949.0,
20260713,016360,19124.0,18.0,1,19124.0,
20260713,016380,1383.0,3.0,1,1383.0,
20260713,016580,1108.0,1.0,1,1108.0,
20260713,017670,5747.0,17.0,1,5747.0,
20260713,017800,,,0,,
20260713,017810,1284.0,2.0,1,1284.0,
20260713,017940,31166.0,1.0,1,31166.0,
20260713,017960,2230.0,3.0,1,2230.0,
20260713,018250,625.0,,1,625.0,
20260713,018260,9177.0,10.0,1,9177.0,
20260713,018290,1488.0,2.0,1,1488.0,
20260713,018670,54884.0,5.0,1,54884.0,
20260713,018880,237.0,17.0,1,237.0,
20260713,020000,3831.0,6.0,1,3831.0,
20260713,021240,10109.0,3.0,1,10109.0,
20260713,021320,1869.0,1.0,1,1869.0,
20260713,023160,2057.0,4.0,1,2057.0,
20260713,023530,13302.0,15.0,1,13302.0,
20260713,024110,3511.0,15.0,1,3511.0,
20260713,025320,105.0,,1,105.0,
20260713,025540,11854.0,1.0,1,11854.0,
20260713,027410,648.0,1.0,1,648.0,
20260713,028050,3619.0,19.0,1,3619.0,
20260713,028260,16085.0,13.0,1,16085.0,
20260713,028670,745.0,13.0,1,745.0,
20260713,029780,5576.0,3.0,1,5576.0,
20260713,030000,1946.0,10.0,1,1946.0,
20260713,030190,1584.0,1.0,1,1584.0,
20260713,030200,5660.0,18.0,1,5660.0,
20260713,030520,1747.0,3.0,1,1747.0,
20260713,031430,1488.0,7.0,1,1488.0,
20260713,031980,6303.0,5.0,1,6303.0,
20260713,032350,957.0,12.0,1,957.0,
20260713,032500,48.0,1.0,1,48.0,
20260713,032640,1692.0,17.0,1,1692.0,
20260713,032830,14246.0,14.0,1,14246.0,
20260713,033240,3878.0,1.0,1,3878.0,
20260713,033270,2808.0,2.0,1,2808.0,
20260713,033500,2367.0,2.0,1,2367.0,
20260713,033530,,,0,,
20260713,033640,230.0,1.0,1,230.0,
20260713,033780,12036.0,14.0,1,12036.0,
20260713,034020,466.0,15.0,1,466.0,
20260713,034120,301.0,5.0,1,301.0,
20260713,034220,642.0,8.0,1,642.0,
20260713,034230,1025.0,12.0,1,1025.0,
20260713,034730,125347.0,13.0,1,125347.0,
20260713,035150,2381.0,1.0,1,2381.0,
20260713,035250,1370.0,9.0,1,1370.0,
20260713,035420,11929.0,21.0,1,11929.0,
20260713,035600,2141.0,2.0,1,2141.0,
20260713,035720,1542.0,17.0,1,1542.0,
20260713,035760,2318.0,12.0,1,2318.0,
20260713,035900,3815.0,17.0,1,3815.0,
20260713,036010,722.0,,1,722.0,
20260713,036200,848.0,1.0,1,848.0,
20260713,036460,10764.0,8.0,1,10764.0,
20260713,036530,8710.0,1.0,1,8710.0,
20260713,036540,68.0,2.0,1,68.0,
20260713,036570,21369.0,19.0,1,21369.0,
20260713,036620,512.0,3.0,1,512.0,
20260713,036800,5290.0,2.0,1,5290.0,
20260713,036810,,,0,,
20260713,036890,1589.0,,1,1589.0,
20260713,036930,1255.0,2.0,1,1255.0,
20260713,037030,915.0,,1,915.0,
20260713,037560,256.0,3.0,1,256.0,
20260713,039030,10320.0,3.0,1,10320.0,
20260713,039130,3487.0,6.0,1,3487.0,
20260713,039200,836.0,1.0,1,836.0,
20260713,039440,4901.0,1.0,1,4901.0,
20260713,039490,65404.0,17.0,1,65404.0,
20260713,039570,1271.0,1.0,1,1271.0,
20260713,039830,3396.0,,1,3396.0,
20260713,039840,1689.0,2.0,1,1689.0,
20260713,041510,5966.0,18.0,1,5966.0,
20260713,041830,3579.0,1.0,1,3579.0,
20260713,041920,1048.0,1.0,1,1048.0,
20260713,042000,1632.0,1.0,1,1632.0,
20260713,042520,1085.0,1.0,1,1085.0,
20260713,042660,5258.0,20.0,1,5258.0,
20260713,042700,3539.0,1.0,1,3539.0,
20260713,043150,3277.0,4.0,1,3277.0,
20260713,043260,4882.0,2.0,1,4882.0,
20260713,044490,1414.0,1.0,1,1414.0,
20260713,046440,889.0,1.0,1,889.0,
20260713,047040,1085.0,10.0,1,1085.0,
20260713,047050,5009.0,13.0,1,5009.0,
20260713,047810,3501.0,15.0,1,3501.0,
20260713,049070,1664.0,1.0,1,1664.0,
20260713,050890,695.0,3.0,1,695.0,
20260713,051370,1132.0,2.0,1,1132.0,
20260713,051500,4929.0,7.0,1,4929.0,
20260713,051600,3498.0,11.0,1,3498.0,
20260713,051900,11217.0,13.0,1,11217.0,
20260713,052400,7251.0,1.0,1,7251.0,
20260713,052690,1704.0,11.0,1,1704.0,
20260713,052710,536.0,2.0,1,536.0,
20260713,053210,462.0,6.0,1,462.0,
20260713,053610,6365.0,,1,6365.0,
20260713,053690,2099.0,2.0,1,2099.0,
20260713,054450,1061.0,1.0,1,1061.0,
20260713,054950,2807.0,5.0,1,2807.0,
20260713,055550,11848.0,18.0,1,11848.0,
20260713,056090,146.0,,1,146.0,
20260713,056190,2333.0,2.0,1,2333.0,
20260713,058430,467.0,1.0,1,467.0,
20260713,058470,2466.0,6.0,1,2466.0,
20260713,058610,803.0,1.0,1,803.0,
20260713,058650,19337.0,1.0,1,19337.0,
20260713,058970,146.0,1.0,1,146.0,
20260713,059210,613.0,,1,613.0,
20260713,060250,1400.0,5.0,1,1400.0,
20260713,060370,454.0,1.0,1,454.0,
20260713,060720,914.0,3.0,1,914.0,
20260713,060980,6070.0,3.0,1,6070.0,
20260713,061090,4257.0,1.0,1,4257.0,
20260713,062040,6816.0,7.0,1,6816.0,
20260713,063570,419.0,1.0,1,419.0,
20260713,064290,445.0,2.0,1,445.0,
20260713,064350,8718.0,18.0,1,8718.0,
20260713,064400,5030.0,10.0,1,5030.0,
20260713,064760,9770.0,5.0,1,9770.0,
20260713,064850,2209.0,,1,2209.0,
20260713,064960,3818.0,5.0,1,3818.0,
20260713,066570,12296.0,20.0,1,12296.0,
20260713,066980,21.0,,1,21.0,
20260713,067160,8294.0,7.0,1,8294.0,
20260713,067310,2437.0,4.0,1,2437.0,
20260713,068270,6304.0,18.0,1,6304.0,
20260713,068930,1012.0,1.0,1,1012.0,
20260713,069080,1078.0,2.0,1,1078.0,
20260713,069260,1799.0,2.0,1,1799.0,
20260713,069620,15302.0,9.0,1,15302.0,
20260713,069960,12939.0,17.0,1,12939.0,
20260713,070960,104.0,1.0,1,104.0,
20260713,071050,46960.0,16.0,1,46960.0,
20260713,071320,20089.0,2.0,1,20089.0,
20260713,071970,3746.0,6.0,1,3746.0,
20260713,073240,1383.0,9.0,1,1383.0,
20260713,073490,2098.0,1.0,1,2098.0,
20260713,074600,2440.0,2.0,1,2440.0,
20260713,075580,,,0,,
20260713,077360,341.0,2.0,1,341.0,
20260713,077970,2030.0,3.0,1,2030.0,
20260713,078340,2238.0,6.0,1,2238.0,
20260713,078600,1078.0,2.0,1,1078.0,
20260713,078930,17075.0,5.0,1,17075.0,
20260713,079430,412.0,3.0,1,412.0,
20260713,079550,16434.0,17.0,1,16434.0,
20260713,079900,2285.0,2.0,1,2285.0,
20260713,080160,307.0,1.0,1,307.0,
20260713,080220,,,0,,
20260713,080580,1002.0,1.0,1,1002.0,
20260713,081660,5078.0,9.0,1,5078.0,
20260713,082740,2495.0,8.0,1,2495.0,
20260713,082920,1700.0,2.0,1,1700.0,
20260713,083450,3288.0,,1,3288.0,
20260713,083500,1669.0,3.0,1,1669.0,
20260713,083650,2556.0,3.0,1,2556.0,
20260713,084010,524.0,2.0,1,524.0,
20260713,084370,4060.0,3.0,1,4060.0,
20260713,084850,185.0,,1,185.0,
20260713,085910,819.0,1.0,1,819.0,
20260713,086280,22737.0,17.0,1,22737.0,
20260713,086390,961.0,2.0,1,961.0,
20260713,086450,1974.0,2.0,1,1974.0,
20260713,086790,16168.0,19.0,1,16168.0,
20260713,086900,3553.0,2.0,1,3553.0,
20260713,088350,950.0,12.0,1,950.0,
20260713,088980,710.0,2.0,1,710.0,
20260713,089010,2018.0,2.0,1,2018.0,
20260713,089030,1927.0,,1,1927.0,
20260713,089600,1573.0,3.0,1,1573.0,
20260713,089860,4153.0,9.0,1,4153.0,
20260713,089970,3298.0,4.0,1,3298.0,
20260713,089980,475.0,1.0,1,475.0,
20260713,090430,5166.0,18.0,1,5166.0,
20260713,090460,2835.0,11.0,1,2835.0,
20260713,091580,1399.0,1.0,1,1399.0,
20260713,091700,678.0,2.0,1,678.0,
20260713,092130,1146.0,1.0,1,1146.0,
20260713,092730,1757.0,1.0,1,1757.0,
20260713,092870,1383.0,,1,1383.0,
20260713,093370,206.0,1.0,1,206.0,
20260713,093520,2120.0,1.0,1,2120.0,
20260713,094170,478.0,,1,478.0,
20260713,094360,452.0,2.0,1,452.0,
20260713,094840,1570.0,,1,1570.0,
20260713,095340,4267.0,8.0,1,4267.0,
20260713,095570,501.0,3.0,1,501.0,
20260713,095610,5098.0,7.0,1,5098.0,
20260713,095660,1982.0,12.0,1,1982.0,
20260713,096530,1739.0,2.0,1,1739.0,
20260713,096770,11613.0,12.0,1,11613.0,
20260713,097230,1750.0,1.0,1,1750.0,
20260713,097520,2442.0,3.0,1,2442.0,
20260713,097950,23592.0,13.0,1,23592.0,
20260713,098070,3201.0,,1,3201.0,
20260713,098460,688.0,6.0,1,688.0,
20260713,099190,103.0,2.0,1,103.0,
20260713,099320,1540.0,3.0,1,1540.0,
20260713,099430,448.0,1.0,1,448.0,
20260713,100090,719.0,6.0,1,719.0,
20260713,100120,3562.0,3.0,1,3562.0,
20260713,100840,4868.0,2.0,1,4868.0,
20260713,102710,4140.0,2.0,1,4140.0,
20260713,103140,8961.0,11.0,1,8961.0,
20260713,103590,3157.0,3.0,1,3157.0,
20260713,104700,219.0,1.0,1,219.0,
20260713,104830,4878.0,2.0,1,4878.0,
20260713,105560,18082.0,18.0,1,18082.0,
20260713,105630,1288.0,8.0,1,1288.0,
20260713,105840,797.0,1.0,1,797.0,
20260713,107640,631.0,1.0,1,631.0,
20260713,108320,3935.0,1.0,1,3935.0,
20260713,108380,2921.0,2.0,1,2921.0,
20260713,108490,408.0,6.0,1,408.0,
20260713,108670,6614.0,5.0,1,6614.0,
20260713,111770,13217.0,9.0,1,13217.0,
20260713,112040,1355.0,1.0,1,1355.0,
20260713,112610,4297.0,9.0,1,4297.0,
20260713,114090,980.0,11.0,1,980.0,
20260713,114810,1486.0,2.0,1,1486.0,
20260713,114840,1438.0,1.0,1,1438.0,
20260713,119610,1895.0,1.0,1,1895.0,
20260713,120110,6038.0,6.0,1,6038.0,
20260713,121600,735.0,1.0,1,735.0,
20260713,122450,739.0,,1,739.0,
20260713,122640,998.0,2.0,1,998.0,
20260713,122870,2997.0,19.0,1,2997.0,
20260713,122900,1256.0,1.0,1,1256.0,
20260713,123330,2654.0,,1,2654.0,
20260713,125210,691.0,1.0,1,691.0,
20260713,125490,219.0,2.0,1,219.0,
20260713,126340,281.0,1.0,1,281.0,
20260713,126700,1780.0,,1,1780.0,
20260713,126720,3850.0,1.0,1,3850.0,
20260713,128940,16477.0,16.0,1,16477.0,
20260713,131290,12087.0,3.0,1,12087.0,
20260713,131970,2213.0,7.0,1,2213.0,
20260713,138040,14331.0,5.0,1,14331.0,
20260713,138080,480.0,1.0,1,480.0,
20260713,138930,2749.0,17.0,1,2749.0,
20260713,139130,3091.0,16.0,1,3091.0,
20260713,139480,5388.0,10.0,1,5388.0,
20260713,140860,7481.0,7.0,1,7481.0,
20260713,142210,2496.0,,1,2496.0,
20260713,145020,14444.0,13.0,1,14444.0,
20260713,145720,7151.0,5.0,1,7151.0,
20260713,148150,287.0,1.0,1,287.0,
20260713,149950,585.0,1.0,1,585.0,
20260713,161390,10815.0,15.0,1,10815.0,
20260713,161890,7436.0,19.0,1,7436.0,
20260713,163730,481.0,,1,481.0,
20260713,166090,4050.0,1.0,1,4050.0,
20260713,170920,2262.0,1.0,1,2262.0,
20260713,171090,8417.0,4.0,1,8417.0,
20260713,175330,3937.0,16.0,1,3937.0,
20260713,178320,994.0,2.0,1,994.0,
20260713,178920,1755.0,4.0,1,1755.0,
20260713,181710,3405.0,10.0,1,3405.0,
20260713,183190,1074.0,2.0,1,1074.0,
20260713,183300,3173.0,2.0,1,3173.0,
20260713,185750,4564.0,6.0,1,4564.0,
20260713,187790,248.0,,1,248.0,
20260713,189300,3665.0,5.0,1,3665.0,
20260713,190510,1079.0,,1,1079.0,
20260713,192080,9232.0,14.0,1,9232.0,
20260713,192400,4330.0,1.0,1,4330.0,
20260713,192650,180.0,3.0,1,180.0,
20260713,192820,13169.0,18.0,1,13169.0,
20260713,194370,3753.0,1.0,1,3753.0,
20260713,195870,4392.0,10.0,1,4392.0,
20260713,195940,3335.0,11.0,1,3335.0,
20260713,196170,5144.0,3.0,1,5144.0,
20260713,200670,3939.0,2.0,1,3939.0,
20260713,200710,1549.0,2.0,1,1549.0,
20260713,204270,997.0,1.0,1,997.0,
20260713,204320,4095.0,19.0,1,4095.0,
20260713,204610,259.0,,1,259.0,
20260713,207940,42235.0,18.0,1,42235.0,
20260713,211050,1744.0,1.0,1,1744.0,
20260713,213420,3132.0,7.0,1,3132.0,
20260713,213500,1311.0,2.0,1,1311.0,
20260713,214150,2717.0,16.0,1,2717.0,
20260713,214180,3075.0,2.0,1,3075.0,
20260713,214320,2816.0,9.0,1,2816.0,
20260713,214420,665.0,1.0,1,665.0,
20260713,214430,2600.0,,1,2600.0,
20260713,214450,18588.0,14.0,1,18588.0,
20260713,215000,8366.0,2.0,1,8366.0,
20260713,215200,8992.0,1.0,1,8992.0,
20260713,217590,249.0,,1,249.0,
20260713,218410,1665.0,5.0,1,1665.0,
20260713,219130,2930.0,,1,2930.0,
20260713,222040,890.0,1.0,1,890.0,
20260713,222800,3804.0,9.0,1,3804.0,
20260713,228850,1046.0,2.0,1,1046.0,
20260713,229640,1704.0,7.0,1,1704.0,
20260713,230240,1142.0,2.0,1,1142.0,
20260713,232140,423.0,4.0,1,423.0,
20260713,234080,1730.0,1.0,1,1730.0,
20260713,234340,1553.0,2.0,1,1553.0,
20260713,236200,5661.0,1.0,1,5661.0,
20260713,237690,3355.0,14.0,1,3355.0,
20260713,237880,1144.0,2.0,1,1144.0,
20260713,240810,3519.0,5.0,1,3519.0,
20260713,241560,5405.0,7.0,1,5405.0,
20260713,241590,407.0,4.0,1,407.0,
20260713,241710,6431.0,10.0,1,6431.0,
20260713,243840,304.0,2.0,1,304.0,
20260713,244920,,1.0,0,,
20260713,247540,374.0,18.0,1,374.0,
20260713,248070,1022.0,5.0,1,1022.0,
20260713,251270,4639.0,13.0,1,4639.0,
20260713,251970,3510.0,2.0,1,3510.0,
20260713,252990,531.0,,1,531.0,
20260713,253450,1186.0,11.0,1,1186.0,
20260713,257720,3382.0,7.0,1,3382.0,
20260713,259630,1781.0,,1,1781.0,
20260713,259960,23790.0,18.0,1,23790.0,
20260713,263750,5726.0,9.0,1,5726.0,
20260713,263860,1267.0,,1,1267.0,
20260713,264660,1708.0,,1,1708.0,
20260713,267250,30580.0,5.0,1,30580.0,
20260713,267260,26965.0,13.0,1,26965.0,
20260713,267270,10988.0,6.0,1,10988.0,
20260713,271560,12240.0,12.0,1,12240.0,
20260713,272210,1196.0,13.0,1,1196.0,
20260713,272290,2960.0,2.0,1,2960.0,
20260713,277810,773.0,1.0,1,773.0,
20260713,278470,14778.0,19.0,1,14778.0,
20260713,279570,313.0,2.0,1,313.0,
20260713,280360,12539.0,10.0,1,12539.0,
20260713,281820,6467.0,1.0,1,6467.0,
20260713,282330,13113.0,15.0,1,13113.0,
20260713,282720,74.0,1.0,1,74.0,
20260713,282880,1334.0,1.0,1,1334.0,
20260713,285130,7693.0,2.0,1,7693.0,
20260713,286940,1619.0,3.0,1,1619.0,
20260713,290550,1800.0,1.0,1,1800.0,
20260713,290650,1250.0,,1,1250.0,
20260713,293480,1232.0,1.0,1,1232.0,
20260713,294570,2140.0,,1,2140.0,
20260713,294870,5347.0,13.0,1,5347.0,
20260713,295310,1216.0,1.0,1,1216.0,
20260713,297090,568.0,1.0,1,568.0,
20260713,298020,45479.0,5.0,1,45479.0,
20260713,298040,84457.0,13.0,1,84457.0,
20260713,298050,13482.0,5.0,1,13482.0,
20260713,299030,1226.0,,1,1226.0,
20260713,300720,952.0,2.0,1,952.0,
20260713,306200,19039.0,5.0,1,19039.0,
20260713,307950,7562.0,16.0,1,7562.0,
20260713,316140,4304.0,20.0,1,4304.0,
20260713,317400,1448.0,1.0,1,1448.0,
20260713,319400,153.0,,1,153.0,
20260713,319660,5285.0,7.0,1,5285.0,
20260713,322000,8134.0,2.0,1,8134.0,
20260713,322310,427.0,1.0,1,427.0,
20260713,323410,1274.0,12.0,1,1274.0,
20260713,326030,4406.0,11.0,1,4406.0,
20260713,327260,1379.0,2.0,1,1379.0,
20260713,329180,29438.0,21.0,1,29438.0,
20260713,330860,1428.0,2.0,1,1428.0,
20260713,336370,1326.0,3.0,1,1326.0,
20260713,336570,545.0,2.0,1,545.0,
20260713,339770,416.0,1.0,1,416.0,
20260713,340450,262.0,,1,262.0,
20260713,340570,6385.0,4.0,1,6385.0,
20260713,347700,916.0,1.0,1,916.0,
20260713,348210,1887.0,3.0,1,1887.0,
20260713,352480,1343.0,,1,1343.0,
20260713,352820,4411.0,20.0,1,4411.0,
20260713,353200,4046.0,14.0,1,4046.0,
20260713,353810,,,0,,
20260713,354320,1200.0,1.0,1,1200.0,
20260713,355150,981.0,,1,981.0,
20260713,356860,3854.0,7.0,1,3854.0,
20260713,357780,19063.0,8.0,1,19063.0,
20260713,361390,229.0,1.0,1,229.0,
20260713,375500,10105.0,17.0,1,10105.0,
20260713,376270,1737.0,1.0,1,1737.0,
20260713,376300,1750.0,14.0,1,1750.0,
20260713,377300,849.0,6.0,1,849.0,
20260713,381970,1068.0,4.0,1,1068.0,
20260713,382800,754.0,,1,754.0,
20260713,383220,12775.0,10.0,1,12775.0,
20260713,383310,1333.0,1.0,1,1333.0,
20260713,383800,1955.0,2.0,1,1955.0,
20260713,388050,540.0,,1,540.0,
20260713,388210,6513.0,3.0,1,6513.0,
20260713,402340,293498.0,7.0,1,293498.0,
20260713,403550,83.0,1.0,1,83.0,
20260713,403870,1440.0,6.0,1,1440.0,
20260713,405100,1008.0,1.0,1,1008.0,
20260713,413630,124.0,,1,124.0,
20260713,415640,,,0,,
20260713,417840,1231.0,1.0,1,1231.0,
20260713,419530,2734.0,2.0,1,2734.0,
20260713,420770,1599.0,3.0,1,1599.0,
20260713,425040,,,0,,
20260713,425420,2620.0,,1,2620.0,
20260713,439260,7903.0,5.0,1,7903.0,
20260713,440110,917.0,1.0,1,917.0,
20260713,441270,610.0,,1,610.0,
20260713,443060,8068.0,10.0,1,8068.0,
20260713,445090,174.0,,1,174.0,
20260713,450950,245.0,2.0,1,245.0,
20260713,451760,457.0,1.0,1,457.0,
20260713,452430,419.0,1.0,1,419.0,
20260713,453340,3489.0,3.0,1,3489.0,
20260713,453450,768.0,,1,768.0,
20260713,454910,108.0,1.0,1,108.0,
20260713,456010,441.0,1.0,1,441.0,
20260713,456040,13140.0,3.0,1,13140.0,
20260713,458870,1542.0,5.0,1,1542.0,
20260713,460860,742.0,4.0,1,742.0,
20260713,462870,2146.0,11.0,1,2146.0,
20260713,473980,1431.0,1.0,1,1431.0,
20260713,474170,87.0,1.0,1,87.0,
20260713,475150,915.0,3.0,1,915.0,
20260713,475430,560.0,,1,560.0,
20260713,475960,37.0,1.0,1,37.0,
20260713,476060,550.0,1.0,1,550.0,
20260713,482630,1028.0,2.0,1,1028.0,
20260713,483650,10218.0,13.0,1,10218.0,
20260713,484590,789.0,,1,789.0,
20260713,488280,148.0,,1,148.0,
20260713,489500,1479.0,,1,1479.0,
20260713,489790,2811.0,3.0,1,2811.0,
20260713,499790,2711.0,6.0,1,2711.0,
20260714,000080,1411.0,6.0,1,1411.0,
20260714,000100,1832.0,13.0,1,1832.0,
20260714,000120,11271.0,12.0,1,11271.0,
20260714,000150,20236.0,13.0,1,20236.0,
20260714,000210,10121.0,2.0,1,10121.0,
20260714,000240,4438.0,1.0,1,4438.0,
20260714,000270,21641.0,23.0,1,21641.0,
20260714,000370,2152.0,7.0,1,2152.0,
20260714,000640,10397.0,1.0,1,10397.0,
20260714,000660,317929.0,24.0,1,317929.0,
20260714,000720,4820.0,20.0,1,4820.0,
20260714,0007C0,,,0,,
20260714,000810,45164.0,17.0,1,45164.0,
20260714,000880,9777.0,10.0,1,9777.0,
20260714,0008Z0,2119.0,1.0,1,2119.0,
20260714,000990,8413.0,3.0,1,8413.0,
20260714,001040,10171.0,9.0,1,10171.0,
20260714,001120,7840.0,6.0,1,7840.0,
20260714,0011A0,870.0,,1,870.0,
20260714,001230,179.0,1.0,1,179.0,
20260714,001250,246.0,1.0,1,246.0,
20260714,001340,229.0,1.0,1,229.0,
20260714,001430,2471.0,9.0,1,2471.0,
20260714,001440,523.0,5.0,1,523.0,
20260714,001450,7857.0,16.0,1,7857.0,
20260714,001530,657.0,1.0,1,657.0,
20260714,001680,2694.0,2.0,1,2694.0,
20260714,001740,395.0,4.0,1,395.0,
20260714,001940,988.0,1.0,1,988.0,
20260714,002020,4976.0,1.0,1,4976.0,
20260714,002320,-2390.0,1.0,0,-2390.0,
20260714,002350,1539.0,13.0,1,1539.0,
20260714,002380,180664.0,4.0,1,180664.0,
20260714,002990,1469.0,2.0,1,1469.0,
20260714,003030,22926.0,2.0,1,22926.0,
20260714,003070,2293.0,1.0,1,2293.0,
20260714,003160,1424.0,2.0,1,1424.0,
20260714,003220,709.0,5.0,1,709.0,
20260714,003230,74266.0,14.0,1,74266.0,
20260714,003490,587.0,13.0,1,587.0,
20260714,003540,4388.0,3.0,1,4388.0,
20260714,003550,7501.0,11.0,1,7501.0,
20260714,003570,2734.0,1.0,1,2734.0,
20260714,003670,283.0,18.0,1,283.0,
20260714,003850,772.0,1.0,1,772.0,
20260714,004000,7089.0,6.0,1,7089.0,
20260714,004020,1254.0,15.0,1,1254.0,
20260714,004170,39973.0,18.0,1,39973.0,
20260714,004370,31787.0,13.0,1,31787.0,
20260714,004690,37548.0,1.0,1,37548.0,
20260714,004800,19832.0,2.0,1,19832.0,
20260714,004990,897.0,4.0,1,897.0,
20260714,005070,221.0,3.0,1,221.0,
20260714,005090,1945.0,3.0,1,1945.0,
20260714,005180,8570.0,,1,8570.0,
20260714,005300,10405.0,10.0,1,10405.0,
20260714,005380,38976.0,25.0,1,38976.0,
20260714,005440,1835.0,4.0,1,1835.0,
20260714,005490,21931.0,17.0,1,21931.0,
20260714,005500,1719.0,1.0,1,1719.0,
20260714,005690,914.0,3.0,1,914.0,
20260714,005810,8601.0,1.0,1,8601.0,
20260714,005830,23285.0,16.0,1,23285.0,
20260714,005850,8294.0,7.0,1,8294.0,
20260714,005880,486.0,4.0,1,486.0,
20260714,005930,46664.0,24.0,1,46664.0,
20260714,005940,4358.0,18.0,1,4358.0,
20260714,006040,7733.0,3.0,1,7733.0,
20260714,006110,159.0,,1,159.0,
20260714,006260,18773.0,10.0,1,18773.0,
20260714,006280,6833.0,12.0,1,6833.0,
20260714,006360,2605.0,17.0,1,2605.0,
20260714,006400,4318.0,23.0,1,4318.0,
20260714,006650,18482.0,6.0,1,18482.0,
20260714,006730,668.0,5.0,1,668.0,
20260714,006800,4548.0,17.0,1,4548.0,
20260714,007070,2434.0,13.0,1,2434.0,
20260714,007340,5355.0,2.0,1,5355.0,
20260714,007660,3600.0,12.0,1,3600.0,
20260714,007690,4568.0,1.0,1,4568.0,
20260714,007810,4392.0,3.0,1,4392.0,
20260714,008730,516.0,,1,516.0,
20260714,008770,2823.0,13.0,1,2823.0,
20260714,009150,17249.0,21.0,1,17249.0,
20260714,009240,1152.0,6.0,1,1152.0,
20260714,009420,3.0,8.0,1,3.0,
20260714,009450,11851.0,2.0,1,11851.0,
20260714,009540,49020.0,14.0,1,49020.0,
20260714,009830,2274.0,12.0,1,2274.0,
20260714,009900,1534.0,1.0,1,1534.0,
20260714,010060,11003.0,8.0,1,11003.0,
20260714,010120,3409.0,14.0,1,3409.0,
20260714,010130,63002.0,4.0,1,63002.0,
20260714,010140,1152.0,20.0,1,1152.0,
20260714,010690,2520.0,1.0,1,2520.0,
20260714,010780,4901.0,5.0,1,4901.0,
20260714,010950,21067.0,17.0,1,21067.0,
20260714,011070,36622.0,21.0,1,36622.0,
20260714,011200,1519.0,13.0,1,1519.0,
20260714,011210,5386.0,11.0,1,5386.0,
20260714,011560,4622.0,1.0,1,4622.0,
20260714,011760,7597.0,4.0,1,7597.0,
20260714,011780,14797.0,12.0,1,14797.0,
20260714,011930,735.0,1.0,1,735.0,
20260714,012210,353.0,,1,353.0,
20260714,012330,45949.0,25.0,1,45949.0,
20260714,012450,42188.0,18.0,1,42188.0,
20260714,012630,3783.0,1.0,1,3783.0,
20260714,0126Z0,10437.0,3.0,1,10437.0,
20260714,012750,4175.0,4.0,1,4175.0,
20260714,013030,4320.0,1.0,1,4320.0,
20260714,013120,286.0,1.0,1,286.0,
20260714,013580,11757.0,1.0,1,11757.0,
20260714,014620,1777.0,3.0,1,1777.0,
20260714,014680,15581.0,9.0,1,15581.0,
20260714,014790,1081.0,3.0,1,1081.0,
20260714,014830,13163.0,6.0,1,13163.0,
20260714,015760,8949.0,15.0,1,8949.0,
20260714,016360,19400.0,18.0,1,19400.0,
20260714,016380,1383.0,3.0,1,1383.0,
20260714,016580,1108.0,1.0,1,1108.0,
20260714,017670,5796.0,17.0,1,5796.0,
20260714,017800,,,0,,
20260714,017810,1284.0,2.0,1,1284.0,
20260714,017940,31166.0,1.0,1,31166.0,
20260714,017960,2256.0,3.0,1,2256.0,
20260714,018250,625.0,,1,625.0,
20260714,018260,9241.0,11.0,1,9241.0,
20260714,018290,1488.0,2.0,1,1488.0,
20260714,018670,54884.0,5.0,1,54884.0,
20260714,018880,236.0,17.0,1,236.0,
20260714,020000,3831.0,6.0,1,3831.0,
20260714,021240,10103.0,3.0,1,10103.0,
20260714,021320,1869.0,1.0,1,1869.0,
20260714,023160,2057.0,4.0,1,2057.0,
20260714,023530,13302.0,15.0,1,13302.0,
20260714,024110,3507.0,15.0,1,3507.0,
20260714,025320,105.0,,1,105.0,
20260714,025540,11854.0,1.0,1,11854.0,
20260714,027410,648.0,1.0,1,648.0,
20260714,028050,3621.0,19.0,1,3621.0,
20260714,028260,16085.0,13.0,1,16085.0,
20260714,028670,746.0,13.0,1,746.0,
20260714,029780,5576.0,4.0,1,5576.0,
20260714,030000,1946.0,10.0,1,1946.0,
20260714,030190,1584.0,1.0,1,1584.0,
20260714,030200,5649.0,18.0,1,5649.0,
20260714,030520,1747.0,3.0,1,1747.0,
20260714,031430,1522.0,6.0,1,1522.0,
20260714,031980,6303.0,5.0,1,6303.0,
20260714,032350,930.0,12.0,1,930.0,
20260714,032500,48.0,1.0,1,48.0,
20260714,032640,1691.0,17.0,1,1691.0,
20260714,032830,14246.0,14.0,1,14246.0,
20260714,033240,3878.0,1.0,1,3878.0,
20260714,033270,2808.0,2.0,1,2808.0,
20260714,033500,2367.0,2.0,1,2367.0,
20260714,033530,,,0,,
20260714,033640,230.0,1.0,1,230.0,
20260714,033780,12037.0,13.0,1,12037.0,
20260714,034020,465.0,15.0,1,465.0,
20260714,034120,301.0,5.0,1,301.0,
20260714,034220,642.0,8.0,1,642.0,
20260714,034230,1019.0,12.0,1,1019.0,
20260714,034730,125347.0,13.0,1,125347.0,
20260714,035150,2381.0,1.0,1,2381.0,
20260714,035250,1370.0,9.0,1,1370.0,
20260714,035420,11919.0,21.0,1,11919.0,
20260714,035600,2141.0,2.0,1,2141.0,
20260714,035720,1541.0,17.0,1,1541.0,
20260714,035760,2294.0,12.0,1,2294.0,
20260714,035900,3805.0,17.0,1,3805.0,
20260714,036010,722.0,,1,722.0,
20260714,036200,848.0,1.0,1,848.0,
20260714,036460,10764.0,8.0,1,10764.0,
20260714,036530,8710.0,1.0,1,8710.0,
20260714,036540,68.0,2.0,1,68.0,
20260714,036570,21587.0,18.0,1,21587.0,
20260714,036620,512.0,3.0,1,512.0,
20260714,036800,5290.0,2.0,1,5290.0,
20260714,036810,,,0,,
20260714,036890,1589.0,,1,1589.0,
20260714,036930,1255.0,2.0,1,1255.0,
20260714,037030,915.0,,1,915.0,
20260714,037560,256.0,3.0,1,256.0,
20260714,039030,10320.0,3.0,1,10320.0,
20260714,039130,3487.0,5.0,1,3487.0,
20260714,039200,836.0,1.0,1,836.0,
20260714,039440,4901.0,1.0,1,4901.0,
20260714,039490,65404.0,17.0,1,65404.0,
20260714,039570,1271.0,1.0,1,1271.0,
20260714,039830,3396.0,,1,3396.0,
20260714,039840,1689.0,2.0,1,1689.0,
20260714,041510,5955.0,17.0,1,5955.0,
20260714,041830,3568.0,2.0,1,3568.0,
20260714,041920,1048.0,1.0,1,1048.0,
20260714,042000,1632.0,1.0,1,1632.0,
20260714,042520,1085.0,1.0,1,1085.0,
20260714,042660,5376.0,21.0,1,5376.0,
20260714,042700,3627.0,1.0,1,3627.0,
20260714,043150,3277.0,4.0,1,3277.0,
20260714,043260,4882.0,2.0,1,4882.0,
20260714,044490,1414.0,1.0,1,1414.0,
20260714,046440,889.0,1.0,1,889.0,
20260714,047040,1083.0,10.0,1,1083.0,
20260714,047050,5042.0,13.0,1,5042.0,
20260714,047810,3428.0,16.0,1,3428.0,
20260714,049070,1664.0,1.0,1,1664.0,
20260714,050890,695.0,3.0,1,695.0,
20260714,051370,1132.0,2.0,1,1132.0,
20260714,051500,4709.0,7.0,1,4709.0,
20260714,051600,3498.0,11.0,1,3498.0,
20260714,051900,11296.0,13.0,1,11296.0,
20260714,052400,7251.0,1.0,1,7251.0,
20260714,052690,1704.0,11.0,1,1704.0,
20260714,052710,536.0,2.0,1,536.0,
20260714,053210,462.0,6.0,1,462.0,
20260714,053610,6365.0,,1,6365.0,
20260714,053690,2099.0,2.0,1,2099.0,
20260714,054450,1061.0,1.0,1,1061.0,
20260714,054950,2807.0,5.0,1,2807.0,
20260714,055550,11978.0,19.0,1,11978.0,
20260714,056090,146.0,,1,146.0,
20260714,056190,2333.0,2.0,1,2333.0,
20260714,058430,467.0,1.0,1,467.0,
20260714,058470,2437.0,5.0,1,2437.0,
20260714,058610,803.0,1.0,1,803.0,
20260714,058650,19337.0,1.0,1,19337.0,
20260714,058970,146.0,1.0,1,146.0,
20260714,059210,613.0,,1,613.0,
20260714,060250,1400.0,5.0,1,1400.0,
20260714,060370,454.0,1.0,1,454.0,
20260714,060720,914.0,3.0,1,914.0,
20260714,060980,6070.0,3.0,1,6070.0,
20260714,061090,5706.0,1.0,1,5706.0,
20260714,062040,6816.0,7.0,1,6816.0,
20260714,063570,419.0,1.0,1,419.0,
20260714,064290,445.0,2.0,1,445.0,
20260714,064350,8718.0,18.0,1,8718.0,
20260714,064400,5030.0,10.0,1,5030.0,
20260714,064760,9770.0,5.0,1,9770.0,
20260714,064850,2209.0,,1,2209.0,
20260714,064960,3818.0,5.0,1,3818.0,
20260714,066570,12296.0,20.0,1,12296.0,
20260714,066980,21.0,,1,21.0,
20260714,067160,8189.0,6.0,1,8189.0,
20260714,067310,2437.0,4.0,1,2437.0,
20260714,068270,6304.0,18.0,1,6304.0,
20260714,068930,1012.0,1.0,1,1012.0,
20260714,069080,1078.0,2.0,1,1078.0,
20260714,069260,1799.0,2.0,1,1799.0,
20260714,069620,15302.0,10.0,1,15302.0,
20260714,069960,12939.0,17.0,1,12939.0,
20260714,070960,104.0,1.0,1,104.0,
20260714,071050,46264.0,16.0,1,46264.0,
20260714,071320,20089.0,2.0,1,20089.0,
20260714,071970,3746.0,6.0,1,3746.0,
20260714,073240,1383.0,9.0,1,1383.0,
20260714,073490,2098.0,1.0,1,2098.0,
20260714,074600,2440.0,2.0,1,2440.0,
20260714,075580,,,0,,
20260714,077360,341.0,2.0,1,341.0,
20260714,077970,2030.0,3.0,1,2030.0,
20260714,078340,1064.0,5.0,1,1064.0,
20260714,078600,1078.0,2.0,1,1078.0,
20260714,078930,17075.0,5.0,1,17075.0,
20260714,079430,412.0,3.0,1,412.0,
20260714,079550,16434.0,17.0,1,16434.0,
20260714,079900,2285.0,2.0,1,2285.0,
20260714,080160,307.0,1.0,1,307.0,
20260714,080220,,,0,,
20260714,080580,1002.0,1.0,1,1002.0,
20260714,081660,5078.0,9.0,1,5078.0,
20260714,082740,2495.0,8.0,1,2495.0,
20260714,082920,1700.0,2.0,1,1700.0,
20260714,083450,,,0,,
20260714,083500,1669.0,3.0,1,1669.0,
20260714,083650,2556.0,3.0,1,2556.0,
20260714,084010,524.0,2.0,1,524.0,
20260714,084370,4060.0,3.0,1,4060.0,
20260714,084850,185.0,,1,185.0,
20260714,085910,819.0,1.0,1,819.0,
20260714,086280,22737.0,17.0,1,22737.0,
20260714,086390,961.0,2.0,1,961.0,
20260714,086450,1974.0,2.0,1,1974.0,
20260714,086790,16253.0,20.0,1,16253.0,
20260714,086900,3553.0,2.0,1,3553.0,
20260714,088350,950.0,12.0,1,950.0,
20260714,088980,710.0,2.0,1,710.0,
20260714,089010,2018.0,2.0,1,2018.0,
20260714,089030,1927.0,,1,1927.0,
20260714,089600,1573.0,3.0,1,1573.0,
20260714,089860,4153.0,9.0,1,4153.0,
20260714,089970,3298.0,4.0,1,3298.0,
20260714,089980,475.0,1.0,1,475.0,
20260714,090430,5161.0,18.0,1,5161.0,
20260714,090460,2835.0,11.0,1,2835.0,
20260714,091580,1399.0,1.0,1,1399.0,
20260714,091700,678.0,2.0,1,678.0,
20260714,092130,1146.0,1.0,1,1146.0,
20260714,092730,1757.0,1.0,1,1757.0,
20260714,092870,1383.0,,1,1383.0,
20260714,093370,206.0,1.0,1,206.0,
20260714,093520,2120.0,1.0,1,2120.0,
20260714,094170,478.0,,1,478.0,
20260714,094360,452.0,2.0,1,452.0,
20260714,094840,1570.0,,1,1570.0,
20260714,095340,4267.0,8.0,1,4267.0,
20260714,095570,501.0,3.0,1,501.0,
20260714,095610,5196.0,7.0,1,5196.0,
20260714,095660,1982.0,12.0,1,1982.0,
20260714,096530,1748.0,2.0,1,1748.0,
20260714,096770,11613.0,12.0,1,11613.0,
20260714,097230,1750.0,1.0,1,1750.0,
20260714,097520,2442.0,3.0,1,2442.0,
20260714,097950,23626.0,13.0,1,23626.0,
20260714,098070,3201.0,,1,3201.0,
20260714,098460,688.0,6.0,1,688.0,
20260714,099190,103.0,2.0,1,103.0,
20260714,099320,1540.0,3.0,1,1540.0,
20260714,099430,448.0,1.0,1,448.0,
20260714,100090,719.0,6.0,1,719.0,
20260714,100120,3562.0,3.0,1,3562.0,
20260714,100840,4868.0,2.0,1,4868.0,
20260714,102710,4140.0,2.0,1,4140.0,
20260714,103140,8937.0,11.0,1,8937.0,
20260714,103590,3157.0,3.0,1,3157.0,
20260714,104700,219.0,1.0,1,219.0,
20260714,104830,4878.0,2.0,1,4878.0,
20260714,105560,18190.0,18.0,1,18190.0,
20260714,105630,1288.0,8.0,1,1288.0,
20260714,105840,797.0,1.0,1,797.0,
20260714,107640,631.0,1.0,1,631.0,
20260714,108320,3935.0,1.0,1,3935.0,
20260714,108380,2921.0,2.0,1,2921.0,
20260714,108490,408.0,6.0,1,408.0,
20260714,108670,6614.0,5.0,1,6614.0,
20260714,111770,13217.0,9.0,1,13217.0,
20260714,112040,1355.0,1.0,1,1355.0,
20260714,112610,4297.0,9.0,1,4297.0,
20260714,114090,987.0,11.0,1,987.0,
20260714,114810,1486.0,2.0,1,1486.0,
20260714,114840,1278.0,2.0,1,1278.0,
20260714,119610,1869.0,1.0,1,1869.0,
20260714,120110,6038.0,6.0,1,6038.0,
20260714,121600,735.0,1.0,1,735.0,
20260714,122450,739.0,,1,739.0,
20260714,122640,998.0,2.0,1,998.0,
20260714,122870,2975.0,18.0,1,2975.0,
20260714,122900,1256.0,1.0,1,1256.0,
20260714,123330,2654.0,,1,2654.0,
20260714,125210,691.0,1.0,1,691.0,
20260714,125490,219.0,2.0,1,219.0,
20260714,126340,281.0,1.0,1,281.0,
20260714,126700,1780.0,,1,1780.0,
20260714,126720,3850.0,1.0,1,3850.0,
20260714,128940,17049.0,16.0,1,17049.0,
20260714,131290,12087.0,3.0,1,12087.0,
20260714,131970,2213.0,7.0,1,2213.0,
20260714,138040,14331.0,5.0,1,14331.0,
20260714,138080,366.0,1.0,1,366.0,
20260714,138930,2717.0,17.0,1,2717.0,
20260714,139130,3088.0,16.0,1,3088.0,
20260714,139480,5388.0,10.0,1,5388.0,
20260714,140860,7481.0,7.0,1,7481.0,
20260714,142210,2496.0,,1,2496.0,
20260714,145020,14444.0,13.0,1,14444.0,
20260714,145720,7151.0,5.0,1,7151.0,
20260714,148150,287.0,1.0,1,287.0,
20260714,149950,585.0,1.0,1,585.0,
20260714,161390,10815.0,15.0,1,10815.0,
20260714,161890,7433.0,19.0,1,7433.0,
20260714,163730,481.0,,1,481.0,
20260714,166090,4050.0,1.0,1,4050.0,
20260714,170920,2262.0,1.0,1,2262.0,
20260714,171090,8417.0,4.0,1,8417.0,
20260714,175330,3930.0,15.0,1,3930.0,
20260714,178320,861.0,2.0,1,861.0,
20260714,178920,1755.0,4.0,1,1755.0,
20260714,181710,3405.0,10.0,1,3405.0,
20260714,183190,1074.0,2.0,1,1074.0,
20260714,183300,3173.0,2.0,1,3173.0,
20260714,185750,4564.0,6.0,1,4564.0,
20260714,187790,248.0,,1,248.0,
20260714,189300,3665.0,5.0,1,3665.0,
20260714,190510,1079.0,,1,1079.0,
20260714,192080,9232.0,14.0,1,9232.0,
20260714,192400,4330.0,1.0,1,4330.0,
20260714,192650,180.0,3.0,1,180.0,
20260714,192820,13182.0,18.0,1,13182.0,
20260714,194370,3753.0,1.0,1,3753.0,
20260714,195870,4392.0,10.0,1,4392.0,
20260714,195940,3298.0,13.0,1,3298.0,
20260714,196170,5144.0,3.0,1,5144.0,
20260714,200670,3939.0,2.0,1,3939.0,
20260714,200710,1549.0,2.0,1,1549.0,
20260714,204270,997.0,1.0,1,997.0,
20260714,204320,4095.0,19.0,1,4095.0,
20260714,204610,259.0,,1,259.0,
20260714,207940,42235.0,18.0,1,42235.0,
20260714,211050,1744.0,1.0,1,1744.0,
20260714,213420,3132.0,7.0,1,3132.0,
20260714,213500,1311.0,2.0,1,1311.0,
20260714,214150,2717.0,16.0,1,2717.0,
20260714,214180,3075.0,2.0,1,3075.0,
20260714,214320,2816.0,9.0,1,2816.0,
20260714,214420,665.0,1.0,1,665.0,
20260714,214430,2600.0,,1,2600.0,
20260714,214450,18588.0,14.0,1,18588.0,
20260714,215000,8366.0,2.0,1,8366.0,
20260714,215200,8992.0,1.0,1,8992.0,
20260714,217590,249.0,,1,249.0,
20260714,218410,1665.0,5.0,1,1665.0,
20260714,219130,3310.0,,1,3310.0,
20260714,222040,890.0,1.0,1,890.0,
20260714,222800,3804.0,9.0,1,3804.0,
20260714,228850,1046.0,2.0,1,1046.0,
20260714,229640,1704.0,7.0,1,1704.0,
20260714,230240,1142.0,2.0,1,1142.0,
20260714,232140,423.0,4.0,1,423.0,
20260714,234080,1730.0,1.0,1,1730.0,
20260714,234340,1553.0,2.0,1,1553.0,
20260714,236200,5661.0,1.0,1,5661.0,
20260714,237690,3391.0,14.0,1,3391.0,
20260714,237880,1144.0,2.0,1,1144.0,
20260714,240810,3544.0,5.0,1,3544.0,
20260714,241560,5405.0,7.0,1,5405.0,
20260714,241590,407.0,4.0,1,407.0,
20260714,241710,6456.0,10.0,1,6456.0,
20260714,243840,304.0,2.0,1,304.0,
20260714,244920,,1.0,0,,
20260714,247540,374.0,18.0,1,374.0,
20260714,248070,1022.0,5.0,1,1022.0,
20260714,251270,4639.0,13.0,1,4639.0,
20260714,251970,3647.0,3.0,1,3647.0,
20260714,252990,531.0,,1,531.0,
20260714,253450,1186.0,11.0,1,1186.0,
20260714,257720,3407.0,7.0,1,3407.0,
20260714,259630,1781.0,,1,1781.0,
20260714,259960,23790.0,18.0,1,23790.0,
20260714,263750,5726.0,9.0,1,5726.0,
20260714,263860,1267.0,,1,1267.0,
20260714,264660,1708.0,,1,1708.0,
20260714,267250,30580.0,5.0,1,30580.0,
20260714,267260,26965.0,13.0,1,26965.0,
20260714,267270,11059.0,6.0,1,11059.0,
20260714,271560,12214.0,13.0,1,12214.0,
20260714,272210,1077.0,13.0,1,1077.0,
20260714,272290,2960.0,2.0,1,2960.0,
20260714,277810,773.0,1.0,1,773.0,
20260714,278470,14906.0,19.0,1,14906.0,
20260714,279570,317.0,2.0,1,317.0,
20260714,280360,12452.0,10.0,1,12452.0,
20260714,281820,6467.0,1.0,1,6467.0,
20260714,282330,13113.0,15.0,1,13113.0,
20260714,282720,74.0,1.0,1,74.0,
20260714,282880,1334.0,1.0,1,1334.0,
20260714,285130,7693.0,2.0,1,7693.0,
20260714,286940,1619.0,3.0,1,1619.0,
20260714,290550,1800.0,1.0,1,1800.0,
20260714,290650,1250.0,,1,1250.0,
20260714,293480,1232.0,1.0,1,1232.0,
20260714,294570,2140.0,,1,2140.0,
20260714,294870,5347.0,13.0,1,5347.0,
20260714,295310,1216.0,1.0,1,1216.0,
20260714,297090,568.0,1.0,1,568.0,
20260714,298020,45479.0,5.0,1,45479.0,
20260714,298040,84457.0,13.0,1,84457.0,
20260714,298050,13482.0,5.0,1,13482.0,
20260714,299030,1226.0,,1,1226.0,
20260714,300720,952.0,2.0,1,952.0,
20260714,306200,19039.0,5.0,1,19039.0,
20260714,307950,7562.0,16.0,1,7562.0,
20260714,316140,4300.0,20.0,1,4300.0,
20260714,317400,1448.0,1.0,1,1448.0,
20260714,319400,153.0,,1,153.0,
20260714,319660,5285.0,7.0,1,5285.0,
20260714,322000,8134.0,2.0,1,8134.0,
20260714,322310,427.0,1.0,1,427.0,
20260714,323410,1276.0,12.0,1,1276.0,
20260714,326030,4406.0,11.0,1,4406.0,
20260714,327260,1379.0,2.0,1,1379.0,
20260714,329180,29438.0,21.0,1,29438.0,
20260714,330860,1428.0,2.0,1,1428.0,
20260714,336370,1326.0,3.0,1,1326.0,
20260714,336570,545.0,2.0,1,545.0,
20260714,339770,416.0,1.0,1,416.0,
20260714,340450,262.0,,1,262.0,
20260714,340570,6385.0,4.0,1,6385.0,
20260714,347700,916.0,1.0,1,916.0,
20260714,348210,1887.0,3.0,1,1887.0,
20260714,352480,1343.0,,1,1343.0,
20260714,352820,4429.0,20.0,1,4429.0,
20260714,353200,4046.0,14.0,1,4046.0,
20260714,353810,,,0,,
20260714,354320,1200.0,1.0,1,1200.0,
20260714,355150,981.0,,1,981.0,
20260714,356860,3921.0,8.0,1,3921.0,
20260714,357780,19243.0,8.0,1,19243.0,
20260714,361390,229.0,1.0,1,229.0,
20260714,375500,10052.0,17.0,1,10052.0,
20260714,376270,1736.0,1.0,1,1736.0,
20260714,376300,1750.0,14.0,1,1750.0,
20260714,377300,849.0,6.0,1,849.0,
20260714,381970,1068.0,4.0,1,1068.0,
20260714,382800,754.0,,1,754.0,
20260714,383220,12804.0,10.0,1,12804.0,
20260714,383310,1333.0,1.0,1,1333.0,
20260714,383800,1955.0,2.0,1,1955.0,
20260714,388050,540.0,,1,540.0,
20260714,388210,6513.0,3.0,1,6513.0,
20260714,402340,296239.0,7.0,1,296239.0,
20260714,403550,83.0,1.0,1,83.0,
20260714,403870,1440.0,6.0,1,1440.0,
20260714,405100,1008.0,1.0,1,1008.0,
20260714,413630,124.0,,1,124.0,
20260714,415640,,,0,,
20260714,417840,1231.0,1.0,1,1231.0,
20260714,419530,2734.0,2.0,1,2734.0,
20260714,420770,1599.0,3.0,1,1599.0,
20260714,425040,,,0,,
20260714,425420,2620.0,,1,2620.0,
20260714,439260,7903.0,5.0,1,7903.0,
20260714,440110,917.0,1.0,1,917.0,
20260714,441270,610.0,,1,610.0,
20260714,443060,8001.0,10.0,1,8001.0,
20260714,445090,174.0,,1,174.0,
20260714,450950,245.0,2.0,1,245.0,
20260714,451760,457.0,1.0,1,457.0,
20260714,452430,419.0,1.0,1,419.0,
20260714,453340,3489.0,3.0,1,3489.0,
20260714,453450,768.0,,1,768.0,
20260714,454910,108.0,1.0,1,108.0,
20260714,456010,441.0,1.0,1,441.0,
20260714,456040,13140.0,3.0,1,13140.0,
20260714,458870,1542.0,5.0,1,1542.0,
20260714,460860,742.0,4.0,1,742.0,
20260714,462870,2144.0,11.0,1,2144.0,
20260714,473980,1431.0,1.0,1,1431.0,
20260714,474170,87.0,1.0,1,87.0,
20260714,475150,856.0,4.0,1,856.0,
20260714,475430,560.0,,1,560.0,
20260714,475960,37.0,1.0,1,37.0,
20260714,476060,550.0,1.0,1,550.0,
20260714,482630,1028.0,2.0,1,1028.0,
20260714,483650,10224.0,13.0,1,10224.0,
20260714,484590,789.0,,1,789.0,
20260714,488280,148.0,,1,148.0,
20260714,489500,1479.0,,1,1479.0,
20260714,489790,2811.0,3.0,1,2811.0,
20260714,499790,2711.0,6.0,1,2711.0,
20260715,000080,1411.0,6.0,1,1411.0,
20260715,000100,1819.0,12.0,1,1819.0,
20260715,000120,11271.0,12.0,1,11271.0,
20260715,000150,20236.0,13.0,1,20236.0,
20260715,000210,10121.0,2.0,1,10121.0,
20260715,000240,4438.0,1.0,1,4438.0,
20260715,000270,21662.0,23.0,1,21662.0,
20260715,000370,2152.0,7.0,1,2152.0,
20260715,000640,10397.0,1.0,1,10397.0,
20260715,000660,316278.0,24.0,1,316278.0,
20260715,000720,4820.0,20.0,1,4820.0,
20260715,0007C0,,,0,,
20260715,000810,45718.0,17.0,1,45718.0,
20260715,000880,9777.0,10.0,1,9777.0,
20260715,0008Z0,2119.0,1.0,1,2119.0,
20260715,000990,8413.0,3.0,1,8413.0,
20260715,001040,10171.0,9.0,1,10171.0,
20260715,001120,7840.0,6.0,1,7840.0,
20260715,0011A0,870.0,,1,870.0,
20260715,001230,179.0,1.0,1,179.0,
20260715,001250,246.0,1.0,1,246.0,
20260715,001340,229.0,1.0,1,229.0,
20260715,001430,2541.0,9.0,1,2541.0,
20260715,001440,466.0,5.0,1,466.0,
20260715,001450,7857.0,16.0,1,7857.0,
20260715,001530,657.0,1.0,1,657.0,
20260715,001680,2694.0,2.0,1,2694.0,
20260715,001740,395.0,4.0,1,395.0,
20260715,001940,988.0,1.0,1,988.0,
20260715,002020,4976.0,1.0,1,4976.0,
20260715,002320,-2390.0,1.0,0,-2390.0,
20260715,002350,1539.0,13.0,1,1539.0,
20260715,002380,180664.0,4.0,1,180664.0,
20260715,002990,1469.0,2.0,1,1469.0,
20260715,003030,22926.0,2.0,1,22926.0,
20260715,003070,2293.0,1.0,1,2293.0,
20260715,003160,1424.0,2.0,1,1424.0,
20260715,003220,709.0,5.0,1,709.0,
20260715,003230,74266.0,14.0,1,74266.0,
20260715,003490,622.0,10.0,1,622.0,
20260715,003540,4388.0,3.0,1,4388.0,
20260715,003550,7501.0,11.0,1,7501.0,
20260715,003570,2734.0,1.0,1,2734.0,
20260715,003670,275.0,19.0,1,275.0,
20260715,003850,772.0,1.0,1,772.0,
20260715,004000,7089.0,6.0,1,7089.0,
20260715,004020,1110.0,16.0,1,1110.0,
20260715,004170,40904.0,18.0,1,40904.0,
20260715,004370,31787.0,13.0,1,31787.0,
20260715,004690,37548.0,1.0,1,37548.0,
20260715,004800,19832.0,2.0,1,19832.0,
20260715,004990,897.0,4.0,1,897.0,
20260715,005070,221.0,3.0,1,221.0,
20260715,005090,1945.0,3.0,1,1945.0,
20260715,005180,8570.0,,1,8570.0,
20260715,005300,10405.0,10.0,1,10405.0,
20260715,005380,38951.0,25.0,1,38951.0,
20260715,005440,1835.0,4.0,1,1835.0,
20260715,005490,21690.0,18.0,1,21690.0,
20260715,005500,1719.0,1.0,1,1719.0,
20260715,005690,914.0,3.0,1,914.0,
20260715,005810,8601.0,1.0,1,8601.0,
20260715,005830,23285.0,16.0,1,23285.0,
20260715,005850,8294.0,7.0,1,8294.0,
20260715,005880,486.0,4.0,1,486.0,
20260715,005930,46664.0,24.0,1,46664.0,
20260715,005940,4358.0,18.0,1,4358.0,
20260715,006040,7733.0,3.0,1,7733.0,
20260715,006110,159.0,,1,159.0,
20260715,006260,19188.0,11.0,1,19188.0,
20260715,006280,6833.0,12.0,1,6833.0,
20260715,006360,2603.0,17.0,1,2603.0,
20260715,006400,4304.0,23.0,1,4304.0,
20260715,006650,18482.0,6.0,1,18482.0,
20260715,006730,652.0,5.0,1,652.0,
20260715,006800,4548.0,17.0,1,4548.0,
20260715,007070,2434.0,13.0,1,2434.0,
20260715,007340,5355.0,2.0,1,5355.0,
20260715,007660,3600.0,12.0,1,3600.0,
20260715,007690,4568.0,1.0,1,4568.0,
20260715,007810,4392.0,3.0,1,4392.0,
20260715,008730,516.0,,1,516.0,
20260715,008770,2823.0,13.0,1,2823.0,
20260715,009150,17249.0,21.0,1,17249.0,
20260715,009240,1152.0,6.0,1,1152.0,
20260715,009420,3.0,8.0,1,3.0,
20260715,009450,11851.0,2.0,1,11851.0,
20260715,009540,49020.0,14.0,1,49020.0,
20260715,009830,2274.0,12.0,1,2274.0,
20260715,009900,1534.0,1.0,1,1534.0,
20260715,010060,11003.0,8.0,1,11003.0,
20260715,010120,3409.0,14.0,1,3409.0,
20260715,010130,63002.0,4.0,1,63002.0,
20260715,010140,1152.0,20.0,1,1152.0,
20260715,010690,2520.0,1.0,1,2520.0,
20260715,010780,4901.0,5.0,1,4901.0,
20260715,010950,21156.0,17.0,1,21156.0,
20260715,011070,36622.0,21.0,1,36622.0,
20260715,011200,1529.0,12.0,1,1529.0,
20260715,011210,5355.0,11.0,1,5355.0,
20260715,011560,4622.0,1.0,1,4622.0,
20260715,011760,7597.0,4.0,1,7597.0,
20260715,011780,14912.0,12.0,1,14912.0,
20260715,011930,735.0,1.0,1,735.0,
20260715,012210,353.0,,1,353.0,
20260715,012330,45767.0,25.0,1,45767.0,
20260715,012450,42150.0,18.0,1,42150.0,
20260715,012630,3783.0,1.0,1,3783.0,
20260715,0126Z0,10437.0,3.0,1,10437.0,
20260715,012750,4175.0,4.0,1,4175.0,
20260715,013030,4320.0,1.0,1,4320.0,
20260715,013120,286.0,1.0,1,286.0,
20260715,013580,11757.0,1.0,1,11757.0,
20260715,014620,1777.0,3.0,1,1777.0,
20260715,014680,15581.0,9.0,1,15581.0,
20260715,014790,1081.0,3.0,1,1081.0,
20260715,014830,13163.0,6.0,1,13163.0,
20260715,015760,9133.0,15.0,1,9133.0,
20260715,016360,19533.0,18.0,1,19533.0,
20260715,016380,1383.0,3.0,1,1383.0,
20260715,016580,1108.0,1.0,1,1108.0,
20260715,017670,5796.0,17.0,1,5796.0,
20260715,017800,,,0,,
20260715,017810,1284.0,2.0,1,1284.0,
20260715,017940,31166.0,1.0,1,31166.0,
20260715,017960,2256.0,3.0,1,2256.0,
20260715,018250,625.0,,1,625.0,
20260715,018260,9241.0,11.0,1,9241.0,
20260715,018290,1488.0,2.0,1,1488.0,
20260715,018670,54884.0,5.0,1,54884.0,
20260715,018880,236.0,17.0,1,236.0,
20260715,020000,3831.0,6.0,1,3831.0,
20260715,021240,10103.0,3.0,1,10103.0,
20260715,021320,1869.0,1.0,1,1869.0,
20260715,023160,2106.0,3.0,1,2106.0,
20260715,023530,13688.0,14.0,1,13688.0,
20260715,024110,3507.0,15.0,1,3507.0,
20260715,025320,105.0,,1,105.0,
20260715,025540,11854.0,1.0,1,11854.0,
20260715,027410,648.0,1.0,1,648.0,
20260715,028050,3608.0,19.0,1,3608.0,
20260715,028260,16085.0,13.0,1,16085.0,
20260715,028670,755.0,12.0,1,755.0,
20260715,029780,5576.0,4.0,1,5576.0,
20260715,030000,1940.0,10.0,1,1940.0,
20260715,030190,1584.0,1.0,1,1584.0,
20260715,030200,5620.0,18.0,1,5620.0,
20260715,030520,1747.0,3.0,1,1747.0,
20260715,031430,1522.0,6.0,1,1522.0,
20260715,031980,6303.0,5.0,1,6303.0,
20260715,032350,931.0,12.0,1,931.0,
20260715,032500,48.0,1.0,1,48.0,
20260715,032640,1691.0,17.0,1,1691.0,
20260715,032830,14243.0,14.0,1,14243.0,
20260715,033240,3878.0,1.0,1,3878.0,
20260715,033270,2808.0,2.0,1,2808.0,
20260715,033500,2568.0,1.0,1,2568.0,
20260715,033530,,,0,,
20260715,033640,230.0,1.0,1,230.0,
20260715,033780,12038.0,13.0,1,12038.0,
20260715,034020,465.0,15.0,1,465.0,
20260715,034120,301.0,5.0,1,301.0,
20260715,034220,642.0,8.0,1,642.0,
20260715,034230,1016.0,12.0,1,1016.0,
20260715,034730,125347.0,13.0,1,125347.0,
20260715,035150,2311.0,1.0,1,2311.0,
20260715,035250,1370.0,9.0,1,1370.0,
20260715,035420,11980.0,21.0,1,11980.0,
20260715,035600,2141.0,2.0,1,2141.0,
20260715,035720,1556.0,16.0,1,1556.0,
20260715,035760,2294.0,11.0,1,2294.0,
20260715,035900,3798.0,17.0,1,3798.0,
20260715,036010,722.0,,1,722.0,
20260715,036200,,,0,,
20260715,036460,10764.0,8.0,1,10764.0,
20260715,036530,8710.0,1.0,1,8710.0,
20260715,036540,68.0,2.0,1,68.0,
20260715,036570,21587.0,18.0,1,21587.0,
20260715,036620,512.0,3.0,1,512.0,
20260715,036800,5290.0,2.0,1,5290.0,
20260715,036810,,,0,,
20260715,036890,1589.0,,1,1589.0,
20260715,036930,1255.0,2.0,1,1255.0,
20260715,037030,915.0,,1,915.0,
20260715,037560,256.0,3.0,1,256.0,
20260715,039030,10320.0,3.0,1,10320.0,
20260715,039130,3424.0,6.0,1,3424.0,
20260715,039200,,,0,,
20260715,039440,4901.0,1.0,1,4901.0,
20260715,039490,65789.0,17.0,1,65789.0,
20260715,039570,1271.0,1.0,1,1271.0,
20260715,039830,3396.0,,1,3396.0,
20260715,039840,1689.0,2.0,1,1689.0,
20260715,041510,5982.0,17.0,1,5982.0,
20260715,041830,3568.0,2.0,1,3568.0,
20260715,041920,1048.0,1.0,1,1048.0,
20260715,042000,1632.0,1.0,1,1632.0,
20260715,042520,1085.0,1.0,1,1085.0,
20260715,042660,5376.0,21.0,1,5376.0,
20260715,042700,3627.0,1.0,1,3627.0,
20260715,043150,3277.0,4.0,1,3277.0,
20260715,043260,4882.0,2.0,1,4882.0,
20260715,044490,1414.0,1.0,1,1414.0,
20260715,046440,889.0,1.0,1,889.0,
20260715,047040,1129.0,11.0,1,1129.0,
20260715,047050,5051.0,13.0,1,5051.0,
20260715,047810,3428.0,16.0,1,3428.0,
20260715,049070,1664.0,1.0,1,1664.0,
20260715,050890,695.0,3.0,1,695.0,
20260715,051370,1237.0,1.0,1,1237.0,
20260715,051500,4709.0,7.0,1,4709.0,
20260715,051600,3498.0,11.0,1,3498.0,
20260715,051900,11296.0,13.0,1,11296.0,
20260715,052400,7251.0,1.0,1,7251.0,
20260715,052690,1704.0,11.0,1,1704.0,
20260715,052710,536.0,2.0,1,536.0,
20260715,053210,462.0,6.0,1,462.0,
20260715,053610,6365.0,,1,6365.0,
20260715,053690,2099.0,2.0,1,2099.0,
20260715,054450,1061.0,1.0,1,1061.0,
20260715,054950,2798.0,4.0,1,2798.0,
20260715,055550,12005.0,19.0,1,12005.0,
20260715,056090,146.0,,1,146.0,
20260715,056190,2333.0,2.0,1,2333.0,
20260715,058430,467.0,1.0,1,467.0,
20260715,058470,2437.0,5.0,1,2437.0,
20260715,058610,803.0,1.0,1,803.0,
20260715,058650,19337.0,1.0,1,19337.0,
20260715,058970,146.0,1.0,1,146.0,
20260715,059210,613.0,,1,613.0,
20260715,060250,1424.0,4.0,1,1424.0,
20260715,060370,454.0,1.0,1,454.0,
20260715,060720,956.0,2.0,1,956.0,
20260715,060980,6070.0,3.0,1,6070.0,
20260715,061090,5706.0,1.0,1,5706.0,
20260715,062040,6815.0,7.0,1,6815.0,
20260715,063570,419.0,1.0,1,419.0,
20260715,064290,445.0,2.0,1,445.0,
20260715,064350,8743.0,18.0,1,8743.0,
20260715,064400,4960.0,10.0,1,4960.0,
20260715,064760,9770.0,5.0,1,9770.0,
20260715,064850,2209.0,,1,2209.0,
20260715,064960,3818.0,5.0,1,3818.0,
20260715,066570,12296.0,20.0,1,12296.0,
20260715,066980,21.0,,1,21.0,
20260715,067160,8217.0,7.0,1,8217.0,
20260715,067310,2437.0,4.0,1,2437.0,
20260715,068270,6304.0,18.0,1,6304.0,
20260715,068930,1012.0,1.0,1,1012.0,
20260715,069080,1078.0,2.0,1,1078.0,
20260715,069260,1799.0,2.0,1,1799.0,
20260715,069620,15837.0,10.0,1,15837.0,
20260715,069960,12989.0,17.0,1,12989.0,
20260715,070960,104.0,1.0,1,104.0,
20260715,071050,46408.0,16.0,1,46408.0,
20260715,071320,20089.0,2.0,1,20089.0,
20260715,071970,3746.0,6.0,1,3746.0,
20260715,073240,1365.0,10.0,1,1365.0,
20260715,073490,2098.0,1.0,1,2098.0,
20260715,074600,2440.0,2.0,1,2440.0,
20260715,075580,,,0,,
20260715,077360,341.0,2.0,1,341.0,
20260715,077970,2030.0,3.0,1,2030.0,
20260715,078340,1064.0,6.0,1,1064.0,
20260715,078600,1078.0,2.0,1,1078.0,
20260715,078930,17075.0,5.0,1,17075.0,
20260715,079430,412.0,3.0,1,412.0,
20260715,079550,16435.0,18.0,1,16435.0,
20260715,079900,2285.0,2.0,1,2285.0,
20260715,080160,307.0,1.0,1,307.0,
20260715,080220,,,0,,
20260715,080580,1002.0,1.0,1,1002.0,
20260715,081660,5078.0,9.0,1,5078.0,
20260715,082740,2476.0,8.0,1,2476.0,
20260715,082920,1700.0,2.0,1,1700.0,
20260715,083450,,,0,,
20260715,083500,1669.0,3.0,1,1669.0,
20260715,083650,2556.0,3.0,1,2556.0,
20260715,084010,524.0,2.0,1,524.0,
20260715,084370,4060.0,3.0,1,4060.0,
20260715,084850,185.0,,1,185.0,
20260715,085910,819.0,1.0,1,819.0,
20260715,086280,22737.0,17.0,1,22737.0,
20260715,086390,961.0,2.0,1,961.0,
20260715,086450,1974.0,2.0,1,1974.0,
20260715,086790,16284.0,20.0,1,16284.0,
20260715,086900,3553.0,2.0,1,3553.0,
20260715,088350,950.0,12.0,1,950.0,
20260715,088980,710.0,2.0,1,710.0,
20260715,089010,2018.0,2.0,1,2018.0,
20260715,089030,1927.0,,1,1927.0,
20260715,089600,1573.0,3.0,1,1573.0,
20260715,089860,4223.0,9.0,1,4223.0,
20260715,089970,3298.0,4.0,1,3298.0,
20260715,089980,475.0,1.0,1,475.0,
20260715,090430,5161.0,18.0,1,5161.0,
20260715,090460,2835.0,11.0,1,2835.0,
20260715,091580,1399.0,1.0,1,1399.0,
20260715,091700,678.0,2.0,1,678.0,
20260715,092130,1146.0,1.0,1,1146.0,
20260715,092730,1757.0,1.0,1,1757.0,
20260715,092870,1383.0,,1,1383.0,
20260715,093370,206.0,1.0,1,206.0,
20260715,093520,2120.0,1.0,1,2120.0,
20260715,094170,478.0,,1,478.0,
20260715,094360,452.0,2.0,1,452.0,
20260715,094840,1570.0,,1,1570.0,
20260715,095340,4267.0,8.0,1,4267.0,
20260715,095570,501.0,3.0,1,501.0,
20260715,095610,5196.0,7.0,1,5196.0,
20260715,095660,1982.0,12.0,1,1982.0,
20260715,096530,1748.0,2.0,1,1748.0,
20260715,096770,12184.0,12.0,1,12184.0,
20260715,097230,1750.0,1.0,1,1750.0,
20260715,097520,2442.0,3.0,1,2442.0,
20260715,097950,23626.0,13.0,1,23626.0,
20260715,098070,3201.0,,1,3201.0,
20260715,098460,705.0,6.0,1,705.0,
20260715,099190,103.0,2.0,1,103.0,
20260715,099320,1315.0,1.0,1,1315.0,
20260715,099430,448.0,1.0,1,448.0,
20260715,100090,719.0,6.0,1,719.0,
20260715,100120,3562.0,3.0,1,3562.0,
20260715,100840,5295.0,2.0,1,5295.0,
20260715,102710,4140.0,2.0,1,4140.0,
20260715,103140,9142.0,10.0,1,9142.0,
20260715,103590,3274.0,2.0,1,3274.0,
20260715,104700,219.0,1.0,1,219.0,
20260715,104830,4878.0,2.0,1,4878.0,
20260715,105560,18266.0,19.0,1,18266.0,
20260715,105630,1288.0,8.0,1,1288.0,
20260715,105840,797.0,1.0,1,797.0,
20260715,107640,631.0,1.0,1,631.0,
20260715,108320,3935.0,1.0,1,3935.0,
20260715,108380,2728.0,1.0,1,2728.0,
20260715,108490,408.0,6.0,1,408.0,
20260715,108670,6614.0,5.0,1,6614.0,
20260715,111770,13217.0,9.0,1,13217.0,
20260715,112040,1355.0,1.0,1,1355.0,
20260715,112610,4297.0,9.0,1,4297.0,
20260715,114090,992.0,11.0,1,992.0,
20260715,114810,1413.0,1.0,1,1413.0,
20260715,114840,1278.0,2.0,1,1278.0,
20260715,119610,1869.0,1.0,1,1869.0,
20260715,120110,6038.0,6.0,1,6038.0,
20260715,121600,735.0,1.0,1,735.0,
20260715,122450,739.0,,1,739.0,
20260715,122640,998.0,2.0,1,998.0,
20260715,122870,2975.0,18.0,1,2975.0,
20260715,122900,1256.0,1.0,1,1256.0,
20260715,123330,2654.0,,1,2654.0,
20260715,125210,691.0,1.0,1,691.0,
20260715,125490,201.0,2.0,1,201.0,
20260715,126340,281.0,1.0,1,281.0,
20260715,126700,1780.0,,1,1780.0,
20260715,126720,3850.0,1.0,1,3850.0,
20260715,128940,17742.0,16.0,1,17742.0,
20260715,131290,12087.0,3.0,1,12087.0,
20260715,131970,2213.0,7.0,1,2213.0,
20260715,138040,14331.0,5.0,1,14331.0,
20260715,138080,366.0,1.0,1,366.0,
20260715,138930,2693.0,17.0,1,2693.0,
20260715,139130,3098.0,16.0,1,3098.0,
20260715,139480,5271.0,9.0,1,5271.0,
20260715,140860,7481.0,7.0,1,7481.0,
20260715,142210,2496.0,,1,2496.0,
20260715,145020,14444.0,13.0,1,14444.0,
20260715,145720,7151.0,5.0,1,7151.0,
20260715,148150,287.0,1.0,1,287.0,
20260715,149950,585.0,1.0,1,585.0,
20260715,161390,10814.0,16.0,1,10814.0,
20260715,161890,7340.0,19.0,1,7340.0,
20260715,163730,481.0,,1,481.0,
20260715,166090,4050.0,1.0,1,4050.0,
20260715,170920,2262.0,1.0,1,2262.0,
20260715,171090,8417.0,4.0,1,8417.0,
20260715,175330,3922.0,16.0,1,3922.0,
20260715,178320,861.0,2.0,1,861.0,
20260715,178920,1755.0,4.0,1,1755.0,
20260715,181710,3405.0,10.0,1,3405.0,
20260715,183190,1074.0,2.0,1,1074.0,
20260715,183300,3173.0,2.0,1,3173.0,
20260715,185750,4564.0,6.0,1,4564.0,
20260715,187790,248.0,,1,248.0,
20260715,189300,3665.0,5.0,1,3665.0,
20260715,190510,1079.0,,1,1079.0,
20260715,192080,9227.0,14.0,1,9227.0,
20260715,192400,4330.0,1.0,1,4330.0,
20260715,192650,180.0,3.0,1,180.0,
20260715,192820,13182.0,18.0,1,13182.0,
20260715,194370,3753.0,1.0,1,3753.0,
20260715,195870,4392.0,10.0,1,4392.0,
20260715,195940,3339.0,13.0,1,3339.0,
20260715,196170,5144.0,3.0,1,5144.0,
20260715,200670,3939.0,2.0,1,3939.0,
20260715,200710,1549.0,2.0,1,1549.0,
20260715,204270,997.0,1.0,1,997.0,
20260715,204320,4095.0,19.0,1,4095.0,
20260715,204610,259.0,,1,259.0,
20260715,207940,42235.0,19.0,1,42235.0,
20260715,211050,1744.0,1.0,1,1744.0,
20260715,213420,3132.0,7.0,1,3132.0,
20260715,213500,1311.0,2.0,1,1311.0,
20260715,214150,2731.0,15.0,1,2731.0,
20260715,214180,3075.0,2.0,1,3075.0,
20260715,214320,2816.0,9.0,1,2816.0,
20260715,214420,665.0,1.0,1,665.0,
20260715,214430,2600.0,,1,2600.0,
20260715,214450,18588.0,14.0,1,18588.0,
20260715,215000,8366.0,2.0,1,8366.0,
20260715,215200,8992.0,1.0,1,8992.0,
20260715,217590,249.0,,1,249.0,
20260715,218410,1665.0,5.0,1,1665.0,
20260715,219130,3310.0,,1,3310.0,
20260715,222040,890.0,1.0,1,890.0,
20260715,222800,3968.0,8.0,1,3968.0,
20260715,228850,1046.0,2.0,1,1046.0,
20260715,229640,1704.0,7.0,1,1704.0,
20260715,230240,1142.0,2.0,1,1142.0,
20260715,232140,424.0,4.0,1,424.0,
20260715,234080,1730.0,1.0,1,1730.0,
20260715,234340,1532.0,2.0,1,1532.0,
20260715,236200,5746.0,1.0,1,5746.0,
20260715,237690,3391.0,14.0,1,3391.0,
20260715,237880,1144.0,2.0,1,1144.0,
20260715,240810,3544.0,5.0,1,3544.0,
20260715,241560,5405.0,7.0,1,5405.0,
20260715,241590,407.0,4.0,1,407.0,
20260715,241710,6456.0,10.0,1,6456.0,
20260715,243840,304.0,2.0,1,304.0,
20260715,244920,,1.0,0,,
20260715,247540,374.0,19.0,1,374.0,
20260715,248070,1022.0,5.0,1,1022.0,
20260715,251270,4804.0,14.0,1,4804.0,
20260715,251970,3647.0,3.0,1,3647.0,
20260715,252990,531.0,,1,531.0,
20260715,253450,1188.0,10.0,1,1188.0,
20260715,257720,3407.0,7.0,1,3407.0,
20260715,259630,1781.0,,1,1781.0,
20260715,259960,23790.0,18.0,1,23790.0,
20260715,263750,5726.0,9.0,1,5726.0,
20260715,263860,1267.0,,1,1267.0,
20260715,264660,1708.0,,1,1708.0,
20260715,267250,30580.0,5.0,1,30580.0,
20260715,267260,26972.0,13.0,1,26972.0,
20260715,267270,11059.0,6.0,1,11059.0,
20260715,271560,12181.0,13.0,1,12181.0,
20260715,272210,1055.0,13.0,1,1055.0,
20260715,272290,2869.0,1.0,1,2869.0,
20260715,277810,773.0,1.0,1,773.0,
20260715,278470,14969.0,20.0,1,14969.0,
20260715,279570,317.0,2.0,1,317.0,
20260715,280360,12452.0,10.0,1,12452.0,
20260715,281820,6467.0,1.0,1,6467.0,
20260715,282330,13075.0,14.0,1,13075.0,
20260715,282720,74.0,1.0,1,74.0,
20260715,282880,1334.0,1.0,1,1334.0,
20260715,285130,7693.0,2.0,1,7693.0,
20260715,286940,1719.0,2.0,1,1719.0,
20260715,290550,1800.0,1.0,1,1800.0,
20260715,290650,845.0,,1,845.0,
20260715,293480,1232.0,1.0,1,1232.0,
20260715,294570,2140.0,,1,2140.0,
20260715,294870,5347.0,13.0,1,5347.0,
20260715,295310,1250.0,1.0,1,1250.0,
20260715,297090,568.0,1.0,1,568.0,
20260715,298020,45479.0,5.0,1,45479.0,
20260715,298040,83415.0,13.0,1,83415.0,
20260715,298050,13482.0,5.0,1,13482.0,
20260715,299030,1226.0,,1,1226.0,
20260715,300720,952.0,2.0,1,952.0,
20260715,306200,19039.0,5.0,1,19039.0,
20260715,307950,7539.0,16.0,1,7539.0,
20260715,316140,4295.0,20.0,1,4295.0,
20260715,317400,1448.0,1.0,1,1448.0,
20260715,319400,153.0,,1,153.0,
20260715,319660,5285.0,7.0,1,5285.0,
20260715,322000,8134.0,2.0,1,8134.0,
20260715,322310,427.0,1.0,1,427.0,
20260715,323410,1252.0,12.0,1,1252.0,
20260715,326030,4406.0,11.0,1,4406.0,
20260715,327260,1379.0,2.0,1,1379.0,
20260715,329180,29661.0,21.0,1,29661.0,
20260715,330860,1428.0,2.0,1,1428.0,
20260715,336370,1326.0,3.0,1,1326.0,
20260715,336570,525.0,1.0,1,525.0,
20260715,339770,416.0,1.0,1,416.0,
20260715,340450,262.0,,1,262.0,
20260715,340570,6801.0,3.0,1,6801.0,
20260715,347700,916.0,1.0,1,916.0,
20260715,348210,1887.0,3.0,1,1887.0,
20260715,352480,1343.0,,1,1343.0,
20260715,352820,4436.0,20.0,1,4436.0,
20260715,353200,4046.0,14.0,1,4046.0,
20260715,353810,,,0,,
20260715,354320,1200.0,1.0,1,1200.0,
20260715,355150,981.0,,1,981.0,
20260715,356860,3921.0,8.0,1,3921.0,
20260715,357780,19243.0,8.0,1,19243.0,
20260715,361390,229.0,1.0,1,229.0,
20260715,375500,10105.0,16.0,1,10105.0,
20260715,376270,1736.0,1.0,1,1736.0,
20260715,376300,1745.0,13.0,1,1745.0,
20260715,377300,849.0,6.0,1,849.0,
20260715,381970,1035.0,3.0,1,1035.0,
20260715,382800,754.0,,1,754.0,
20260715,383220,12805.0,10.0,1,12805.0,
20260715,383310,1333.0,1.0,1,1333.0,
20260715,383800,1955.0,2.0,1,1955.0,
20260715,388050,540.0,,1,540.0,
20260715,388210,6319.0,3.0,1,6319.0,
20260715,402340,296239.0,7.0,1,296239.0,
20260715,403550,83.0,1.0,1,83.0,
20260715,403870,1440.0,6.0,1,1440.0,
20260715,405100,1008.0,1.0,1,1008.0,
20260715,413630,124.0,,1,124.0,
20260715,415640,,,0,,
20260715,417840,1231.0,1.0,1,1231.0,
20260715,419530,2734.0,2.0,1,2734.0,
20260715,420770,1599.0,3.0,1,1599.0,
20260715,425040,,,0,,
20260715,425420,2620.0,,1,2620.0,
20260715,439260,7903.0,5.0,1,7903.0,
20260715,440110,917.0,1.0,1,917.0,
20260715,441270,610.0,,1,610.0,
20260715,443060,8001.0,10.0,1,8001.0,
20260715,445090,174.0,,1,174.0,
20260715,450950,245.0,2.0,1,245.0,
20260715,451760,457.0,1.0,1,457.0,
20260715,452430,419.0,1.0,1,419.0,
20260715,453340,3489.0,3.0,1,3489.0,
20260715,453450,768.0,,1,768.0,
20260715,454910,108.0,1.0,1,108.0,
20260715,456010,441.0,1.0,1,441.0,
20260715,456040,13140.0,3.0,1,13140.0,
20260715,458870,1542.0,5.0,1,1542.0,
20260715,460860,732.0,3.0,1,732.0,
20260715,462870,2149.0,11.0,1,2149.0,
20260715,473980,,,0,,
20260715,474170,87.0,1.0,1,87.0,
20260715,475150,856.0,4.0,1,856.0,
20260715,475430,560.0,,1,560.0,
20260715,475960,37.0,1.0,1,37.0,
20260715,476060,550.0,1.0,1,550.0,
20260715,482630,1028.0,2.0,1,1028.0,
20260715,483650,10224.0,13.0,1,10224.0,
20260715,484590,789.0,,1,789.0,
20260715,488280,148.0,,1,148.0,
20260715,489500,1479.0,,1,1479.0,
20260715,489790,2811.0,3.0,1,2811.0,
20260715,499790,2723.0,6.0,1,2723.0,
20260716,000080,1411.0,6.0,1,1411.0,
20260716,000100,1794.0,11.0,1,1794.0,
20260716,000120,11271.0,12.0,1,11271.0,
20260716,000150,20236.0,13.0,1,20236.0,
20260716,000210,10121.0,2.0,1,10121.0,
20260716,000240,4438.0,1.0,1,4438.0,
20260716,000270,21670.0,23.0,1,21670.0,
20260716,000370,2152.0,7.0,1,2152.0,
20260716,000640,10397.0,1.0,1,10397.0,
20260716,000660,314787.0,24.0,1,314787.0,
20260716,000720,4820.0,19.0,1,4820.0,
20260716,0007C0,,,0,,
20260716,000810,45718.0,17.0,1,45718.0,
20260716,000880,9572.0,9.0,1,9572.0,
20260716,0008Z0,2119.0,1.0,1,2119.0,
20260716,000990,8413.0,3.0,1,8413.0,
20260716,001040,10171.0,9.0,1,10171.0,
20260716,001120,7840.0,6.0,1,7840.0,
20260716,0011A0,870.0,,1,870.0,
20260716,001230,179.0,1.0,1,179.0,
20260716,001250,246.0,1.0,1,246.0,
20260716,001340,229.0,1.0,1,229.0,
20260716,001430,2541.0,9.0,1,2541.0,
20260716,001440,496.0,6.0,1,496.0,
20260716,001450,7857.0,16.0,1,7857.0,
20260716,001530,657.0,1.0,1,657.0,
20260716,001680,2694.0,2.0,1,2694.0,
20260716,001740,395.0,4.0,1,395.0,
20260716,001940,988.0,1.0,1,988.0,
20260716,002020,4976.0,1.0,1,4976.0,
20260716,002320,-2390.0,1.0,0,-2390.0,
20260716,002350,1517.0,13.0,1,1517.0,
20260716,002380,180664.0,4.0,1,180664.0,
20260716,002990,1469.0,2.0,1,1469.0,
20260716,003030,22926.0,2.0,1,22926.0,
20260716,003070,2293.0,1.0,1,2293.0,
20260716,003160,1424.0,2.0,1,1424.0,
20260716,003220,808.0,4.0,1,808.0,
20260716,003230,74266.0,14.0,1,74266.0,
20260716,003490,930.0,11.0,1,930.0,
20260716,003540,4388.0,3.0,1,4388.0,
20260716,003550,7501.0,11.0,1,7501.0,
20260716,003570,2734.0,1.0,1,2734.0,
20260716,003670,275.0,19.0,1,275.0,
20260716,003850,772.0,1.0,1,772.0,
20260716,004000,7089.0,6.0,1,7089.0,
20260716,004020,1110.0,16.0,1,1110.0,
20260716,004170,40879.0,18.0,1,40879.0,
20260716,004370,31787.0,13.0,1,31787.0,
20260716,004690,37548.0,1.0,1,37548.0,
20260716,004800,19832.0,2.0,1,19832.0,
20260716,004990,897.0,4.0,1,897.0,
20260716,005070,221.0,3.0,1,221.0,
20260716,005090,1945.0,3.0,1,1945.0,
20260716,005180,8570.0,,1,8570.0,
20260716,005300,10405.0,10.0,1,10405.0,
20260716,005380,38806.0,25.0,1,38806.0,
20260716,005440,1835.0,4.0,1,1835.0,
20260716,005490,21690.0,18.0,1,21690.0,
20260716,005500,1719.0,1.0,1,1719.0,
20260716,005690,914.0,3.0,1,914.0,
20260716,005810,8601.0,1.0,1,8601.0,
20260716,005830,23285.0,16.0,1,23285.0,
20260716,005850,8294.0,7.0,1,8294.0,
20260716,005880,486.0,4.0,1,486.0,
20260716,005930,46664.0,24.0,1,46664.0,
20260716,005940,4358.0,18.0,1,4358.0,
20260716,006040,7733.0,3.0,1,7733.0,
20260716,006110,159.0,,1,159.0,
20260716,006260,19188.0,11.0,1,19188.0,
20260716,006280,6833.0,12.0,1,6833.0,
20260716,006360,2527.0,17.0,1,2527.0,
20260716,006400,4304.0,23.0,1,4304.0,
20260716,006650,18482.0,6.0,1,18482.0,
20260716,006730,652.0,5.0,1,652.0,
20260716,006800,4598.0,17.0,1,4598.0,
20260716,007070,2447.0,13.0,1,2447.0,
20260716,007340,5483.0,2.0,1,5483.0,
20260716,007660,3600.0,12.0,1,3600.0,
20260716,007690,4568.0,1.0,1,4568.0,
20260716,007810,4392.0,3.0,1,4392.0,
20260716,008730,516.0,,1,516.0,
20260716,008770,2823.0,13.0,1,2823.0,
20260716,009150,17249.0,21.0,1,17249.0,
20260716,009240,1152.0,6.0,1,1152.0,
20260716,009420,3.0,8.0,1,3.0,
20260716,009450,11851.0,2.0,1,11851.0,
20260716,009540,50230.0,15.0,1,50230.0,
20260716,009830,2274.0,12.0,1,2274.0,
20260716,009900,1534.0,1.0,1,1534.0,
20260716,010060,11003.0,8.0,1,11003.0,
20260716,010120,3439.0,15.0,1,3439.0,
20260716,010130,63002.0,4.0,1,63002.0,
20260716,010140,1151.0,20.0,1,1151.0,
20260716,010690,2520.0,1.0,1,2520.0,
20260716,010780,4901.0,5.0,1,4901.0,
20260716,010950,20993.0,17.0,1,20993.0,
20260716,011070,36622.0,21.0,1,36622.0,
20260716,011200,1529.0,12.0,1,1529.0,
20260716,011210,5252.0,12.0,1,5252.0,
20260716,011560,4622.0,1.0,1,4622.0,
20260716,011760,7597.0,4.0,1,7597.0,
20260716,011780,14912.0,12.0,1,14912.0,
20260716,011930,735.0,1.0,1,735.0,
20260716,012210,353.0,,1,353.0,
20260716,012330,45697.0,25.0,1,45697.0,
20260716,012450,42340.0,18.0,1,42340.0,
20260716,012630,3783.0,1.0,1,3783.0,
20260716,0126Z0,10437.0,3.0,1,10437.0,
20260716,012750,4175.0,4.0,1,4175.0,
20260716,013030,4320.0,1.0,1,4320.0,
20260716,013120,286.0,1.0,1,286.0,
20260716,013580,11757.0,1.0,1,11757.0,
20260716,014620,1777.0,3.0,1,1777.0,
20260716,014680,15544.0,9.0,1,15544.0,
20260716,014790,1081.0,3.0,1,1081.0,
20260716,014830,13163.0,6.0,1,13163.0,
20260716,015760,9060.0,15.0,1,9060.0,
20260716,016360,19581.0,18.0,1,19581.0,
20260716,016380,1383.0,3.0,1,1383.0,
20260716,016580,1108.0,1.0,1,1108.0,
20260716,017670,5818.0,18.0,1,5818.0,
20260716,017800,,,0,,
20260716,017810,1284.0,2.0,1,1284.0,
20260716,017940,31166.0,1.0,1,31166.0,
20260716,017960,2256.0,3.0,1,2256.0,
20260716,018250,625.0,,1,625.0,
20260716,018260,9241.0,11.0,1,9241.0,
20260716,018290,1488.0,2.0,1,1488.0,
20260716,018670,54884.0,5.0,1,54884.0,
20260716,018880,237.0,17.0,1,237.0,
20260716,020000,3831.0,6.0,1,3831.0,
20260716,021240,10116.0,3.0,1,10116.0,
20260716,021320,1869.0,1.0,1,1869.0,
20260716,023160,2103.0,2.0,1,2103.0,
20260716,023530,13687.0,14.0,1,13687.0,
20260716,024110,3507.0,15.0,1,3507.0,
20260716,025320,105.0,,1,105.0,
20260716,025540,11854.0,1.0,1,11854.0,
20260716,027410,648.0,1.0,1,648.0,
20260716,028050,3609.0,19.0,1,3609.0,
20260716,028260,16085.0,13.0,1,16085.0,
20260716,028670,757.0,12.0,1,757.0,
20260716,029780,5576.0,4.0,1,5576.0,
20260716,030000,1940.0,10.0,1,1940.0,
20260716,030190,1584.0,1.0,1,1584.0,
20260716,030200,5620.0,18.0,1,5620.0,
20260716,030520,1747.0,3.0,1,1747.0,
20260716,031430,1522.0,6.0,1,1522.0,
20260716,031980,6303.0,5.0,1,6303.0,
20260716,032350,931.0,12.0,1,931.0,
20260716,032500,48.0,1.0,1,48.0,
20260716,032640,1690.0,17.0,1,1690.0,
20260716,032830,14243.0,14.0,1,14243.0,
20260716,033240,3878.0,1.0,1,3878.0,
20260716,033270,2808.0,2.0,1,2808.0,
20260716,033500,2568.0,1.0,1,2568.0,
20260716,033530,,,0,,
20260716,033640,230.0,1.0,1,230.0,
20260716,033780,12093.0,14.0,1,12093.0,
20260716,034020,465.0,15.0,1,465.0,
20260716,034120,301.0,5.0,1,301.0,
20260716,034220,642.0,8.0,1,642.0,
20260716,034230,1016.0,12.0,1,1016.0,
20260716,034730,125347.0,13.0,1,125347.0,
20260716,035150,2311.0,1.0,1,2311.0,
20260716,035250,1370.0,9.0,1,1370.0,
20260716,035420,11980.0,21.0,1,11980.0,
20260716,035600,2141.0,2.0,1,2141.0,
20260716,035720,1556.0,16.0,1,1556.0,
20260716,035760,2294.0,11.0,1,2294.0,
20260716,035900,3800.0,17.0,1,3800.0,
20260716,036010,722.0,,1,722.0,
20260716,036200,,,0,,
20260716,036460,10764.0,8.0,1,10764.0,
20260716,036530,8710.0,1.0,1,8710.0,
20260716,036540,38.0,2.0,1,38.0,
20260716,036570,21587.0,18.0,1,21587.0,
20260716,036620,512.0,3.0,1,512.0,
20260716,036800,5290.0,2.0,1,5290.0,
20260716,036810,,,0,,
20260716,036890,1589.0,,1,1589.0,
20260716,036930,1255.0,2.0,1,1255.0,
20260716,037030,915.0,,1,915.0,
20260716,037560,256.0,3.0,1,256.0,
20260716,039030,10320.0,3.0,1,10320.0,
20260716,039130,3424.0,6.0,1,3424.0,
20260716,039200,,,0,,
20260716,039440,4901.0,1.0,1,4901.0,
20260716,039490,65925.0,17.0,1,65925.0,
20260716,039570,1271.0,1.0,1,1271.0,
20260716,039830,3396.0,,1,3396.0,
20260716,039840,1689.0,2.0,1,1689.0,
20260716,041510,5920.0,17.0,1,5920.0,
20260716,041830,3568.0,2.0,1,3568.0,
20260716,041920,1048.0,1.0,1,1048.0,
20260716,042000,1632.0,1.0,1,1632.0,
20260716,042520,1085.0,1.0,1,1085.0,
20260716,042660,5400.0,21.0,1,5400.0,
20260716,042700,3627.0,1.0,1,3627.0,
20260716,043150,3277.0,4.0,1,3277.0,
20260716,043260,4882.0,2.0,1,4882.0,
20260716,044490,1473.0,1.0,1,1473.0,
20260716,046440,889.0,1.0,1,889.0,
20260716,047040,1172.0,10.0,1,1172.0,
20260716,047050,5025.0,14.0,1,5025.0,
20260716,047810,3400.0,16.0,1,3400.0,
20260716,049070,1664.0,1.0,1,1664.0,
20260716,050890,695.0,3.0,1,695.0,
20260716,051370,1237.0,1.0,1,1237.0,
20260716,051500,4709.0,7.0,1,4709.0,
20260716,051600,3498.0,11.0,1,3498.0,
20260716,051900,11296.0,13.0,1,11296.0,
20260716,052400,7251.0,1.0,1,7251.0,
20260716,052690,1704.0,11.0,1,1704.0,
20260716,052710,536.0,2.0,1,536.0,
20260716,053210,462.0,6.0,1,462.0,
20260716,053610,6365.0,,1,6365.0,
20260716,053690,2099.0,2.0,1,2099.0,
20260716,054450,1061.0,1.0,1,1061.0,
20260716,054950,2798.0,4.0,1,2798.0,
20260716,055550,12005.0,19.0,1,12005.0,
20260716,056090,146.0,,1,146.0,
20260716,056190,2333.0,2.0,1,2333.0,
20260716,058430,467.0,1.0,1,467.0,
20260716,058470,2437.0,5.0,1,2437.0,
20260716,058610,803.0,1.0,1,803.0,
20260716,058650,19337.0,1.0,1,19337.0,
20260716,058970,146.0,1.0,1,146.0,
20260716,059210,613.0,,1,613.0,
20260716,060250,1424.0,4.0,1,1424.0,
20260716,060370,454.0,1.0,1,454.0,
20260716,060720,956.0,2.0,1,956.0,
20260716,060980,6070.0,3.0,1,6070.0,
20260716,061090,5706.0,1.0,1,5706.0,
20260716,062040,6778.0,8.0,1,6778.0,
20260716,063570,419.0,1.0,1,419.0,
20260716,064290,445.0,2.0,1,445.0,
20260716,064350,8665.0,19.0,1,8665.0,
20260716,064400,4955.0,10.0,1,4955.0,
20260716,064760,9770.0,5.0,1,9770.0,
20260716,064850,2209.0,,1,2209.0,
20260716,064960,3843.0,5.0,1,3843.0,
20260716,066570,12296.0,20.0,1,12296.0,
20260716,066980,21.0,,1,21.0,
20260716,067160,8217.0,7.0,1,8217.0,
20260716,067310,2437.0,4.0,1,2437.0,
20260716,068270,6304.0,18.0,1,6304.0,
20260716,068930,1012.0,1.0,1,1012.0,
20260716,069080,1078.0,2.0,1,1078.0,
20260716,069260,1799.0,2.0,1,1799.0,
20260716,069620,15837.0,10.0,1,15837.0,
20260716,069960,12982.0,17.0,1,12982.0,
20260716,070960,104.0,1.0,1,104.0,
20260716,071050,46408.0,16.0,1,46408.0,
20260716,071320,20089.0,2.0,1,20089.0,
20260716,071970,3725.0,6.0,1,3725.0,
20260716,073240,1362.0,10.0,1,1362.0,
20260716,073490,2538.0,1.0,1,2538.0,
20260716,074600,2440.0,2.0,1,2440.0,
20260716,075580,,,0,,
20260716,077360,341.0,2.0,1,341.0,
20260716,077970,2030.0,3.0,1,2030.0,
20260716,078340,1189.0,6.0,1,1189.0,
20260716,078600,1078.0,2.0,1,1078.0,
20260716,078930,17075.0,5.0,1,17075.0,
20260716,079430,412.0,3.0,1,412.0,
20260716,079550,16588.0,18.0,1,16588.0,
20260716,079900,2285.0,2.0,1,2285.0,
20260716,080160,307.0,1.0,1,307.0,
20260716,080220,,,0,,
20260716,080580,1002.0,1.0,1,1002.0,
20260716,081660,5067.0,9.0,1,5067.0,
20260716,082740,2476.0,8.0,1,2476.0,
20260716,082920,1700.0,2.0,1,1700.0,
20260716,083450,,,0,,
20260716,083500,1669.0,3.0,1,1669.0,
20260716,083650,2556.0,3.0,1,2556.0,
20260716,084010,524.0,2.0,1,524.0,
20260716,084370,4060.0,3.0,1,4060.0,
20260716,084850,185.0,,1,185.0,
20260716,085910,819.0,1.0,1,819.0,
20260716,086280,22713.0,17.0,1,22713.0,
20260716,086390,961.0,2.0,1,961.0,
20260716,086450,1974.0,2.0,1,1974.0,
20260716,086790,16284.0,20.0,1,16284.0,
20260716,086900,3553.0,2.0,1,3553.0,
20260716,088350,950.0,12.0,1,950.0,
20260716,088980,710.0,2.0,1,710.0,
20260716,089010,2018.0,2.0,1,2018.0,
20260716,089030,1927.0,,1,1927.0,
20260716,089600,1573.0,3.0,1,1573.0,
20260716,089860,4223.0,9.0,1,4223.0,
20260716,089970,3298.0,4.0,1,3298.0,
20260716,089980,475.0,1.0,1,475.0,
20260716,090430,5161.0,18.0,1,5161.0,
20260716,090460,2835.0,11.0,1,2835.0,
20260716,091580,1399.0,1.0,1,1399.0,
20260716,091700,678.0,2.0,1,678.0,
20260716,092130,1146.0,1.0,1,1146.0,
20260716,092730,1757.0,1.0,1,1757.0,
20260716,092870,1383.0,,1,1383.0,
20260716,093370,206.0,1.0,1,206.0,
20260716,093520,2120.0,1.0,1,2120.0,
20260716,094170,478.0,,1,478.0,
20260716,094360,452.0,2.0,1,452.0,
20260716,094840,1570.0,,1,1570.0,
20260716,095340,4267.0,8.0,1,4267.0,
20260716,095570,501.0,3.0,1,501.0,
20260716,095610,5196.0,7.0,1,5196.0,
20260716,095660,1982.0,12.0,1,1982.0,
20260716,096530,1748.0,2.0,1,1748.0,
20260716,096770,12184.0,12.0,1,12184.0,
20260716,097230,1750.0,1.0,1,1750.0,
20260716,097520,2442.0,3.0,1,2442.0,
20260716,097950,23641.0,12.0,1,23641.0,
20260716,098070,3201.0,,1,3201.0,
20260716,098460,705.0,6.0,1,705.0,
20260716,099190,103.0,2.0,1,103.0,
20260716,099320,1315.0,1.0,1,1315.0,
20260716,099430,448.0,1.0,1,448.0,
20260716,100090,719.0,6.0,1,719.0,
20260716,100120,3562.0,3.0,1,3562.0,
20260716,100840,5295.0,2.0,1,5295.0,
20260716,102710,4140.0,2.0,1,4140.0,
20260716,103140,9142.0,10.0,1,9142.0,
20260716,103590,3352.0,3.0,1,3352.0,
20260716,104700,219.0,1.0,1,219.0,
20260716,104830,4878.0,2.0,1,4878.0,
20260716,105560,18266.0,19.0,1,18266.0,
20260716,105630,1288.0,9.0,1,1288.0,
20260716,105840,797.0,1.0,1,797.0,
20260716,107640,631.0,1.0,1,631.0,
20260716,108320,3935.0,1.0,1,3935.0,
20260716,108380,2728.0,1.0,1,2728.0,
20260716,108490,408.0,6.0,1,408.0,
20260716,108670,6614.0,5.0,1,6614.0,
20260716,111770,13201.0,9.0,1,13201.0,
20260716,112040,1355.0,1.0,1,1355.0,
20260716,112610,4297.0,9.0,1,4297.0,
20260716,114090,992.0,11.0,1,992.0,
20260716,114810,1413.0,1.0,1,1413.0,
20260716,114840,1278.0,2.0,1,1278.0,
20260716,119610,1869.0,1.0,1,1869.0,
20260716,120110,6038.0,6.0,1,6038.0,
20260716,121600,735.0,1.0,1,735.0,
20260716,122450,739.0,,1,739.0,
20260716,122640,998.0,2.0,1,998.0,
20260716,122870,2920.0,17.0,1,2920.0,
20260716,122900,1256.0,1.0,1,1256.0,
20260716,123330,2654.0,,1,2654.0,
20260716,125210,691.0,1.0,1,691.0,
20260716,125490,201.0,2.0,1,201.0,
20260716,126340,281.0,1.0,1,281.0,
20260716,126700,1780.0,,1,1780.0,
20260716,126720,3850.0,1.0,1,3850.0,
20260716,128940,17742.0,16.0,1,17742.0,
20260716,131290,12087.0,3.0,1,12087.0,
20260716,131970,2213.0,7.0,1,2213.0,
20260716,138040,14331.0,5.0,1,14331.0,
20260716,138080,366.0,1.0,1,366.0,
20260716,138930,2693.0,17.0,1,2693.0,
20260716,139130,3098.0,16.0,1,3098.0,
20260716,139480,5218.0,9.0,1,5218.0,
20260716,140860,7481.0,7.0,1,7481.0,
20260716,142210,2496.0,,1,2496.0,
20260716,145020,14328.0,13.0,1,14328.0,
20260716,145720,7151.0,5.0,1,7151.0,
20260716,148150,287.0,1.0,1,287.0,
20260716,149950,585.0,1.0,1,585.0,
20260716,161390,10775.0,16.0,1,10775.0,
20260716,161890,7340.0,19.0,1,7340.0,
20260716,163730,481.0,,1,481.0,
20260716,166090,4050.0,1.0,1,4050.0,
20260716,170920,2262.0,1.0,1,2262.0,
20260716,171090,8417.0,4.0,1,8417.0,
20260716,175330,3922.0,16.0,1,3922.0,
20260716,178320,861.0,2.0,1,861.0,
20260716,178920,1755.0,4.0,1,1755.0,
20260716,181710,3488.0,9.0,1,3488.0,
20260716,183190,1074.0,2.0,1,1074.0,
20260716,183300,3173.0,2.0,1,3173.0,
20260716,185750,4564.0,6.0,1,4564.0,
20260716,187790,248.0,,1,248.0,
20260716,189300,3665.0,5.0,1,3665.0,
20260716,190510,1079.0,,1,1079.0,
20260716,192080,9200.0,14.0,1,9200.0,
20260716,192400,4330.0,1.0,1,4330.0,
20260716,192650,180.0,3.0,1,180.0,
20260716,192820,13182.0,18.0,1,13182.0,
20260716,194370,3753.0,1.0,1,3753.0,
20260716,195870,4392.0,10.0,1,4392.0,
20260716,195940,3372.0,11.0,1,3372.0,
20260716,196170,5144.0,3.0,1,5144.0,
20260716,200670,3939.0,2.0,1,3939.0,
20260716,200710,1549.0,2.0,1,1549.0,
20260716,204270,997.0,1.0,1,997.0,
20260716,204320,4135.0,19.0,1,4135.0,
20260716,204610,259.0,,1,259.0,
20260716,207940,42235.0,19.0,1,42235.0,
20260716,211050,,,0,,
20260716,213420,3132.0,7.0,1,3132.0,
20260716,213500,1311.0,2.0,1,1311.0,
20260716,214150,2731.0,15.0,1,2731.0,
20260716,214180,3075.0,2.0,1,3075.0,
20260716,214320,2813.0,9.0,1,2813.0,
20260716,214420,665.0,1.0,1,665.0,
20260716,214430,2600.0,,1,2600.0,
20260716,214450,18588.0,14.0,1,18588.0,
20260716,215000,8366.0,2.0,1,8366.0,
20260716,215200,8992.0,1.0,1,8992.0,
20260716,217590,249.0,,1,249.0,
20260716,218410,1665.0,5.0,1,1665.0,
20260716,219130,3310.0,,1,3310.0,
20260716,222040,890.0,1.0,1,890.0,
20260716,222800,3968.0,8.0,1,3968.0,
20260716,228850,1046.0,2.0,1,1046.0,
20260716,229640,1704.0,8.0,1,1704.0,
20260716,230240,1142.0,2.0,1,1142.0,
20260716,232140,424.0,4.0,1,424.0,
20260716,234080,1730.0,1.0,1,1730.0,
20260716,234340,1532.0,2.0,1,1532.0,
20260716,236200,5746.0,1.0,1,5746.0,
20260716,237690,3391.0,14.0,1,3391.0,
20260716,237880,1144.0,2.0,1,1144.0,
20260716,240810,3544.0,5.0,1,3544.0,
20260716,241560,5405.0,7.0,1,5405.0,
20260716,241590,407.0,4.0,1,407.0,
20260716,241710,6456.0,10.0,1,6456.0,
20260716,243840,304.0,2.0,1,304.0,
20260716,244920,,,0,,
20260716,247540,387.0,19.0,1,387.0,
20260716,248070,1022.0,5.0,1,1022.0,
20260716,251270,4804.0,14.0,1,4804.0,
20260716,251970,3647.0,3.0,1,3647.0,
20260716,252990,531.0,,1,531.0,
20260716,253450,1188.0,10.0,1,1188.0,
20260716,257720,3407.0,7.0,1,3407.0,
20260716,259630,1781.0,,1,1781.0,
20260716,259960,23790.0,18.0,1,23790.0,
20260716,263750,5726.0,9.0,1,5726.0,
20260716,263860,1267.0,,1,1267.0,
20260716,264660,1708.0,,1,1708.0,
20260716,267250,30580.0,5.0,1,30580.0,
20260716,267260,26974.0,14.0,1,26974.0,
20260716,267270,11059.0,6.0,1,11059.0,
20260716,271560,12181.0,13.0,1,12181.0,
20260716,272210,1055.0,13.0,1,1055.0,
20260716,272290,2869.0,1.0,1,2869.0,
20260716,277810,773.0,1.0,1,773.0,
20260716,278470,15081.0,19.0,1,15081.0,
20260716,279570,317.0,2.0,1,317.0,
20260716,280360,12452.0,10.0,1,12452.0,
20260716,281820,6467.0,1.0,1,6467.0,
20260716,282330,13077.0,14.0,1,13077.0,
20260716,282720,74.0,1.0,1,74.0,
20260716,282880,1334.0,1.0,1,1334.0,
20260716,285130,7693.0,2.0,1,7693.0,
20260716,286940,1719.0,2.0,1,1719.0,
20260716,290550,1800.0,1.0,1,1800.0,
20260716,290650,881.0,,1,881.0,
20260716,293480,1232.0,1.0,1,1232.0,
20260716,294570,2140.0,,1,2140.0,
20260716,294870,5347.0,13.0,1,5347.0,
20260716,295310,1208.0,1.0,1,1208.0,
20260716,297090,568.0,1.0,1,568.0,
20260716,298020,45479.0,5.0,1,45479.0,
20260716,298040,82672.0,14.0,1,82672.0,
20260716,298050,13482.0,5.0,1,13482.0,
20260716,299030,1226.0,,1,1226.0,
20260716,300720,952.0,2.0,1,952.0,
20260716,306200,19060.0,5.0,1,19060.0,
20260716,307950,7497.0,16.0,1,7497.0,
20260716,316140,4295.0,20.0,1,4295.0,
20260716,317400,1448.0,1.0,1,1448.0,
20260716,319400,153.0,,1,153.0,
20260716,319660,5285.0,7.0,1,5285.0,
20260716,322000,8134.0,2.0,1,8134.0,
20260716,322310,427.0,1.0,1,427.0,
20260716,323410,1252.0,12.0,1,1252.0,
20260716,326030,4406.0,11.0,1,4406.0,
20260716,327260,1379.0,2.0,1,1379.0,
20260716,329180,29685.0,21.0,1,29685.0,
20260716,330860,1428.0,2.0,1,1428.0,
20260716,336370,1326.0,3.0,1,1326.0,
20260716,336570,525.0,1.0,1,525.0,
20260716,339770,416.0,1.0,1,416.0,
20260716,340450,262.0,,1,262.0,
20260716,340570,6801.0,3.0,1,6801.0,
20260716,347700,916.0,1.0,1,916.0,
20260716,348210,1887.0,3.0,1,1887.0,
20260716,352480,1343.0,,1,1343.0,
20260716,352820,4436.0,20.0,1,4436.0,
20260716,353200,4077.0,14.0,1,4077.0,
20260716,353810,,,0,,
20260716,354320,1200.0,1.0,1,1200.0,
20260716,355150,981.0,,1,981.0,
20260716,356860,1969.0,8.0,1,1969.0,
20260716,357780,19243.0,8.0,1,19243.0,
20260716,361390,229.0,1.0,1,229.0,
20260716,375500,10262.0,17.0,1,10262.0,
20260716,376270,1736.0,1.0,1,1736.0,
20260716,376300,1732.0,13.0,1,1732.0,
20260716,377300,849.0,6.0,1,849.0,
20260716,381970,1035.0,3.0,1,1035.0,
20260716,382800,754.0,,1,754.0,
20260716,383220,12805.0,10.0,1,12805.0,
20260716,383310,1333.0,1.0,1,1333.0,
20260716,383800,1955.0,2.0,1,1955.0,
20260716,388050,540.0,,1,540.0,
20260716,388210,6319.0,3.0,1,6319.0,
20260716,402340,296239.0,7.0,1,296239.0,
20260716,403550,83.0,1.0,1,83.0,
20260716,403870,1440.0,6.0,1,1440.0,
20260716,405100,1008.0,1.0,1,1008.0,
20260716,413630,124.0,,1,124.0,
20260716,415640,,,0,,
20260716,417840,1231.0,1.0,1,1231.0,
20260716,419530,2734.0,2.0,1,2734.0,
20260716,420770,1599.0,3.0,1,1599.0,
20260716,425040,,,0,,
20260716,425420,2620.0,,1,2620.0,
20260716,439260,7903.0,5.0,1,7903.0,
20260716,440110,917.0,1.0,1,917.0,
20260716,441270,610.0,,1,610.0,
20260716,443060,8001.0,10.0,1,8001.0,
20260716,445090,174.0,,1,174.0,
20260716,450950,245.0,2.0,1,245.0,
20260716,451760,457.0,1.0,1,457.0,
20260716,452430,419.0,1.0,1,419.0,
20260716,453340,3489.0,3.0,1,3489.0,
20260716,453450,768.0,,1,768.0,
20260716,454910,108.0,1.0,1,108.0,
20260716,456010,7.0,1.0,1,7.0,
20260716,456040,13140.0,3.0,1,13140.0,
20260716,458870,1542.0,5.0,1,1542.0,
20260716,460860,794.0,3.0,1,794.0,
20260716,462870,2156.0,10.0,1,2156.0,
20260716,473980,,,0,,
20260716,474170,87.0,1.0,1,87.0,
20260716,475150,856.0,4.0,1,856.0,
20260716,475430,560.0,,1,560.0,
20260716,475960,37.0,1.0,1,37.0,
20260716,476060,550.0,1.0,1,550.0,
20260716,482630,1028.0,2.0,1,1028.0,
20260716,483650,10224.0,13.0,1,10224.0,
20260716,484590,789.0,,1,789.0,
20260716,488280,148.0,,1,148.0,
20260716,489500,1479.0,,1,1479.0,
20260716,489790,2811.0,3.0,1,2811.0,
20260716,499790,2723.0,6.0,1,2723.0,
20260720,000080,1411.0,6.0,1,1411.0,
20260720,000100,1794.0,11.0,1,1794.0,
20260720,000120,11030.0,12.0,1,11030.0,
20260720,000150,20160.0,13.0,1,20160.0,
20260720,000210,10121.0,2.0,1,10121.0,
20260720,000240,4438.0,1.0,1,4438.0,
20260720,000270,21682.0,23.0,1,21682.0,
20260720,000370,2152.0,7.0,1,2152.0,
20260720,000640,10397.0,1.0,1,10397.0,
20260720,000660,314787.0,24.0,1,314787.0,
20260720,000720,4736.0,19.0,1,4736.0,
20260720,0007C0,,,0,,
20260720,000810,46148.0,17.0,1,46148.0,
20260720,000880,9572.0,9.0,1,9572.0,
20260720,0008Z0,2119.0,1.0,1,2119.0,
20260720,000990,8413.0,3.0,1,8413.0,
20260720,001040,10171.0,9.0,1,10171.0,
20260720,001120,7840.0,6.0,1,7840.0,
20260720,0011A0,870.0,,1,870.0,
20260720,001230,179.0,1.0,1,179.0,
20260720,001250,246.0,1.0,1,246.0,
20260720,001340,229.0,1.0,1,229.0,
20260720,001430,2592.0,9.0,1,2592.0,
20260720,001440,496.0,6.0,1,496.0,
20260720,001450,7857.0,16.0,1,7857.0,
20260720,001530,657.0,1.0,1,657.0,
20260720,001680,2694.0,2.0,1,2694.0,
20260720,001740,395.0,4.0,1,395.0,
20260720,001940,988.0,1.0,1,988.0,
20260720,002020,4976.0,1.0,1,4976.0,
20260720,002320,-2390.0,1.0,0,-2390.0,
20260720,002350,1517.0,13.0,1,1517.0,
20260720,002380,180664.0,4.0,1,180664.0,
20260720,002990,1469.0,2.0,1,1469.0,
20260720,003030,22926.0,2.0,1,22926.0,
20260720,003070,2293.0,1.0,1,2293.0,
20260720,003160,1424.0,2.0,1,1424.0,
20260720,003220,808.0,4.0,1,808.0,
20260720,003230,74532.0,14.0,1,74532.0,
20260720,003490,930.0,11.0,1,930.0,
20260720,003540,4388.0,3.0,1,4388.0,
20260720,003550,7501.0,11.0,1,7501.0,
20260720,003570,2734.0,1.0,1,2734.0,
20260720,003670,275.0,19.0,1,275.0,
20260720,003850,772.0,1.0,1,772.0,
20260720,004000,7089.0,6.0,1,7089.0,
20260720,004020,1110.0,16.0,1,1110.0,
20260720,004170,40879.0,18.0,1,40879.0,
20260720,004370,31900.0,13.0,1,31900.0,
20260720,004690,37548.0,1.0,1,37548.0,
20260720,004800,19832.0,2.0,1,19832.0,
20260720,004990,897.0,4.0,1,897.0,
20260720,005070,119.0,2.0,1,119.0,
20260720,005090,1716.0,3.0,1,1716.0,
20260720,005180,8570.0,,1,8570.0,
20260720,005300,10513.0,10.0,1,10513.0,
20260720,005380,38717.0,25.0,1,38717.0,
20260720,005440,1850.0,4.0,1,1850.0,
20260720,005490,22008.0,18.0,1,22008.0,
20260720,005500,1719.0,1.0,1,1719.0,
20260720,005690,914.0,3.0,1,914.0,
20260720,005810,8601.0,1.0,1,8601.0,
20260720,005830,23285.0,16.0,1,23285.0,
20260720,005850,8294.0,7.0,1,8294.0,
20260720,005880,501.0,5.0,1,501.0,
20260720,005930,46664.0,24.0,1,46664.0,
20260720,005940,4358.0,18.0,1,4358.0,
20260720,006040,7733.0,3.0,1,7733.0,
20260720,006110,159.0,,1,159.0,
20260720,006260,19188.0,11.0,1,19188.0,
20260720,006280,6833.0,12.0,1,6833.0,
20260720,006360,2527.0,17.0,1,2527.0,
20260720,006400,4304.0,23.0,1,4304.0,
20260720,006650,18482.0,6.0,1,18482.0,
20260720,006730,652.0,5.0,1,652.0,
20260720,006800,4598.0,17.0,1,4598.0,
20260720,007070,2447.0,13.0,1,2447.0,
20260720,007340,5483.0,2.0,1,5483.0,
20260720,007660,3600.0,12.0,1,3600.0,
20260720,007690,4568.0,1.0,1,4568.0,
20260720,007810,4392.0,3.0,1,4392.0,
20260720,008730,516.0,,1,516.0,
20260720,008770,2823.0,13.0,1,2823.0,
20260720,009150,17318.0,21.0,1,17318.0,
20260720,009240,1152.0,6.0,1,1152.0,
20260720,009420,3.0,8.0,1,3.0,
20260720,009450,11851.0,2.0,1,11851.0,
20260720,009540,50230.0,15.0,1,50230.0,
20260720,009830,2274.0,12.0,1,2274.0,
20260720,009900,1534.0,1.0,1,1534.0,
20260720,010060,11003.0,8.0,1,11003.0,
20260720,010120,3439.0,15.0,1,3439.0,
20260720,010130,63002.0,4.0,1,63002.0,
20260720,010140,1145.0,20.0,1,1145.0,
20260720,010690,2520.0,1.0,1,2520.0,
20260720,010780,4901.0,5.0,1,4901.0,
20260720,010950,20993.0,17.0,1,20993.0,
20260720,011070,36690.0,21.0,1,36690.0,
20260720,011200,1557.0,12.0,1,1557.0,
20260720,011210,5252.0,12.0,1,5252.0,
20260720,011560,4622.0,1.0,1,4622.0,
20260720,011760,7597.0,4.0,1,7597.0,
20260720,011780,14912.0,12.0,1,14912.0,
20260720,011930,735.0,1.0,1,735.0,
20260720,012210,353.0,,1,353.0,
20260720,012330,45695.0,25.0,1,45695.0,
20260720,012450,42246.0,18.0,1,42246.0,
20260720,012630,3783.0,1.0,1,3783.0,
20260720,0126Z0,10437.0,3.0,1,10437.0,
20260720,012750,4175.0,4.0,1,4175.0,
20260720,013030,4320.0,1.0,1,4320.0,
20260720,013120,286.0,1.0,1,286.0,
20260720,013580,11757.0,1.0,1,11757.0,
20260720,014620,1777.0,3.0,1,1777.0,
20260720,014680,15470.0,8.0,1,15470.0,
20260720,014790,1081.0,3.0,1,1081.0,
20260720,014830,13163.0,6.0,1,13163.0,
20260720,015760,9243.0,15.0,1,9243.0,
20260720,016360,19581.0,18.0,1,19581.0,
20260720,016380,1383.0,3.0,1,1383.0,
20260720,016580,1108.0,1.0,1,1108.0,
20260720,017670,5851.0,18.0,1,5851.0,
20260720,017800,,,0,,
20260720,017810,1284.0,2.0,1,1284.0,
20260720,017940,31166.0,1.0,1,31166.0,
20260720,017960,2256.0,3.0,1,2256.0,
20260720,018250,625.0,,1,625.0,
20260720,018260,9241.0,11.0,1,9241.0,
20260720,018290,1488.0,2.0,1,1488.0,
20260720,018670,54884.0,5.0,1,54884.0,
20260720,018880,238.0,17.0,1,238.0,
20260720,020000,3855.0,5.0,1,3855.0,
20260720,021240,10116.0,3.0,1,10116.0,
20260720,021320,1869.0,1.0,1,1869.0,
20260720,023160,2103.0,2.0,1,2103.0,
20260720,023530,13687.0,14.0,1,13687.0,
20260720,024110,3507.0,15.0,1,3507.0,
20260720,025320,105.0,,1,105.0,
20260720,025540,11854.0,1.0,1,11854.0,
20260720,027410,648.0,1.0,1,648.0,
20260720,028050,3609.0,19.0,1,3609.0,
20260720,028260,16085.0,13.0,1,16085.0,
20260720,028670,748.0,13.0,1,748.0,
20260720,029780,5576.0,4.0,1,5576.0,
20260720,030000,1940.0,10.0,1,1940.0,
20260720,030190,1591.0,1.0,1,1591.0,
20260720,030200,5627.0,18.0,1,5627.0,
20260720,030520,1747.0,3.0,1,1747.0,
20260720,031430,1522.0,6.0,1,1522.0,
20260720,031980,6303.0,5.0,1,6303.0,
20260720,032350,935.0,12.0,1,935.0,
20260720,032500,48.0,1.0,1,48.0,
20260720,032640,1690.0,17.0,1,1690.0,
20260720,032830,14356.0,14.0,1,14356.0,
20260720,033240,3878.0,1.0,1,3878.0,
20260720,033270,2808.0,2.0,1,2808.0,
20260720,033500,2568.0,1.0,1,2568.0,
20260720,033530,,,0,,
20260720,033640,230.0,1.0,1,230.0,
20260720,033780,12104.0,14.0,1,12104.0,
20260720,034020,465.0,15.0,1,465.0,
20260720,034120,301.0,5.0,1,301.0,
20260720,034220,642.0,8.0,1,642.0,
20260720,034230,1006.0,12.0,1,1006.0,
20260720,034730,125347.0,13.0,1,125347.0,
20260720,035150,2311.0,1.0,1,2311.0,
20260720,035250,1388.0,10.0,1,1388.0,
20260720,035420,11980.0,21.0,1,11980.0,
20260720,035600,2141.0,2.0,1,2141.0,
20260720,035720,1556.0,16.0,1,1556.0,
20260720,035760,2294.0,11.0,1,2294.0,
20260720,035900,3803.0,17.0,1,3803.0,
20260720,036010,722.0,,1,722.0,
20260720,036200,,,0,,
20260720,036460,10764.0,8.0,1,10764.0,
20260720,036530,8710.0,1.0,1,8710.0,
20260720,036540,38.0,2.0,1,38.0,
20260720,036570,21768.0,17.0,1,21768.0,
20260720,036620,512.0,3.0,1,512.0,
20260720,036800,5290.0,2.0,1,5290.0,
20260720,036810,,,0,,
20260720,036890,1589.0,,1,1589.0,
20260720,036930,1255.0,2.0,1,1255.0,
20260720,037030,915.0,,1,915.0,
20260720,037560,256.0,3.0,1,256.0,
20260720,039030,10041.0,2.0,1,10041.0,
20260720,039130,3424.0,6.0,1,3424.0,
20260720,039200,,,0,,
20260720,039440,4901.0,1.0,1,4901.0,
20260720,039490,65925.0,17.0,1,65925.0,
20260720,039570,1271.0,1.0,1,1271.0,
20260720,039830,3396.0,,1,3396.0,
20260720,039840,1630.0,2.0,1,1630.0,
20260720,041510,5878.0,17.0,1,5878.0,
20260720,041830,3568.0,2.0,1,3568.0,
20260720,041920,1048.0,1.0,1,1048.0,
20260720,042000,1632.0,1.0,1,1632.0,
20260720,042520,1085.0,1.0,1,1085.0,
20260720,042660,5372.0,21.0,1,5372.0,
20260720,042700,3627.0,1.0,1,3627.0,
20260720,043150,3277.0,4.0,1,3277.0,
20260720,043260,4882.0,2.0,1,4882.0,
20260720,044490,1473.0,1.0,1,1473.0,
20260720,046440,889.0,1.0,1,889.0,
20260720,047040,1172.0,10.0,1,1172.0,
20260720,047050,5046.0,14.0,1,5046.0,
20260720,047810,3396.0,16.0,1,3396.0,
20260720,049070,1664.0,1.0,1,1664.0,
20260720,050890,695.0,3.0,1,695.0,
20260720,051370,1237.0,1.0,1,1237.0,
20260720,051500,4709.0,7.0,1,4709.0,
20260720,051600,3498.0,11.0,1,3498.0,
20260720,051900,11296.0,13.0,1,11296.0,
20260720,052400,7251.0,1.0,1,7251.0,
20260720,052690,1704.0,11.0,1,1704.0,
20260720,052710,536.0,2.0,1,536.0,
20260720,053210,462.0,6.0,1,462.0,
20260720,053610,6365.0,,1,6365.0,
20260720,053690,2099.0,2.0,1,2099.0,
20260720,054450,1061.0,1.0,1,1061.0,
20260720,054950,2798.0,4.0,1,2798.0,
20260720,055550,12005.0,19.0,1,12005.0,
20260720,056090,146.0,,1,146.0,
20260720,056190,2333.0,2.0,1,2333.0,
20260720,058430,467.0,2.0,1,467.0,
20260720,058470,2437.0,5.0,1,2437.0,
20260720,058610,803.0,1.0,1,803.0,
20260720,058650,19337.0,1.0,1,19337.0,
20260720,058970,146.0,1.0,1,146.0,
20260720,059210,613.0,,1,613.0,
20260720,060250,1424.0,4.0,1,1424.0,
20260720,060370,459.0,1.0,1,459.0,
20260720,060720,956.0,2.0,1,956.0,
20260720,060980,6070.0,3.0,1,6070.0,
20260720,061090,5706.0,1.0,1,5706.0,
20260720,062040,6778.0,8.0,1,6778.0,
20260720,063570,419.0,1.0,1,419.0,
20260720,064290,445.0,2.0,1,445.0,
20260720,064350,8651.0,19.0,1,8651.0,
20260720,064400,4955.0,10.0,1,4955.0,
20260720,064760,9770.0,5.0,1,9770.0,
20260720,064850,2209.0,,1,2209.0,
20260720,064960,3812.0,5.0,1,3812.0,
20260720,066570,12296.0,20.0,1,12296.0,
20260720,066980,21.0,,1,21.0,
20260720,067160,8217.0,7.0,1,8217.0,
20260720,067310,2437.0,4.0,1,2437.0,
20260720,068270,6304.0,18.0,1,6304.0,
20260720,068930,1012.0,1.0,1,1012.0,
20260720,069080,1078.0,2.0,1,1078.0,
20260720,069260,1799.0,2.0,1,1799.0,
20260720,069620,15837.0,10.0,1,15837.0,
20260720,069960,12982.0,17.0,1,12982.0,
20260720,070960,104.0,1.0,1,104.0,
20260720,071050,46408.0,16.0,1,46408.0,
20260720,071320,20089.0,2.0,1,20089.0,
20260720,071970,3725.0,6.0,1,3725.0,
20260720,073240,1362.0,10.0,1,1362.0,
20260720,073490,2538.0,1.0,1,2538.0,
20260720,074600,2440.0,2.0,1,2440.0,
20260720,075580,,,0,,
20260720,077360,341.0,2.0,1,341.0,
20260720,077970,2030.0,3.0,1,2030.0,
20260720,078340,1189.0,6.0,1,1189.0,
20260720,078600,1078.0,2.0,1,1078.0,
20260720,078930,17075.0,5.0,1,17075.0,
20260720,079430,412.0,3.0,1,412.0,
20260720,079550,16588.0,18.0,1,16588.0,
20260720,079900,2285.0,2.0,1,2285.0,
20260720,080160,307.0,1.0,1,307.0,
20260720,080220,,,0,,
20260720,080580,1002.0,1.0,1,1002.0,
20260720,081660,5067.0,9.0,1,5067.0,
20260720,082740,2491.0,8.0,1,2491.0,
20260720,082920,1700.0,2.0,1,1700.0,
20260720,083450,3505.0,,1,3505.0,
20260720,083500,1669.0,3.0,1,1669.0,
20260720,083650,2556.0,3.0,1,2556.0,
20260720,084010,524.0,2.0,1,524.0,
20260720,084370,4060.0,3.0,1,4060.0,
20260720,084850,185.0,,1,185.0,
20260720,085910,819.0,1.0,1,819.0,
20260720,086280,22713.0,17.0,1,22713.0,
20260720,086390,961.0,2.0,1,961.0,
20260720,086450,1988.0,1.0,1,1988.0,
20260720,086790,16284.0,20.0,1,16284.0,
20260720,086900,3553.0,2.0,1,3553.0,
20260720,088350,950.0,12.0,1,950.0,
20260720,088980,710.0,2.0,1,710.0,
20260720,089010,2018.0,2.0,1,2018.0,
20260720,089030,1927.0,,1,1927.0,
20260720,089600,1573.0,3.0,1,1573.0,
20260720,089860,4223.0,9.0,1,4223.0,
20260720,089970,3354.0,3.0,1,3354.0,
20260720,089980,475.0,1.0,1,475.0,
20260720,090430,5161.0,18.0,1,5161.0,
20260720,090460,2798.0,10.0,1,2798.0,
20260720,091580,1399.0,1.0,1,1399.0,
20260720,091700,678.0,2.0,1,678.0,
20260720,092130,1146.0,1.0,1,1146.0,
20260720,092730,1757.0,1.0,1,1757.0,
20260720,092870,1383.0,,1,1383.0,
20260720,093370,206.0,1.0,1,206.0,
20260720,093520,2120.0,1.0,1,2120.0,
20260720,094170,478.0,,1,478.0,
20260720,094360,452.0,2.0,1,452.0,
20260720,094840,1570.0,,1,1570.0,
20260720,095340,4263.0,7.0,1,4263.0,
20260720,095570,501.0,3.0,1,501.0,
20260720,095610,5196.0,7.0,1,5196.0,
20260720,095660,1982.0,12.0,1,1982.0,
20260720,096530,1748.0,2.0,1,1748.0,
20260720,096770,13021.0,12.0,1,13021.0,
20260720,097230,1750.0,1.0,1,1750.0,
20260720,097520,2442.0,3.0,1,2442.0,
20260720,097950,23606.0,12.0,1,23606.0,
20260720,098070,3201.0,,1,3201.0,
20260720,098460,705.0,6.0,1,705.0,
20260720,099190,103.0,2.0,1,103.0,
20260720,099320,995.0,1.0,1,995.0,
20260720,099430,448.0,1.0,1,448.0,
20260720,100090,719.0,6.0,1,719.0,
20260720,100120,3562.0,3.0,1,3562.0,
20260720,100840,5295.0,2.0,1,5295.0,
20260720,102710,4140.0,2.0,1,4140.0,
20260720,103140,9129.0,9.0,1,9129.0,
20260720,103590,3352.0,3.0,1,3352.0,
20260720,104700,219.0,1.0,1,219.0,
20260720,104830,4878.0,2.0,1,4878.0,
20260720,105560,18271.0,19.0,1,18271.0,
20260720,105630,1314.0,9.0,1,1314.0,
20260720,105840,797.0,1.0,1,797.0,
20260720,107640,631.0,1.0,1,631.0,
20260720,108320,3935.0,1.0,1,3935.0,
20260720,108380,2728.0,1.0,1,2728.0,
20260720,108490,408.0,6.0,1,408.0,
20260720,108670,6614.0,5.0,1,6614.0,
20260720,111770,13201.0,9.0,1,13201.0,
20260720,112040,1355.0,1.0,1,1355.0,
20260720,112610,4297.0,9.0,1,4297.0,
20260720,114090,995.0,11.0,1,995.0,
20260720,114810,1413.0,1.0,1,1413.0,
20260720,114840,1278.0,2.0,1,1278.0,
20260720,119610,1869.0,1.0,1,1869.0,
20260720,120110,6660.0,5.0,1,6660.0,
20260720,121600,735.0,1.0,1,735.0,
20260720,122450,739.0,,1,739.0,
20260720,122640,998.0,2.0,1,998.0,
20260720,122870,2920.0,17.0,1,2920.0,
20260720,122900,1256.0,1.0,1,1256.0,
20260720,123330,2654.0,,1,2654.0,
20260720,125210,691.0,1.0,1,691.0,
20260720,125490,201.0,2.0,1,201.0,
20260720,126340,281.0,1.0,1,281.0,
20260720,126700,1780.0,,1,1780.0,
20260720,126720,3850.0,1.0,1,3850.0,
20260720,128940,17681.0,17.0,1,17681.0,
20260720,131290,12087.0,3.0,1,12087.0,
20260720,131970,2213.0,7.0,1,2213.0,
20260720,138040,14331.0,5.0,1,14331.0,
20260720,138080,366.0,1.0,1,366.0,
20260720,138930,2693.0,17.0,1,2693.0,
20260720,139130,3098.0,16.0,1,3098.0,
20260720,139480,5218.0,9.0,1,5218.0,
20260720,140860,7481.0,7.0,1,7481.0,
20260720,142210,2496.0,,1,2496.0,
20260720,145020,14328.0,13.0,1,14328.0,
20260720,145720,7151.0,5.0,1,7151.0,
20260720,148150,287.0,1.0,1,287.0,
20260720,149950,585.0,1.0,1,585.0,
20260720,161390,10775.0,16.0,1,10775.0,
20260720,161890,7365.0,19.0,1,7365.0,
20260720,163730,481.0,,1,481.0,
20260720,166090,4050.0,1.0,1,4050.0,
20260720,170920,2262.0,1.0,1,2262.0,
20260720,171090,8417.0,4.0,1,8417.0,
20260720,175330,3922.0,16.0,1,3922.0,
20260720,178320,861.0,2.0,1,861.0,
20260720,178920,1755.0,4.0,1,1755.0,
20260720,181710,3488.0,9.0,1,3488.0,
20260720,183190,1074.0,2.0,1,1074.0,
20260720,183300,3173.0,2.0,1,3173.0,
20260720,185750,4564.0,7.0,1,4564.0,
20260720,187790,248.0,,1,248.0,
20260720,189300,3665.0,5.0,1,3665.0,
20260720,190510,1079.0,,1,1079.0,
20260720,192080,9200.0,14.0,1,9200.0,
20260720,192400,4330.0,1.0,1,4330.0,
20260720,192650,180.0,3.0,1,180.0,
20260720,192820,13166.0,18.0,1,13166.0,
20260720,194370,3753.0,1.0,1,3753.0,
20260720,195870,4392.0,10.0,1,4392.0,
20260720,195940,3372.0,11.0,1,3372.0,
20260720,196170,5144.0,4.0,1,5144.0,
20260720,200670,3939.0,2.0,1,3939.0,
20260720,200710,1549.0,2.0,1,1549.0,
20260720,204270,997.0,1.0,1,997.0,
20260720,204320,4134.0,19.0,1,4134.0,
20260720,204610,259.0,,1,259.0,
20260720,207940,42235.0,19.0,1,42235.0,
20260720,211050,,,0,,
20260720,213420,3132.0,7.0,1,3132.0,
20260720,213500,1311.0,2.0,1,1311.0,
20260720,214150,2715.0,15.0,1,2715.0,
20260720,214180,3075.0,2.0,1,3075.0,
20260720,214320,2813.0,9.0,1,2813.0,
20260720,214420,665.0,1.0,1,665.0,
20260720,214430,2600.0,,1,2600.0,
20260720,214450,19017.0,15.0,1,19017.0,
20260720,215000,8366.0,2.0,1,8366.0,
20260720,215200,8992.0,1.0,1,8992.0,
20260720,217590,249.0,,1,249.0,
20260720,218410,1665.0,5.0,1,1665.0,
20260720,219130,3310.0,,1,3310.0,
20260720,222040,890.0,1.0,1,890.0,
20260720,222800,3968.0,8.0,1,3968.0,
20260720,228850,1046.0,2.0,1,1046.0,
20260720,229640,1730.0,8.0,1,1730.0,
20260720,230240,1116.0,2.0,1,1116.0,
20260720,232140,424.0,4.0,1,424.0,
20260720,234080,1730.0,1.0,1,1730.0,
20260720,234340,1532.0,2.0,1,1532.0,
20260720,236200,5746.0,1.0,1,5746.0,
20260720,237690,3391.0,14.0,1,3391.0,
20260720,237880,1144.0,2.0,1,1144.0,
20260720,240810,3544.0,5.0,1,3544.0,
20260720,241560,5405.0,7.0,1,5405.0,
20260720,241590,407.0,4.0,1,407.0,
20260720,241710,6455.0,10.0,1,6455.0,
20260720,243840,304.0,2.0,1,304.0,
20260720,244920,,,0,,
20260720,247540,387.0,19.0,1,387.0,
20260720,248070,1022.0,5.0,1,1022.0,
20260720,251270,4804.0,14.0,1,4804.0,
20260720,251970,3647.0,3.0,1,3647.0,
20260720,252990,531.0,,1,531.0,
20260720,253450,1188.0,10.0,1,1188.0,
20260720,257720,3407.0,8.0,1,3407.0,
20260720,259630,1781.0,,1,1781.0,
20260720,259960,23790.0,18.0,1,23790.0,
20260720,263750,5726.0,9.0,1,5726.0,
20260720,263860,1267.0,,1,1267.0,
20260720,264660,1708.0,,1,1708.0,
20260720,267250,30580.0,5.0,1,30580.0,
20260720,267260,26974.0,14.0,1,26974.0,
20260720,267270,11059.0,6.0,1,11059.0,
20260720,271560,12191.0,13.0,1,12191.0,
20260720,272210,1055.0,13.0,1,1055.0,
20260720,272290,2869.0,1.0,1,2869.0,
20260720,277810,773.0,1.0,1,773.0,
20260720,278470,15081.0,19.0,1,15081.0,
20260720,279570,317.0,2.0,1,317.0,
20260720,280360,12538.0,10.0,1,12538.0,
20260720,281820,6467.0,1.0,1,6467.0,
20260720,282330,13077.0,14.0,1,13077.0,
20260720,282720,74.0,1.0,1,74.0,
20260720,282880,1334.0,1.0,1,1334.0,
20260720,285130,7693.0,2.0,1,7693.0,
20260720,286940,1719.0,2.0,1,1719.0,
20260720,290550,1800.0,1.0,1,1800.0,
20260720,290650,881.0,,1,881.0,
20260720,293480,1232.0,1.0,1,1232.0,
20260720,294570,2140.0,,1,2140.0,
20260720,294870,5371.0,13.0,1,5371.0,
20260720,295310,1208.0,1.0,1,1208.0,
20260720,297090,,,0,,
20260720,298020,45157.0,4.0,1,45157.0,
20260720,298040,82787.0,14.0,1,82787.0,
20260720,298050,13482.0,5.0,1,13482.0,
20260720,299030,1226.0,,1,1226.0,
20260720,300720,952.0,2.0,1,952.0,
20260720,306200,19060.0,5.0,1,19060.0,
20260720,307950,7497.0,16.0,1,7497.0,
20260720,316140,4295.0,20.0,1,4295.0,
20260720,317400,1448.0,1.0,1,1448.0,
20260720,319400,153.0,,1,153.0,
20260720,319660,5285.0,7.0,1,5285.0,
20260720,322000,8134.0,2.0,1,8134.0,
20260720,322310,,,0,,
20260720,323410,1252.0,12.0,1,1252.0,
20260720,326030,4406.0,11.0,1,4406.0,
20260720,327260,1379.0,2.0,1,1379.0,
20260720,329180,29581.0,21.0,1,29581.0,
20260720,330860,1428.0,2.0,1,1428.0,
20260720,336370,1326.0,3.0,1,1326.0,
20260720,336570,525.0,1.0,1,525.0,
20260720,339770,416.0,1.0,1,416.0,
20260720,340450,262.0,,1,262.0,
20260720,340570,6801.0,3.0,1,6801.0,
20260720,347700,916.0,1.0,1,916.0,
20260720,348210,1887.0,3.0,1,1887.0,
20260720,352480,1343.0,,1,1343.0,
20260720,352820,4436.0,20.0,1,4436.0,
20260720,353200,4077.0,14.0,1,4077.0,
20260720,353810,,,0,,
20260720,354320,1200.0,1.0,1,1200.0,
20260720,355150,981.0,,1,981.0,
20260720,356860,1969.0,8.0,1,1969.0,
20260720,357780,19243.0,8.0,1,19243.0,
20260720,361390,229.0,1.0,1,229.0,
20260720,375500,10575.0,17.0,1,10575.0,
20260720,376270,1736.0,1.0,1,1736.0,
20260720,376300,1732.0,13.0,1,1732.0,
20260720,377300,849.0,6.0,1,849.0,
20260720,381970,1035.0,3.0,1,1035.0,
20260720,382800,754.0,,1,754.0,
20260720,383220,12814.0,10.0,1,12814.0,
20260720,383310,1333.0,1.0,1,1333.0,
20260720,383800,1955.0,2.0,1,1955.0,
20260720,388050,540.0,,1,540.0,
20260720,388210,6319.0,3.0,1,6319.0,
20260720,402340,296239.0,7.0,1,296239.0,
20260720,403550,83.0,1.0,1,83.0,
20260720,403870,1440.0,6.0,1,1440.0,
20260720,405100,1008.0,1.0,1,1008.0,
20260720,413630,124.0,,1,124.0,
20260720,415640,,,0,,
20260720,417840,1231.0,1.0,1,1231.0,
20260720,419530,2734.0,2.0,1,2734.0,
20260720,420770,1599.0,3.0,1,1599.0,
20260720,425040,,,0,,
20260720,425420,2620.0,,1,2620.0,
20260720,439260,7903.0,5.0,1,7903.0,
20260720,440110,1817.0,1.0,1,1817.0,
20260720,441270,610.0,,1,610.0,
20260720,443060,8001.0,10.0,1,8001.0,
20260720,445090,174.0,,1,174.0,
20260720,450950,245.0,2.0,1,245.0,
20260720,451760,457.0,1.0,1,457.0,
20260720,452430,419.0,1.0,1,419.0,
20260720,453340,3489.0,3.0,1,3489.0,
20260720,453450,768.0,,1,768.0,
20260720,454910,108.0,1.0,1,108.0,
20260720,456010,7.0,1.0,1,7.0,
20260720,456040,13140.0,3.0,1,13140.0,
20260720,458870,1542.0,5.0,1,1542.0,
20260720,460860,794.0,3.0,1,794.0,
20260720,462870,2156.0,10.0,1,2156.0,
20260720,473980,,,0,,
20260720,474170,87.0,1.0,1,87.0,
20260720,475150,880.0,4.0,1,880.0,
20260720,475430,560.0,,1,560.0,
20260720,475960,37.0,1.0,1,37.0,
20260720,476060,550.0,1.0,1,550.0,
20260720,482630,1028.0,2.0,1,1028.0,
20260720,483650,10224.0,13.0,1,10224.0,
20260720,484590,789.0,,1,789.0,
20260720,488280,148.0,,1,148.0,
20260720,489500,1479.0,,1,1479.0,
20260720,489790,2811.0,3.0,1,2811.0,
20260720,499790,2723.0,6.0,1,2723.0,
20260721,000080,1400.0,6.0,1,1400.0,
20260721,000100,1794.0,11.0,1,1794.0,
20260721,000120,10870.0,11.0,1,10870.0,
20260721,000150,20160.0,13.0,1,20160.0,
20260721,000210,10121.0,2.0,1,10121.0,
20260721,000240,4438.0,1.0,1,4438.0,
20260721,000270,21682.0,23.0,1,21682.0,
20260721,000370,2152.0,7.0,1,2152.0,
20260721,000640,10397.0,1.0,1,10397.0,
20260721,000660,314787.0,24.0,1,314787.0,
20260721,000720,4782.0,21.0,1,4782.0,
20260721,0007C0,,,0,,
20260721,000810,46148.0,17.0,1,46148.0,
20260721,000880,9572.0,9.0,1,9572.0,
20260721,0008Z0,2119.0,1.0,1,2119.0,
20260721,000990,8413.0,3.0,1,8413.0,
20260721,001040,10171.0,9.0,1,10171.0,
20260721,001120,7840.0,6.0,1,7840.0,
20260721,0011A0,870.0,,1,870.0,
20260721,001230,179.0,1.0,1,179.0,
20260721,001250,246.0,1.0,1,246.0,
20260721,001340,229.0,1.0,1,229.0,
20260721,001430,2592.0,9.0,1,2592.0,
20260721,001440,496.0,6.0,1,496.0,
20260721,001450,7857.0,16.0,1,7857.0,
20260721,001530,657.0,1.0,1,657.0,
20260721,001680,2694.0,2.0,1,2694.0,
20260721,001740,395.0,4.0,1,395.0,
20260721,001940,988.0,1.0,1,988.0,
20260721,002020,4976.0,1.0,1,4976.0,
20260721,002320,-2390.0,1.0,0,-2390.0,
20260721,002350,1517.0,13.0,1,1517.0,
20260721,002380,218936.0,4.0,1,218936.0,
20260721,002990,1469.0,2.0,1,1469.0,
20260721,003030,22926.0,2.0,1,22926.0,
20260721,003070,2293.0,1.0,1,2293.0,
20260721,003160,1424.0,2.0,1,1424.0,
20260721,003220,736.0,3.0,1,736.0,
20260721,003230,74598.0,14.0,1,74598.0,
20260721,003490,930.0,11.0,1,930.0,
20260721,003540,4388.0,3.0,1,4388.0,
20260721,003550,7532.0,12.0,1,7532.0,
20260721,003570,2734.0,1.0,1,2734.0,
20260721,003670,275.0,19.0,1,275.0,
20260721,003850,772.0,1.0,1,772.0,
20260721,004000,7141.0,7.0,1,7141.0,
20260721,004020,1048.0,16.0,1,1048.0,
20260721,004170,40881.0,18.0,1,40881.0,
20260721,004370,31900.0,13.0,1,31900.0,
20260721,004690,37548.0,1.0,1,37548.0,
20260721,004800,19374.0,3.0,1,19374.0,
20260721,004990,897.0,4.0,1,897.0,
20260721,005070,60.0,1.0,1,60.0,
20260721,005090,1716.0,3.0,1,1716.0,
20260721,005180,8570.0,,1,8570.0,
20260721,005300,10513.0,10.0,1,10513.0,
20260721,005380,38694.0,25.0,1,38694.0,
20260721,005440,1850.0,4.0,1,1850.0,
20260721,005490,22008.0,18.0,1,22008.0,
20260721,005500,1719.0,1.0,1,1719.0,
20260721,005690,914.0,3.0,1,914.0,
20260721,005810,8601.0,1.0,1,8601.0,
20260721,005830,23285.0,16.0,1,23285.0,
20260721,005850,8294.0,7.0,1,8294.0,
20260721,005880,501.0,5.0,1,501.0,
20260721,005930,46664.0,24.0,1,46664.0,
20260721,005940,4358.0,18.0,1,4358.0,
20260721,006040,7744.0,4.0,1,7744.0,
20260721,006110,159.0,,1,159.0,
20260721,006260,19188.0,11.0,1,19188.0,
20260721,006280,7805.0,10.0,1,7805.0,
20260721,006360,2527.0,17.0,1,2527.0,
20260721,006400,4502.0,23.0,1,4502.0,
20260721,006650,15056.0,6.0,1,15056.0,
20260721,006730,632.0,4.0,1,632.0,
20260721,006800,4598.0,17.0,1,4598.0,
20260721,007070,2447.0,13.0,1,2447.0,
20260721,007340,5483.0,2.0,1,5483.0,
20260721,007660,3600.0,12.0,1,3600.0,
20260721,007690,4568.0,1.0,1,4568.0,
20260721,007810,4392.0,3.0,1,4392.0,
20260721,008730,516.0,,1,516.0,
20260721,008770,2878.0,13.0,1,2878.0,
20260721,009150,17318.0,21.0,1,17318.0,
20260721,009240,1152.0,6.0,1,1152.0,
20260721,009420,4.0,7.0,1,4.0,
20260721,009450,11851.0,2.0,1,11851.0,
20260721,009540,50230.0,15.0,1,50230.0,
20260721,009830,2217.0,12.0,1,2217.0,
20260721,009900,1534.0,1.0,1,1534.0,
20260721,010060,11003.0,8.0,1,11003.0,
20260721,010120,3443.0,15.0,1,3443.0,
20260721,010130,63002.0,4.0,1,63002.0,
20260721,010140,1145.0,20.0,1,1145.0,
20260721,010690,2520.0,1.0,1,2520.0,
20260721,010780,4901.0,5.0,1,4901.0,
20260721,010950,20978.0,17.0,1,20978.0,
20260721,011070,36690.0,21.0,1,36690.0,
20260721,011200,1557.0,12.0,1,1557.0,
20260721,011210,5252.0,12.0,1,5252.0,
20260721,011560,4622.0,1.0,1,4622.0,
20260721,011760,7017.0,3.0,1,7017.0,
20260721,011780,15121.0,13.0,1,15121.0,
20260721,011930,735.0,1.0,1,735.0,
20260721,012210,353.0,,1,353.0,
20260721,012330,45695.0,25.0,1,45695.0,
20260721,012450,42222.0,18.0,1,42222.0,
20260721,012630,3783.0,1.0,1,3783.0,
20260721,0126Z0,10437.0,3.0,1,10437.0,
20260721,012750,4175.0,4.0,1,4175.0,
20260721,013030,4754.0,1.0,1,4754.0,
20260721,013120,286.0,1.0,1,286.0,
20260721,013580,11757.0,1.0,1,11757.0,
20260721,014620,1569.0,3.0,1,1569.0,
20260721,014680,15470.0,8.0,1,15470.0,
20260721,014790,1081.0,3.0,1,1081.0,
20260721,014830,12858.0,5.0,1,12858.0,
20260721,015760,9243.0,15.0,1,9243.0,
20260721,016360,19581.0,18.0,1,19581.0,
20260721,016380,1383.0,3.0,1,1383.0,
20260721,016580,1108.0,1.0,1,1108.0,
20260721,017670,5851.0,18.0,1,5851.0,
20260721,017800,,,0,,
20260721,017810,1284.0,2.0,1,1284.0,
20260721,017940,31166.0,1.0,1,31166.0,
20260721,017960,2256.0,3.0,1,2256.0,
20260721,018250,625.0,,1,625.0,
20260721,018260,9241.0,11.0,1,9241.0,
20260721,018290,1488.0,2.0,1,1488.0,
20260721,018670,54884.0,5.0,1,54884.0,
20260721,018880,238.0,17.0,1,238.0,
20260721,020000,3855.0,5.0,1,3855.0,
20260721,021240,10116.0,3.0,1,10116.0,
20260721,021320,1869.0,1.0,1,1869.0,
20260721,023160,1888.0,2.0,1,1888.0,
20260721,023530,13518.0,15.0,1,13518.0,
20260721,024110,3507.0,15.0,1,3507.0,
20260721,025320,105.0,,1,105.0,
20260721,025540,11854.0,1.0,1,11854.0,
20260721,027410,648.0,1.0,1,648.0,
20260721,028050,3611.0,19.0,1,3611.0,
20260721,028260,16085.0,13.0,1,16085.0,
20260721,028670,748.0,13.0,1,748.0,
20260721,029780,5576.0,4.0,1,5576.0,
20260721,030000,1940.0,10.0,1,1940.0,
20260721,030190,1591.0,1.0,1,1591.0,
20260721,030200,5627.0,18.0,1,5627.0,
20260721,030520,1747.0,3.0,1,1747.0,
20260721,031430,1522.0,6.0,1,1522.0,
20260721,031980,6303.0,5.0,1,6303.0,
20260721,032350,935.0,12.0,1,935.0,
20260721,032500,48.0,1.0,1,48.0,
20260721,032640,1690.0,17.0,1,1690.0,
20260721,032830,14346.0,14.0,1,14346.0,
20260721,033240,3878.0,1.0,1,3878.0,
20260721,033270,2808.0,2.0,1,2808.0,
20260721,033500,2568.0,1.0,1,2568.0,
20260721,033530,,,0,,
20260721,033640,230.0,1.0,1,230.0,
20260721,033780,12102.0,14.0,1,12102.0,
20260721,034020,465.0,15.0,1,465.0,
20260721,034120,249.0,6.0,1,249.0,
20260721,034220,642.0,8.0,1,642.0,
20260721,034230,1006.0,12.0,1,1006.0,
20260721,034730,125347.0,13.0,1,125347.0,
20260721,035150,2311.0,1.0,1,2311.0,
20260721,035250,1388.0,10.0,1,1388.0,
20260721,035420,11976.0,21.0,1,11976.0,
20260721,035600,2141.0,2.0,1,2141.0,
20260721,035720,1556.0,16.0,1,1556.0,
20260721,035760,2061.0,11.0,1,2061.0,
20260721,035900,3795.0,17.0,1,3795.0,
20260721,036010,722.0,,1,722.0,
20260721,036200,,,0,,
20260721,036460,10764.0,8.0,1,10764.0,
20260721,036530,8710.0,1.0,1,8710.0,
20260721,036540,38.0,2.0,1,38.0,
20260721,036570,21768.0,17.0,1,21768.0,
20260721,036620,512.0,3.0,1,512.0,
20260721,036800,5290.0,2.0,1,5290.0,
20260721,036810,,,0,,
20260721,036890,1589.0,,1,1589.0,
20260721,036930,1255.0,2.0,1,1255.0,
20260721,037030,915.0,,1,915.0,
20260721,037560,256.0,3.0,1,256.0,
20260721,039030,10041.0,2.0,1,10041.0,
20260721,039130,3424.0,6.0,1,3424.0,
20260721,039200,,,0,,
20260721,039440,4901.0,1.0,1,4901.0,
20260721,039490,65925.0,17.0,1,65925.0,
20260721,039570,1271.0,1.0,1,1271.0,
20260721,039830,3396.0,,1,3396.0,
20260721,039840,1720.0,1.0,1,1720.0,
20260721,041510,5831.0,17.0,1,5831.0,
20260721,041830,3568.0,2.0,1,3568.0,
20260721,041920,1048.0,1.0,1,1048.0,
20260721,042000,1632.0,1.0,1,1632.0,
20260721,042520,1085.0,1.0,1,1085.0,
20260721,042660,5372.0,21.0,1,5372.0,
20260721,042700,3627.0,1.0,1,3627.0,
20260721,043150,3277.0,4.0,1,3277.0,
20260721,043260,4882.0,2.0,1,4882.0,
20260721,044490,1473.0,1.0,1,1473.0,
20260721,046440,889.0,1.0,1,889.0,
20260721,047040,1200.0,11.0,1,1200.0,
20260721,047050,5046.0,14.0,1,5046.0,
20260721,047810,3396.0,16.0,1,3396.0,
20260721,049070,1664.0,1.0,1,1664.0,
20260721,050890,695.0,3.0,1,695.0,
20260721,051370,1237.0,1.0,1,1237.0,
20260721,051500,4704.0,7.0,1,4704.0,
20260721,051600,3498.0,11.0,1,3498.0,
20260721,051900,11296.0,13.0,1,11296.0,
20260721,052400,7251.0,1.0,1,7251.0,
20260721,052690,1704.0,11.0,1,1704.0,
20260721,052710,530.0,2.0,1,530.0,
20260721,053210,462.0,6.0,1,462.0,
20260721,053610,6365.0,,1,6365.0,
20260721,053690,2099.0,2.0,1,2099.0,
20260721,054450,1061.0,1.0,1,1061.0,
20260721,054950,2798.0,4.0,1,2798.0,
20260721,055550,12005.0,19.0,1,12005.0,
20260721,056090,146.0,,1,146.0,
20260721,056190,2333.0,2.0,1,2333.0,
20260721,058430,408.0,2.0,1,408.0,
20260721,058470,2437.0,5.0,1,2437.0,
20260721,058610,920.0,2.0,1,920.0,
20260721,058650,19337.0,1.0,1,19337.0,
20260721,058970,146.0,1.0,1,146.0,
20260721,059210,613.0,,1,613.0,
20260721,060250,1424.0,4.0,1,1424.0,
20260721,060370,459.0,1.0,1,459.0,
20260721,060720,956.0,2.0,1,956.0,
20260721,060980,6070.0,3.0,1,6070.0,
20260721,061090,5706.0,1.0,1,5706.0,
20260721,062040,6778.0,8.0,1,6778.0,
20260721,063570,419.0,1.0,1,419.0,
20260721,064290,445.0,2.0,1,445.0,
20260721,064350,8651.0,19.0,1,8651.0,
20260721,064400,4938.0,10.0,1,4938.0,
20260721,064760,9770.0,5.0,1,9770.0,
20260721,064850,2209.0,,1,2209.0,
20260721,064960,3812.0,5.0,1,3812.0,
20260721,066570,12296.0,20.0,1,12296.0,
20260721,066980,21.0,,1,21.0,
20260721,067160,8217.0,7.0,1,8217.0,
20260721,067310,2440.0,4.0,1,2440.0,
20260721,068270,6304.0,18.0,1,6304.0,
20260721,068930,1012.0,1.0,1,1012.0,
20260721,069080,1078.0,2.0,1,1078.0,
20260721,069260,1799.0,2.0,1,1799.0,
20260721,069620,15837.0,10.0,1,15837.0,
20260721,069960,13000.0,17.0,1,13000.0,
20260721,070960,104.0,1.0,1,104.0,
20260721,071050,46408.0,16.0,1,46408.0,
20260721,071320,20089.0,2.0,1,20089.0,
20260721,071970,3725.0,6.0,1,3725.0,
20260721,073240,1405.0,10.0,1,1405.0,
20260721,073490,2538.0,1.0,1,2538.0,
20260721,074600,2440.0,2.0,1,2440.0,
20260721,075580,,,0,,
20260721,077360,341.0,2.0,1,341.0,
20260721,077970,2030.0,3.0,1,2030.0,
20260721,078340,1430.0,5.0,1,1430.0,
20260721,078600,1078.0,2.0,1,1078.0,
20260721,078930,16872.0,5.0,1,16872.0,
20260721,079430,412.0,3.0,1,412.0,
20260721,079550,16726.0,18.0,1,16726.0,
20260721,079900,2285.0,2.0,1,2285.0,
20260721,080160,307.0,1.0,1,307.0,
20260721,080220,,,0,,
20260721,080580,1002.0,1.0,1,1002.0,
20260721,081660,5067.0,9.0,1,5067.0,
20260721,082740,2491.0,8.0,1,2491.0,
20260721,082920,1700.0,2.0,1,1700.0,
20260721,083450,3505.0,,1,3505.0,
20260721,083500,1669.0,3.0,1,1669.0,
20260721,083650,2556.0,3.0,1,2556.0,
20260721,084010,495.0,1.0,1,495.0,
20260721,084370,4060.0,3.0,1,4060.0,
20260721,084850,185.0,,1,185.0,
20260721,085910,819.0,1.0,1,819.0,
20260721,086280,22713.0,17.0,1,22713.0,
20260721,086390,961.0,2.0,1,961.0,
20260721,086450,1988.0,1.0,1,1988.0,
20260721,086790,16284.0,20.0,1,16284.0,
20260721,086900,3553.0,2.0,1,3553.0,
20260721,088350,950.0,12.0,1,950.0,
20260721,088980,710.0,2.0,1,710.0,
20260721,089010,2018.0,2.0,1,2018.0,
20260721,089030,1927.0,,1,1927.0,
20260721,089600,1573.0,3.0,1,1573.0,
20260721,089860,4223.0,9.0,1,4223.0,
20260721,089970,3354.0,3.0,1,3354.0,
20260721,089980,475.0,1.0,1,475.0,
20260721,090430,5176.0,18.0,1,5176.0,
20260721,090460,2798.0,10.0,1,2798.0,
20260721,091580,1399.0,1.0,1,1399.0,
20260721,091700,678.0,2.0,1,678.0,
20260721,092130,1146.0,1.0,1,1146.0,
20260721,092730,1757.0,1.0,1,1757.0,
20260721,092870,1383.0,,1,1383.0,
20260721,093370,206.0,1.0,1,206.0,
20260721,093520,2120.0,1.0,1,2120.0,
20260721,094170,478.0,,1,478.0,
20260721,094360,452.0,2.0,1,452.0,
20260721,094840,1570.0,,1,1570.0,
20260721,095340,4263.0,7.0,1,4263.0,
20260721,095570,501.0,3.0,1,501.0,
20260721,095610,5196.0,7.0,1,5196.0,
20260721,095660,1926.0,11.0,1,1926.0,
20260721,096530,1748.0,2.0,1,1748.0,
20260721,096770,13181.0,13.0,1,13181.0,
20260721,097230,1750.0,1.0,1,1750.0,
20260721,097520,2442.0,3.0,1,2442.0,
20260721,097950,23725.0,12.0,1,23725.0,
20260721,098070,3201.0,,1,3201.0,
20260721,098460,705.0,6.0,1,705.0,
20260721,099190,103.0,2.0,1,103.0,
20260721,099320,995.0,1.0,1,995.0,
20260721,099430,448.0,1.0,1,448.0,
20260721,100090,719.0,6.0,1,719.0,
20260721,100120,3562.0,3.0,1,3562.0,
20260721,100840,5295.0,2.0,1,5295.0,
20260721,102710,4140.0,2.0,1,4140.0,
20260721,103140,8985.0,10.0,1,8985.0,
20260721,103590,3352.0,3.0,1,3352.0,
20260721,104700,219.0,1.0,1,219.0,
20260721,104830,4878.0,2.0,1,4878.0,
20260721,105560,18271.0,19.0,1,18271.0,
20260721,105630,1314.0,9.0,1,1314.0,
20260721,105840,797.0,1.0,1,797.0,
20260721,107640,631.0,1.0,1,631.0,
20260721,108320,3935.0,1.0,1,3935.0,
20260721,108380,2728.0,1.0,1,2728.0,
20260721,108490,408.0,6.0,1,408.0,
20260721,108670,6614.0,5.0,1,6614.0,
20260721,111770,13201.0,9.0,1,13201.0,
20260721,112040,1355.0,1.0,1,1355.0,
20260721,112610,4297.0,9.0,1,4297.0,
20260721,114090,995.0,11.0,1,995.0,
20260721,114810,1413.0,1.0,1,1413.0,
20260721,114840,1278.0,2.0,1,1278.0,
20260721,119610,1869.0,1.0,1,1869.0,
20260721,120110,6788.0,5.0,1,6788.0,
20260721,121600,735.0,1.0,1,735.0,
20260721,122450,739.0,,1,739.0,
20260721,122640,998.0,2.0,1,998.0,
20260721,122870,2875.0,16.0,1,2875.0,
20260721,122900,1256.0,1.0,1,1256.0,
20260721,123330,2654.0,,1,2654.0,
20260721,125210,691.0,1.0,1,691.0,
20260721,125490,201.0,2.0,1,201.0,
20260721,126340,281.0,1.0,1,281.0,
20260721,126700,1780.0,,1,1780.0,
20260721,126720,3850.0,1.0,1,3850.0,
20260721,128940,17681.0,17.0,1,17681.0,
20260721,131290,12087.0,3.0,1,12087.0,
20260721,131970,2185.0,7.0,1,2185.0,
20260721,138040,14331.0,5.0,1,14331.0,
20260721,138080,366.0,1.0,1,366.0,
20260721,138930,2693.0,17.0,1,2693.0,
20260721,139130,3098.0,16.0,1,3098.0,
20260721,139480,5218.0,9.0,1,5218.0,
20260721,140860,7371.0,6.0,1,7371.0,
20260721,142210,2496.0,,1,2496.0,
20260721,145020,14328.0,13.0,1,14328.0,
20260721,145720,7151.0,5.0,1,7151.0,
20260721,148150,287.0,1.0,1,287.0,
20260721,149950,585.0,1.0,1,585.0,
20260721,161390,10751.0,16.0,1,10751.0,
20260721,161890,7365.0,19.0,1,7365.0,
20260721,163730,481.0,,1,481.0,
20260721,166090,4050.0,1.0,1,4050.0,
20260721,170920,2262.0,1.0,1,2262.0,
20260721,171090,8417.0,4.0,1,8417.0,
20260721,175330,3922.0,16.0,1,3922.0,
20260721,178320,861.0,2.0,1,861.0,
20260721,178920,1755.0,4.0,1,1755.0,
20260721,181710,3488.0,9.0,1,3488.0,
20260721,183190,1074.0,2.0,1,1074.0,
20260721,183300,3173.0,2.0,1,3173.0,
20260721,185750,4564.0,7.0,1,4564.0,
20260721,187790,248.0,,1,248.0,
20260721,189300,3665.0,5.0,1,3665.0,
20260721,190510,1079.0,,1,1079.0,
20260721,192080,9259.0,13.0,1,9259.0,
20260721,192400,4330.0,1.0,1,4330.0,
20260721,192650,180.0,3.0,1,180.0,
20260721,192820,13166.0,18.0,1,13166.0,
20260721,194370,3753.0,1.0,1,3753.0,
20260721,195870,4392.0,10.0,1,4392.0,
20260721,195940,3372.0,11.0,1,3372.0,
20260721,196170,5002.0,4.0,1,5002.0,
20260721,200670,3939.0,2.0,1,3939.0,
20260721,200710,1549.0,2.0,1,1549.0,
20260721,204270,997.0,1.0,1,997.0,
20260721,204320,4134.0,19.0,1,4134.0,
20260721,204610,259.0,,1,259.0,
20260721,207940,42235.0,19.0,1,42235.0,
20260721,211050,,,0,,
20260721,213420,3132.0,7.0,1,3132.0,
20260721,213500,1311.0,2.0,1,1311.0,
20260721,214150,2710.0,15.0,1,2710.0,
20260721,214180,3075.0,2.0,1,3075.0,
20260721,214320,2832.0,9.0,1,2832.0,
20260721,214420,665.0,1.0,1,665.0,
20260721,214430,2600.0,,1,2600.0,
20260721,214450,19017.0,15.0,1,19017.0,
20260721,215000,8366.0,2.0,1,8366.0,
20260721,215200,8992.0,1.0,1,8992.0,
20260721,217590,249.0,,1,249.0,
20260721,218410,1665.0,5.0,1,1665.0,
20260721,219130,3310.0,,1,3310.0,
20260721,222040,890.0,1.0,1,890.0,
20260721,222800,3968.0,8.0,1,3968.0,
20260721,228850,1046.0,2.0,1,1046.0,
20260721,229640,1744.0,7.0,1,1744.0,
20260721,230240,1116.0,2.0,1,1116.0,
20260721,232140,424.0,4.0,1,424.0,
20260721,234080,1730.0,1.0,1,1730.0,
20260721,234340,1532.0,2.0,1,1532.0,
20260721,236200,5746.0,1.0,1,5746.0,
20260721,237690,3391.0,14.0,1,3391.0,
20260721,237880,1144.0,2.0,1,1144.0,
20260721,240810,3544.0,5.0,1,3544.0,
20260721,241560,5405.0,7.0,1,5405.0,
20260721,241590,407.0,4.0,1,407.0,
20260721,241710,6455.0,10.0,1,6455.0,
20260721,243840,304.0,2.0,1,304.0,
20260721,244920,,,0,,
20260721,247540,387.0,19.0,1,387.0,
20260721,248070,1022.0,5.0,1,1022.0,
20260721,251270,4898.0,14.0,1,4898.0,
20260721,251970,3647.0,3.0,1,3647.0,
20260721,252990,546.0,,1,546.0,
20260721,253450,1188.0,10.0,1,1188.0,
20260721,257720,3428.0,8.0,1,3428.0,
20260721,259630,1781.0,,1,1781.0,
20260721,259960,23790.0,18.0,1,23790.0,
20260721,263750,5726.0,9.0,1,5726.0,
20260721,263860,1267.0,,1,1267.0,
20260721,264660,1708.0,,1,1708.0,
20260721,267250,30580.0,5.0,1,30580.0,
20260721,267260,26974.0,14.0,1,26974.0,
20260721,267270,11059.0,6.0,1,11059.0,
20260721,271560,12191.0,12.0,1,12191.0,
20260721,272210,1047.0,13.0,1,1047.0,
20260721,272290,2869.0,1.0,1,2869.0,
20260721,277810,773.0,1.0,1,773.0,
20260721,278470,15081.0,19.0,1,15081.0,
20260721,279570,317.0,2.0,1,317.0,
20260721,280360,12538.0,10.0,1,12538.0,
20260721,281820,6467.0,1.0,1,6467.0,
20260721,282330,13077.0,14.0,1,13077.0,
20260721,282720,74.0,1.0,1,74.0,
20260721,282880,1334.0,1.0,1,1334.0,
20260721,285130,7719.0,2.0,1,7719.0,
20260721,286940,1719.0,2.0,1,1719.0,
20260721,290550,1800.0,1.0,1,1800.0,
20260721,290650,881.0,,1,881.0,
20260721,293480,1232.0,1.0,1,1232.0,
20260721,294570,2140.0,,1,2140.0,
20260721,294870,5419.0,13.0,1,5419.0,
20260721,295310,1208.0,1.0,1,1208.0,
20260721,297090,,,0,,
20260721,298020,49102.0,4.0,1,49102.0,
20260721,298040,82787.0,14.0,1,82787.0,
20260721,298050,14674.0,5.0,1,14674.0,
20260721,299030,1226.0,,1,1226.0,
20260721,300720,952.0,2.0,1,952.0,
20260721,306200,20696.0,5.0,1,20696.0,
20260721,307950,7497.0,16.0,1,7497.0,
20260721,316140,4295.0,20.0,1,4295.0,
20260721,317400,1448.0,1.0,1,1448.0,
20260721,319400,,,0,,
20260721,319660,5285.0,7.0,1,5285.0,
20260721,322000,8134.0,2.0,1,8134.0,
20260721,322310,,,0,,
20260721,323410,1252.0,12.0,1,1252.0,
20260721,326030,4406.0,11.0,1,4406.0,
20260721,327260,1379.0,2.0,1,1379.0,
20260721,329180,29581.0,21.0,1,29581.0,
20260721,330860,1428.0,2.0,1,1428.0,
20260721,336370,1326.0,3.0,1,1326.0,
20260721,336570,525.0,1.0,1,525.0,
20260721,339770,416.0,1.0,1,416.0,
20260721,340450,262.0,,1,262.0,
20260721,340570,6801.0,3.0,1,6801.0,
20260721,347700,916.0,1.0,1,916.0,
20260721,348210,1887.0,3.0,1,1887.0,
20260721,352480,1343.0,,1,1343.0,
20260721,352820,4458.0,20.0,1,4458.0,
20260721,353200,4077.0,14.0,1,4077.0,
20260721,353810,,,0,,
20260721,354320,1200.0,1.0,1,1200.0,
20260721,355150,981.0,,1,981.0,
20260721,356860,1969.0,8.0,1,1969.0,
20260721,357780,18866.0,7.0,1,18866.0,
20260721,361390,229.0,1.0,1,229.0,
20260721,375500,10554.0,18.0,1,10554.0,
20260721,376270,1736.0,1.0,1,1736.0,
20260721,376300,1732.0,13.0,1,1732.0,
20260721,377300,851.0,6.0,1,851.0,
20260721,381970,1035.0,3.0,1,1035.0,
20260721,382800,754.0,,1,754.0,
20260721,383220,12814.0,10.0,1,12814.0,
20260721,383310,1333.0,1.0,1,1333.0,
20260721,383800,1955.0,2.0,1,1955.0,
20260721,388050,540.0,,1,540.0,
20260721,388210,6319.0,3.0,1,6319.0,
20260721,402340,296239.0,7.0,1,296239.0,
20260721,403550,83.0,1.0,1,83.0,
20260721,403870,1440.0,6.0,1,1440.0,
20260721,405100,1008.0,1.0,1,1008.0,
20260721,413630,124.0,,1,124.0,
20260721,415640,,,0,,
20260721,417840,1231.0,1.0,1,1231.0,
20260721,419530,2734.0,2.0,1,2734.0,
20260721,420770,1599.0,3.0,1,1599.0,
20260721,425040,,,0,,
20260721,425420,2620.0,,1,2620.0,
20260721,439260,7903.0,5.0,1,7903.0,
20260721,440110,1817.0,1.0,1,1817.0,
20260721,441270,610.0,,1,610.0,
20260721,443060,8001.0,10.0,1,8001.0,
20260721,445090,549.0,,1,549.0,
20260721,450950,245.0,2.0,1,245.0,
20260721,451760,457.0,1.0,1,457.0,
20260721,452430,419.0,1.0,1,419.0,
20260721,453340,3489.0,3.0,1,3489.0,
20260721,453450,768.0,,1,768.0,
20260721,454910,108.0,1.0,1,108.0,
20260721,456010,7.0,1.0,1,7.0,
20260721,456040,13140.0,3.0,1,13140.0,
20260721,458870,1537.0,5.0,1,1537.0,
20260721,460860,794.0,3.0,1,794.0,
20260721,462870,2156.0,10.0,1,2156.0,
20260721,473980,,,0,,
20260721,474170,87.0,1.0,1,87.0,
20260721,475150,880.0,4.0,1,880.0,
20260721,475430,560.0,,1,560.0,
20260721,475960,37.0,1.0,1,37.0,
20260721,476060,550.0,1.0,1,550.0,
20260721,482630,1028.0,2.0,1,1028.0,
20260721,483650,10266.0,12.0,1,10266.0,
20260721,484590,789.0,,1,789.0,
20260721,488280,148.0,,1,148.0,
20260721,489500,1479.0,,1,1479.0,
20260721,489790,2712.0,3.0,1,2712.0,
20260721,499790,2723.0,6.0,1,2723.0,
20260722,000080,1404.0,6.0,1,1404.0,
20260722,000100,1817.0,12.0,1,1817.0,
20260722,000120,10455.0,10.0,1,10455.0,
20260722,000150,20160.0,13.0,1,20160.0,
20260722,000210,10121.0,2.0,1,10121.0,
20260722,000240,,,0,,
20260722,000270,21682.0,23.0,1,21682.0,
20260722,000370,2152.0,7.0,1,2152.0,
20260722,000640,10397.0,1.0,1,10397.0,
20260722,000660,314787.0,24.0,1,314787.0,
20260722,000720,4762.0,21.0,1,4762.0,
20260722,0007C0,,,0,,
20260722,000810,46428.0,16.0,1,46428.0,
20260722,000880,9573.0,9.0,1,9573.0,
20260722,0008Z0,2119.0,1.0,1,2119.0,
20260722,000990,8413.0,3.0,1,8413.0,
20260722,001040,10171.0,9.0,1,10171.0,
20260722,001120,7840.0,6.0,1,7840.0,
20260722,0011A0,870.0,,1,870.0,
20260722,001230,179.0,1.0,1,179.0,
20260722,001250,246.0,1.0,1,246.0,
20260722,001340,229.0,1.0,1,229.0,
20260722,001430,2608.0,9.0,1,2608.0,
20260722,001440,496.0,6.0,1,496.0,
20260722,001450,,15.0,0,,
20260722,001530,657.0,1.0,1,657.0,
20260722,001680,2694.0,2.0,1,2694.0,
20260722,001740,395.0,4.0,1,395.0,
20260722,001940,988.0,1.0,1,988.0,
20260722,002020,4976.0,1.0,1,4976.0,
20260722,002320,-2390.0,1.0,0,-2390.0,
20260722,002350,1517.0,13.0,1,1517.0,
20260722,002380,186890.0,5.0,1,186890.0,
20260722,002990,1469.0,2.0,1,1469.0,
20260722,003030,22926.0,2.0,1,22926.0,
20260722,003070,2293.0,1.0,1,2293.0,
20260722,003160,1424.0,2.0,1,1424.0,
20260722,003220,736.0,3.0,1,736.0,
20260722,003230,74865.0,14.0,1,74865.0,
20260722,003490,930.0,11.0,1,930.0,
20260722,003540,4388.0,3.0,1,4388.0,
20260722,003550,7532.0,12.0,1,7532.0,
20260722,003570,2734.0,1.0,1,2734.0,
20260722,003670,275.0,19.0,1,275.0,
20260722,003850,772.0,1.0,1,772.0,
20260722,004000,7141.0,7.0,1,7141.0,
20260722,004020,1048.0,16.0,1,1048.0,
20260722,004170,40881.0,18.0,1,40881.0,
20260722,004370,32038.0,13.0,1,32038.0,
20260722,004690,37548.0,1.0,1,37548.0,
20260722,004800,19872.0,3.0,1,19872.0,
20260722,004990,897.0,4.0,1,897.0,
20260722,005070,60.0,1.0,1,60.0,
20260722,005090,1716.0,3.0,1,1716.0,
20260722,005180,8570.0,,1,8570.0,
20260722,005300,10473.0,10.0,1,10473.0,
20260722,005380,38663.0,25.0,1,38663.0,
20260722,005440,1850.0,4.0,1,1850.0,
20260722,005490,22008.0,18.0,1,22008.0,
20260722,005500,1719.0,1.0,1,1719.0,
20260722,005690,914.0,3.0,1,914.0,
20260722,005810,8601.0,1.0,1,8601.0,
20260722,005830,22759.0,15.0,1,22759.0,
20260722,005850,8294.0,7.0,1,8294.0,
20260722,005880,501.0,5.0,1,501.0,
20260722,005930,46664.0,24.0,1,46664.0,
20260722,005940,4379.0,18.0,1,4379.0,
20260722,006040,7744.0,4.0,1,7744.0,
20260722,006110,159.0,,1,159.0,
20260722,006260,19188.0,11.0,1,19188.0,
20260722,006280,10432.0,11.0,1,10432.0,
20260722,006360,2527.0,18.0,1,2527.0,
20260722,006400,4502.0,23.0,1,4502.0,
20260722,006650,15056.0,6.0,1,15056.0,
20260722,006730,632.0,4.0,1,632.0,
20260722,006800,4598.0,17.0,1,4598.0,
20260722,007070,2426.0,13.0,1,2426.0,
20260722,007340,5980.0,1.0,1,5980.0,
20260722,007660,3600.0,12.0,1,3600.0,
20260722,007690,4568.0,1.0,1,4568.0,
20260722,007810,4392.0,3.0,1,4392.0,
20260722,008730,516.0,,1,516.0,
20260722,008770,2878.0,13.0,1,2878.0,
20260722,009150,17318.0,21.0,1,17318.0,
20260722,009240,1152.0,6.0,1,1152.0,
20260722,009420,4.0,7.0,1,4.0,
20260722,009450,11851.0,2.0,1,11851.0,
20260722,009540,50230.0,15.0,1,50230.0,
20260722,009830,2174.0,12.0,1,2174.0,
20260722,009900,1534.0,1.0,1,1534.0,
20260722,010060,11003.0,8.0,1,11003.0,
20260722,010120,3443.0,15.0,1,3443.0,
20260722,010130,63002.0,4.0,1,63002.0,
20260722,010140,1145.0,20.0,1,1145.0,
20260722,010690,2520.0,1.0,1,2520.0,
20260722,010780,4901.0,5.0,1,4901.0,
20260722,010950,20978.0,17.0,1,20978.0,
20260722,011070,36690.0,21.0,1,36690.0,
20260722,011200,1604.0,12.0,1,1604.0,
20260722,011210,5252.0,12.0,1,5252.0,
20260722,011560,4622.0,1.0,1,4622.0,
20260722,011760,7017.0,3.0,1,7017.0,
20260722,011780,15121.0,13.0,1,15121.0,
20260722,011930,735.0,1.0,1,735.0,
20260722,012210,353.0,,1,353.0,
20260722,012330,45695.0,25.0,1,45695.0,
20260722,012450,42222.0,18.0,1,42222.0,
20260722,012630,3783.0,1.0,1,3783.0,
20260722,0126Z0,10437.0,3.0,1,10437.0,
20260722,012750,4175.0,4.0,1,4175.0,
20260722,013030,4754.0,1.0,1,4754.0,
20260722,013120,286.0,1.0,1,286.0,
20260722,013580,11757.0,1.0,1,11757.0,
20260722,014620,1569.0,3.0,1,1569.0,
20260722,014680,15470.0,8.0,1,15470.0,
20260722,014790,1081.0,3.0,1,1081.0,
20260722,014830,12858.0,5.0,1,12858.0,
20260722,015760,9070.0,14.0,1,9070.0,
20260722,016360,19653.0,18.0,1,19653.0,
20260722,016380,1383.0,3.0,1,1383.0,
20260722,016580,1108.0,1.0,1,1108.0,
20260722,017670,5823.0,19.0,1,5823.0,
20260722,017800,4221.0,1.0,1,4221.0,
20260722,017810,1284.0,2.0,1,1284.0,
20260722,017940,31166.0,1.0,1,31166.0,
20260722,017960,2256.0,3.0,1,2256.0,
20260722,018250,,,0,,
20260722,018260,9241.0,11.0,1,9241.0,
20260722,018290,1631.0,1.0,1,1631.0,
20260722,018670,54884.0,5.0,1,54884.0,
20260722,018880,238.0,17.0,1,238.0,
20260722,020000,3855.0,5.0,1,3855.0,
20260722,021240,10116.0,3.0,1,10116.0,
20260722,021320,1869.0,1.0,1,1869.0,
20260722,023160,1888.0,2.0,1,1888.0,
20260722,023530,13518.0,15.0,1,13518.0,
20260722,024110,3507.0,15.0,1,3507.0,
20260722,025320,105.0,,1,105.0,
20260722,025540,11854.0,1.0,1,11854.0,
20260722,027410,648.0,1.0,1,648.0,
20260722,028050,3590.0,20.0,1,3590.0,
20260722,028260,16085.0,13.0,1,16085.0,
20260722,028670,756.0,13.0,1,756.0,
20260722,029780,5576.0,4.0,1,5576.0,
20260722,030000,1942.0,11.0,1,1942.0,
20260722,030190,1591.0,1.0,1,1591.0,
20260722,030200,5690.0,18.0,1,5690.0,
20260722,030520,1747.0,3.0,1,1747.0,
20260722,031430,1554.0,6.0,1,1554.0,
20260722,031980,6303.0,5.0,1,6303.0,
20260722,032350,935.0,12.0,1,935.0,
20260722,032500,48.0,1.0,1,48.0,
20260722,032640,1695.0,18.0,1,1695.0,
20260722,032830,14346.0,14.0,1,14346.0,
20260722,033240,3878.0,1.0,1,3878.0,
20260722,033270,2808.0,2.0,1,2808.0,
20260722,033500,2568.0,1.0,1,2568.0,
20260722,033530,,,0,,
20260722,033640,230.0,1.0,1,230.0,
20260722,033780,12076.0,14.0,1,12076.0,
20260722,034020,465.0,15.0,1,465.0,
20260722,034120,249.0,6.0,1,249.0,
20260722,034220,642.0,8.0,1,642.0,
20260722,034230,1006.0,12.0,1,1006.0,
20260722,034730,125347.0,13.0,1,125347.0,
20260722,035150,2311.0,1.0,1,2311.0,
20260722,035250,1388.0,10.0,1,1388.0,
20260722,035420,11976.0,21.0,1,11976.0,
20260722,035600,2141.0,2.0,1,2141.0,
20260722,035720,1556.0,16.0,1,1556.0,
20260722,035760,2159.0,13.0,1,2159.0,
20260722,035900,3802.0,18.0,1,3802.0,
20260722,036010,722.0,,1,722.0,
20260722,036200,,,0,,
20260722,036460,10764.0,8.0,1,10764.0,
20260722,036530,8710.0,1.0,1,8710.0,
20260722,036540,38.0,2.0,1,38.0,
20260722,036570,21775.0,17.0,1,21775.0,
20260722,036620,512.0,3.0,1,512.0,
20260722,036800,5290.0,2.0,1,5290.0,
20260722,036810,,,0,,
20260722,036890,1589.0,,1,1589.0,
20260722,036930,1255.0,2.0,1,1255.0,
20260722,037030,915.0,,1,915.0,
20260722,037560,256.0,3.0,1,256.0,
20260722,039030,10041.0,2.0,1,10041.0,
20260722,039130,3424.0,6.0,1,3424.0,
20260722,039200,,,0,,
20260722,039440,4901.0,1.0,1,4901.0,
20260722,039490,65925.0,17.0,1,65925.0,
20260722,039570,1271.0,1.0,1,1271.0,
20260722,039830,3396.0,,1,3396.0,
20260722,039840,1706.0,1.0,1,1706.0,
20260722,041510,5743.0,18.0,1,5743.0,
20260722,041830,3568.0,2.0,1,3568.0,
20260722,041920,1048.0,1.0,1,1048.0,
20260722,042000,1632.0,1.0,1,1632.0,
20260722,042520,1085.0,1.0,1,1085.0,
20260722,042660,5372.0,21.0,1,5372.0,
20260722,042700,3627.0,1.0,1,3627.0,
20260722,043150,3277.0,4.0,1,3277.0,
20260722,043260,4021.0,2.0,1,4021.0,
20260722,044490,1473.0,1.0,1,1473.0,
20260722,046440,889.0,1.0,1,889.0,
20260722,047040,1200.0,11.0,1,1200.0,
20260722,047050,5046.0,14.0,1,5046.0,
20260722,047810,3345.0,16.0,1,3345.0,
20260722,049070,1664.0,1.0,1,1664.0,
20260722,050890,695.0,3.0,1,695.0,
20260722,051370,1237.0,1.0,1,1237.0,
20260722,051500,4575.0,6.0,1,4575.0,
20260722,051600,3498.0,11.0,1,3498.0,
20260722,051900,11296.0,13.0,1,11296.0,
20260722,052400,7251.0,1.0,1,7251.0,
20260722,052690,1704.0,11.0,1,1704.0,
20260722,052710,530.0,2.0,1,530.0,
20260722,053210,462.0,5.0,1,462.0,
20260722,053610,6365.0,,1,6365.0,
20260722,053690,2099.0,2.0,1,2099.0,
20260722,054450,1061.0,1.0,1,1061.0,
20260722,054950,2859.0,3.0,1,2859.0,
20260722,055550,12005.0,19.0,1,12005.0,
20260722,056090,146.0,,1,146.0,
20260722,056190,2333.0,2.0,1,2333.0,
20260722,058430,408.0,2.0,1,408.0,
20260722,058470,2437.0,5.0,1,2437.0,
20260722,058610,920.0,2.0,1,920.0,
20260722,058650,19337.0,1.0,1,19337.0,
20260722,058970,146.0,1.0,1,146.0,
20260722,059210,613.0,,1,613.0,
20260722,060250,1424.0,4.0,1,1424.0,
20260722,060370,459.0,1.0,1,459.0,
20260722,060720,956.0,2.0,1,956.0,
20260722,060980,6070.0,3.0,1,6070.0,
20260722,061090,5706.0,1.0,1,5706.0,
20260722,062040,6778.0,8.0,1,6778.0,
20260722,063570,419.0,1.0,1,419.0,
20260722,064290,445.0,2.0,1,445.0,
20260722,064350,8651.0,19.0,1,8651.0,
20260722,064400,4931.0,9.0,1,4931.0,
20260722,064760,9770.0,5.0,1,9770.0,
20260722,064850,2209.0,,1,2209.0,
20260722,064960,3812.0,5.0,1,3812.0,
20260722,066570,12296.0,20.0,1,12296.0,
20260722,066980,21.0,,1,21.0,
20260722,067160,8217.0,7.0,1,8217.0,
20260722,067310,2440.0,4.0,1,2440.0,
20260722,068270,6389.0,18.0,1,6389.0,
20260722,068930,1012.0,1.0,1,1012.0,
20260722,069080,1078.0,2.0,1,1078.0,
20260722,069260,1799.0,2.0,1,1799.0,
20260722,069620,15957.0,11.0,1,15957.0,
20260722,069960,12995.0,18.0,1,12995.0,
20260722,070960,104.0,1.0,1,104.0,
20260722,071050,46408.0,16.0,1,46408.0,
20260722,071320,20089.0,2.0,1,20089.0,
20260722,071970,3730.0,6.0,1,3730.0,
20260722,073240,1405.0,10.0,1,1405.0,
20260722,073490,2538.0,1.0,1,2538.0,
20260722,074600,2440.0,2.0,1,2440.0,
20260722,075580,,,0,,
20260722,077360,341.0,2.0,1,341.0,
20260722,077970,2030.0,3.0,1,2030.0,
20260722,078340,1430.0,5.0,1,1430.0,
20260722,078600,1078.0,2.0,1,1078.0,
20260722,078930,16872.0,5.0,1,16872.0,
20260722,079430,412.0,3.0,1,412.0,
20260722,079550,16836.0,18.0,1,16836.0,
20260722,079900,2285.0,2.0,1,2285.0,
20260722,080160,307.0,1.0,1,307.0,
20260722,080580,1002.0,1.0,1,1002.0,
20260722,081660,5067.0,9.0,1,5067.0,
20260722,082740,2462.0,8.0,1,2462.0,
20260722,082920,1700.0,2.0,1,1700.0,
20260722,083450,3505.0,,1,3505.0,
20260722,083500,1669.0,3.0,1,1669.0,
20260722,083650,2556.0,3.0,1,2556.0,
20260722,084010,495.0,1.0,1,495.0,
20260722,084370,4060.0,3.0,1,4060.0,
20260722,084850,185.0,,1,185.0,
20260722,085910,819.0,1.0,1,819.0,
20260722,086280,22681.0,17.0,1,22681.0,
20260722,086390,961.0,2.0,1,961.0,
20260722,086450,1988.0,1.0,1,1988.0,
20260722,086790,16284.0,20.0,1,16284.0,
20260722,086900,3553.0,2.0,1,3553.0,
20260722,088350,950.0,12.0,1,950.0,
20260722,088980,710.0,2.0,1,710.0,
20260722,089010,2018.0,2.0,1,2018.0,
20260722,089030,1927.0,,1,1927.0,
20260722,089600,1573.0,3.0,1,1573.0,
20260722,089860,4223.0,9.0,1,4223.0,
20260722,089970,3354.0,3.0,1,3354.0,
20260722,089980,475.0,1.0,1,475.0,
20260722,090430,5176.0,18.0,1,5176.0,
20260722,090460,2798.0,10.0,1,2798.0,
20260722,091580,1399.0,1.0,1,1399.0,
20260722,091700,678.0,2.0,1,678.0,
20260722,092130,1146.0,1.0,1,1146.0,
20260722,092730,1757.0,1.0,1,1757.0,
20260722,092870,1383.0,,1,1383.0,
20260722,093370,206.0,1.0,1,206.0,
20260722,093520,2120.0,1.0,1,2120.0,
20260722,094170,478.0,,1,478.0,
20260722,094360,452.0,2.0,1,452.0,
20260722,094840,1570.0,,1,1570.0,
20260722,095340,4263.0,7.0,1,4263.0,
20260722,095570,501.0,3.0,1,501.0,
20260722,095610,5196.0,8.0,1,5196.0,
20260722,095660,1969.0,10.0,1,1969.0,
20260722,096530,1748.0,2.0,1,1748.0,
20260722,096770,13181.0,13.0,1,13181.0,
20260722,097230,1750.0,1.0,1,1750.0,
20260722,097520,2442.0,3.0,1,2442.0,
20260722,097950,23871.0,13.0,1,23871.0,
20260722,098070,3201.0,,1,3201.0,
20260722,098460,720.0,6.0,1,720.0,
20260722,099190,103.0,2.0,1,103.0,
20260722,099320,995.0,1.0,1,995.0,
20260722,099430,448.0,1.0,1,448.0,
20260722,100090,719.0,6.0,1,719.0,
20260722,100120,3562.0,3.0,1,3562.0,
20260722,100840,5295.0,2.0,1,5295.0,
20260722,102710,4140.0,2.0,1,4140.0,
20260722,103140,8995.0,10.0,1,8995.0,
20260722,103590,3352.0,3.0,1,3352.0,
20260722,104700,219.0,1.0,1,219.0,
20260722,104830,4878.0,2.0,1,4878.0,
20260722,105560,18271.0,19.0,1,18271.0,
20260722,105630,1308.0,9.0,1,1308.0,
20260722,105840,797.0,1.0,1,797.0,
20260722,107640,631.0,1.0,1,631.0,
20260722,108320,3935.0,1.0,1,3935.0,
20260722,108380,2728.0,1.0,1,2728.0,
20260722,108490,408.0,6.0,1,408.0,
20260722,108670,6614.0,5.0,1,6614.0,
20260722,111770,13201.0,9.0,1,13201.0,
20260722,112040,1355.0,1.0,1,1355.0,
20260722,112610,4297.0,9.0,1,4297.0,
20260722,114090,995.0,11.0,1,995.0,
20260722,114810,1413.0,1.0,1,1413.0,
20260722,114840,1119.0,1.0,1,1119.0,
20260722,119610,1869.0,1.0,1,1869.0,
20260722,120110,6788.0,5.0,1,6788.0,
20260722,121600,735.0,1.0,1,735.0,
20260722,122450,739.0,,1,739.0,
20260722,122640,998.0,2.0,1,998.0,
20260722,122870,2852.0,19.0,1,2852.0,
20260722,122900,1256.0,1.0,1,1256.0,
20260722,123330,2654.0,,1,2654.0,
20260722,125210,691.0,1.0,1,691.0,
20260722,125490,201.0,2.0,1,201.0,
20260722,126340,281.0,1.0,1,281.0,
20260722,126700,1780.0,,1,1780.0,
20260722,126720,3850.0,1.0,1,3850.0,
20260722,128940,17988.0,17.0,1,17988.0,
20260722,131290,12087.0,3.0,1,12087.0,
20260722,131970,2185.0,7.0,1,2185.0,
20260722,138040,14254.0,4.0,1,14254.0,
20260722,138080,366.0,1.0,1,366.0,
20260722,138930,2693.0,17.0,1,2693.0,
20260722,139130,3098.0,16.0,1,3098.0,
20260722,139480,5218.0,9.0,1,5218.0,
20260722,140860,7371.0,6.0,1,7371.0,
20260722,142210,2496.0,,1,2496.0,
20260722,145020,14328.0,13.0,1,14328.0,
20260722,145720,7151.0,5.0,1,7151.0,
20260722,148150,287.0,1.0,1,287.0,
20260722,149950,585.0,1.0,1,585.0,
20260722,161390,10751.0,16.0,1,10751.0,
20260722,161890,7365.0,19.0,1,7365.0,
20260722,163730,481.0,,1,481.0,
20260722,166090,4050.0,1.0,1,4050.0,
20260722,170920,2262.0,1.0,1,2262.0,
20260722,171090,8257.0,3.0,1,8257.0,
20260722,175330,3922.0,16.0,1,3922.0,
20260722,178320,861.0,2.0,1,861.0,
20260722,178920,1755.0,4.0,1,1755.0,
20260722,181710,3488.0,9.0,1,3488.0,
20260722,183190,1074.0,2.0,1,1074.0,
20260722,183300,3173.0,2.0,1,3173.0,
20260722,185750,4564.0,8.0,1,4564.0,
20260722,187790,248.0,,1,248.0,
20260722,189300,3658.0,6.0,1,3658.0,
20260722,190510,1079.0,,1,1079.0,
20260722,192080,9200.0,13.0,1,9200.0,
20260722,192400,4330.0,1.0,1,4330.0,
20260722,192650,180.0,3.0,1,180.0,
20260722,192820,13166.0,18.0,1,13166.0,
20260722,194370,3753.0,1.0,1,3753.0,
20260722,195870,4392.0,10.0,1,4392.0,
20260722,195940,3391.0,11.0,1,3391.0,
20260722,196170,5002.0,4.0,1,5002.0,
20260722,200670,3939.0,2.0,1,3939.0,
20260722,200710,1549.0,2.0,1,1549.0,
20260722,204270,997.0,1.0,1,997.0,
20260722,204320,4134.0,19.0,1,4134.0,
20260722,204610,259.0,,1,259.0,
20260722,207940,42235.0,19.0,1,42235.0,
20260722,211050,,,0,,
20260722,213420,3132.0,7.0,1,3132.0,
20260722,213500,1311.0,2.0,1,1311.0,
20260722,214150,2689.0,15.0,1,2689.0,
20260722,214180,3075.0,2.0,1,3075.0,
20260722,214320,2837.0,9.0,1,2837.0,
20260722,214420,665.0,1.0,1,665.0,
20260722,214430,2600.0,,1,2600.0,
20260722,214450,19017.0,15.0,1,19017.0,
20260722,215000,8366.0,2.0,1,8366.0,
20260722,215200,8992.0,1.0,1,8992.0,
20260722,217590,249.0,,1,249.0,
20260722,218410,1665.0,5.0,1,1665.0,
20260722,219130,3310.0,,1,3310.0,
20260722,222040,923.0,1.0,1,923.0,
20260722,222800,3968.0,8.0,1,3968.0,
20260722,228850,1046.0,2.0,1,1046.0,
20260722,229640,1744.0,7.0,1,1744.0,
20260722,230240,1116.0,2.0,1,1116.0,
20260722,232140,424.0,4.0,1,424.0,
20260722,234080,1730.0,1.0,1,1730.0,
20260722,234340,1532.0,2.0,1,1532.0,
20260722,236200,5746.0,1.0,1,5746.0,
20260722,237690,3453.0,14.0,1,3453.0,
20260722,237880,1144.0,2.0,1,1144.0,
20260722,240810,3544.0,6.0,1,3544.0,
20260722,241560,5496.0,7.0,1,5496.0,
20260722,241590,407.0,4.0,1,407.0,
20260722,241710,6455.0,10.0,1,6455.0,
20260722,243840,304.0,2.0,1,304.0,
20260722,244920,,,0,,
20260722,247540,387.0,19.0,1,387.0,
20260722,248070,1022.0,5.0,1,1022.0,
20260722,251270,4898.0,14.0,1,4898.0,
20260722,251970,3647.0,3.0,1,3647.0,
20260722,252990,546.0,,1,546.0,
20260722,253450,1236.0,11.0,1,1236.0,
20260722,257720,3428.0,8.0,1,3428.0,
20260722,259630,1781.0,,1,1781.0,
20260722,259960,23790.0,18.0,1,23790.0,
20260722,263750,5726.0,9.0,1,5726.0,
20260722,263860,1267.0,,1,1267.0,
20260722,264660,1708.0,,1,1708.0,
20260722,267250,30580.0,5.0,1,30580.0,
20260722,267260,26974.0,14.0,1,26974.0,
20260722,267270,11059.0,6.0,1,11059.0,
20260722,271560,12153.0,14.0,1,12153.0,
20260722,272210,1047.0,13.0,1,1047.0,
20260722,272290,2869.0,1.0,1,2869.0,
20260722,277810,773.0,1.0,1,773.0,
20260722,278470,15081.0,19.0,1,15081.0,
20260722,279570,317.0,2.0,1,317.0,
20260722,280360,12588.0,11.0,1,12588.0,
20260722,281820,6467.0,1.0,1,6467.0,
20260722,282330,13077.0,14.0,1,13077.0,
20260722,282720,74.0,1.0,1,74.0,
20260722,282880,1334.0,1.0,1,1334.0,
20260722,285130,7719.0,2.0,1,7719.0,
20260722,286940,1719.0,2.0,1,1719.0,
20260722,290550,1800.0,1.0,1,1800.0,
20260722,290650,881.0,,1,881.0,
20260722,293480,1232.0,1.0,1,1232.0,
20260722,294570,2140.0,,1,2140.0,
20260722,294870,5555.0,14.0,1,5555.0,
20260722,295310,1208.0,1.0,1,1208.0,
20260722,297090,,,0,,
20260722,298020,49102.0,4.0,1,49102.0,
20260722,298040,82787.0,14.0,1,82787.0,
20260722,298050,14674.0,5.0,1,14674.0,
20260722,299030,1226.0,,1,1226.0,
20260722,300720,952.0,2.0,1,952.0,
20260722,306200,20696.0,5.0,1,20696.0,
20260722,307950,7488.0,16.0,1,7488.0,
20260722,316140,4295.0,20.0,1,4295.0,
20260722,317400,1448.0,1.0,1,1448.0,
20260722,319400,,,0,,
20260722,319660,5285.0,7.0,1,5285.0,
20260722,322000,8134.0,2.0,1,8134.0,
20260722,322310,,,0,,
20260722,323410,1252.0,12.0,1,1252.0,
20260722,326030,4230.0,11.0,1,4230.0,
20260722,327260,1288.0,2.0,1,1288.0,
20260722,329180,29581.0,21.0,1,29581.0,
20260722,330860,1428.0,2.0,1,1428.0,
20260722,336370,1326.0,3.0,1,1326.0,
20260722,336570,525.0,1.0,1,525.0,
20260722,339770,416.0,1.0,1,416.0,
20260722,340450,262.0,,1,262.0,
20260722,340570,6801.0,3.0,1,6801.0,
20260722,347700,916.0,1.0,1,916.0,
20260722,348210,1887.0,3.0,1,1887.0,
20260722,352480,1343.0,,1,1343.0,
20260722,352820,4650.0,20.0,1,4650.0,
20260722,353200,4092.0,14.0,1,4092.0,
20260722,353810,,,0,,
20260722,354320,1200.0,1.0,1,1200.0,
20260722,355150,981.0,,1,981.0,
20260722,356860,1969.0,8.0,1,1969.0,
20260722,357780,18871.0,8.0,1,18871.0,
20260722,361390,229.0,1.0,1,229.0,
20260722,375500,10554.0,18.0,1,10554.0,
20260722,376270,1736.0,1.0,1,1736.0,
20260722,376300,1732.0,13.0,1,1732.0,
20260722,377300,878.0,5.0,1,878.0,
20260722,381970,1035.0,3.0,1,1035.0,
20260722,382800,754.0,,1,754.0,
20260722,383220,12855.0,10.0,1,12855.0,
20260722,383310,1333.0,1.0,1,1333.0,
20260722,383800,1955.0,2.0,1,1955.0,
20260722,388050,540.0,,1,540.0,
20260722,388210,6319.0,3.0,1,6319.0,
20260722,402340,296239.0,7.0,1,296239.0,
20260722,403550,83.0,1.0,1,83.0,
20260722,403870,1440.0,6.0,1,1440.0,
20260722,405100,1008.0,1.0,1,1008.0,
20260722,413630,124.0,,1,124.0,
20260722,415640,,,0,,
20260722,417840,1231.0,1.0,1,1231.0,
20260722,419530,2869.0,2.0,1,2869.0,
20260722,420770,1599.0,3.0,1,1599.0,
20260722,425040,,,0,,
20260722,425420,2620.0,,1,2620.0,
20260722,439260,7903.0,5.0,1,7903.0,
20260722,440110,1817.0,1.0,1,1817.0,
20260722,441270,610.0,,1,610.0,
20260722,443060,8001.0,10.0,1,8001.0,
20260722,445090,549.0,,1,549.0,
20260722,450950,245.0,2.0,1,245.0,
20260722,451760,457.0,1.0,1,457.0,
20260722,452430,419.0,1.0,1,419.0,
20260722,453340,3489.0,3.0,1,3489.0,
20260722,453450,768.0,,1,768.0,
20260722,454910,108.0,1.0,1,108.0,
20260722,456010,7.0,1.0,1,7.0,
20260722,456040,13140.0,3.0,1,13140.0,
20260722,458870,1537.0,5.0,1,1537.0,
20260722,460860,794.0,3.0,1,794.0,
20260722,462870,2176.0,9.0,1,2176.0,
20260722,473980,,,0,,
20260722,474170,87.0,1.0,1,87.0,
20260722,475150,880.0,4.0,1,880.0,
20260722,475430,560.0,,1,560.0,
20260722,475960,37.0,1.0,1,37.0,
20260722,476060,609.0,2.0,1,609.0,
20260722,482630,1028.0,2.0,1,1028.0,
20260722,483650,10262.0,12.0,1,10262.0,
20260722,484590,,,0,,
20260722,488280,148.0,,1,148.0,
20260722,489500,1479.0,,1,1479.0,
20260722,489790,2712.0,3.0,1,2712.0,
20260722,499790,2723.0,6.0,1,2723.0,
20260723,000080,1404.0,6.0,1,1404.0,
20260723,000100,1837.0,12.0,1,1837.0,
20260723,000120,10264.0,10.0,1,10264.0,
20260723,000150,20160.0,13.0,1,20160.0,
20260723,000210,10121.0,2.0,1,10121.0,
20260723,000240,,,0,,
20260723,000270,21682.0,23.0,1,21682.0,
20260723,000370,2152.0,7.0,1,2152.0,
20260723,000640,10397.0,1.0,1,10397.0,
20260723,000660,314787.0,24.0,1,314787.0,
20260723,000720,4762.0,21.0,1,4762.0,
20260723,0007C0,,,0,,
20260723,000810,46428.0,16.0,1,46428.0,
20260723,000880,9573.0,9.0,1,9573.0,
20260723,0008Z0,2119.0,1.0,1,2119.0,
20260723,000990,8413.0,3.0,1,8413.0,
20260723,001040,10171.0,9.0,1,10171.0,
20260723,001120,7840.0,6.0,1,7840.0,
20260723,0011A0,870.0,,1,870.0,
20260723,001230,179.0,1.0,1,179.0,
20260723,001250,246.0,1.0,1,246.0,
20260723,001340,229.0,1.0,1,229.0,
20260723,001430,2674.0,8.0,1,2674.0,
20260723,001440,496.0,6.0,1,496.0,
20260723,001450,,15.0,0,,
20260723,001530,657.0,1.0,1,657.0,
20260723,001680,2694.0,2.0,1,2694.0,
20260723,001740,395.0,4.0,1,395.0,
20260723,001940,988.0,1.0,1,988.0,
20260723,002020,4976.0,1.0,1,4976.0,
20260723,002320,-2390.0,1.0,0,-2390.0,
20260723,002350,1517.0,13.0,1,1517.0,
20260723,002380,186890.0,5.0,1,186890.0,
20260723,002990,1469.0,2.0,1,1469.0,
20260723,003030,22926.0,2.0,1,22926.0,
20260723,003070,2293.0,1.0,1,2293.0,
20260723,003160,1424.0,2.0,1,1424.0,
20260723,003220,736.0,3.0,1,736.0,
20260723,003230,74865.0,14.0,1,74865.0,
20260723,003490,930.0,11.0,1,930.0,
20260723,003540,4388.0,3.0,1,4388.0,
20260723,003550,7532.0,12.0,1,7532.0,
20260723,003570,2734.0,1.0,1,2734.0,
20260723,003670,275.0,19.0,1,275.0,
20260723,003850,772.0,1.0,1,772.0,
20260723,004000,7141.0,7.0,1,7141.0,
20260723,004020,1048.0,16.0,1,1048.0,
20260723,004170,40881.0,18.0,1,40881.0,
20260723,004370,32038.0,13.0,1,32038.0,
20260723,004690,37548.0,1.0,1,37548.0,
20260723,004800,19215.0,3.0,1,19215.0,
20260723,004990,897.0,4.0,1,897.0,
20260723,005070,60.0,1.0,1,60.0,
20260723,005090,1716.0,3.0,1,1716.0,
20260723,005180,8570.0,,1,8570.0,
20260723,005300,10473.0,10.0,1,10473.0,
20260723,005380,38663.0,25.0,1,38663.0,
20260723,005440,1850.0,4.0,1,1850.0,
20260723,005490,22008.0,18.0,1,22008.0,
20260723,005500,1719.0,1.0,1,1719.0,
20260723,005690,914.0,3.0,1,914.0,
20260723,005810,8601.0,1.0,1,8601.0,
20260723,005830,22759.0,15.0,1,22759.0,
20260723,005850,8294.0,7.0,1,8294.0,
20260723,005880,501.0,5.0,1,501.0,
20260723,005930,46664.0,24.0,1,46664.0,
20260723,005940,4430.0,18.0,1,4430.0,
20260723,006040,7744.0,4.0,1,7744.0,
20260723,006110,159.0,,1,159.0,
20260723,006260,19188.0,11.0,1,19188.0,
20260723,006280,13770.0,13.0,1,13770.0,
20260723,006360,2530.0,18.0,1,2530.0,
20260723,006400,4511.0,23.0,1,4511.0,
20260723,006650,14422.0,5.0,1,14422.0,
20260723,006730,651.0,3.0,1,651.0,
20260723,006800,4652.0,17.0,1,4652.0,
20260723,007070,2426.0,13.0,1,2426.0,
20260723,007340,5980.0,1.0,1,5980.0,
20260723,007660,3600.0,12.0,1,3600.0,
20260723,007690,4568.0,1.0,1,4568.0,
20260723,007810,4392.0,3.0,1,4392.0,
20260723,008730,516.0,,1,516.0,
20260723,008770,2878.0,13.0,1,2878.0,
20260723,009150,17318.0,21.0,1,17318.0,
20260723,009240,1152.0,6.0,1,1152.0,
20260723,009420,4.0,7.0,1,4.0,
20260723,009450,11851.0,2.0,1,11851.0,
20260723,009540,50230.0,15.0,1,50230.0,
20260723,009830,2174.0,12.0,1,2174.0,
20260723,009900,1534.0,1.0,1,1534.0,
20260723,010060,11003.0,8.0,1,11003.0,
20260723,010120,3523.0,10.0,1,3523.0,
20260723,010130,63002.0,4.0,1,63002.0,
20260723,010140,1145.0,20.0,1,1145.0,
20260723,010690,2520.0,1.0,1,2520.0,
20260723,010780,4901.0,5.0,1,4901.0,
20260723,010950,20978.0,17.0,1,20978.0,
20260723,011070,36690.0,21.0,1,36690.0,
20260723,011200,1665.0,12.0,1,1665.0,
20260723,011210,5252.0,12.0,1,5252.0,
20260723,011560,4622.0,1.0,1,4622.0,
20260723,011760,7017.0,3.0,1,7017.0,
20260723,011780,15121.0,13.0,1,15121.0,
20260723,011930,735.0,1.0,1,735.0,
20260723,012210,353.0,,1,353.0,
20260723,012330,45649.0,25.0,1,45649.0,
20260723,012450,42222.0,18.0,1,42222.0,
20260723,012630,3783.0,1.0,1,3783.0,
20260723,0126Z0,10437.0,3.0,1,10437.0,
20260723,012750,4175.0,4.0,1,4175.0,
20260723,013030,4754.0,1.0,1,4754.0,
20260723,013120,286.0,1.0,1,286.0,
20260723,013580,11757.0,1.0,1,11757.0,
20260723,014620,1569.0,3.0,1,1569.0,
20260723,014680,15383.0,7.0,1,15383.0,
20260723,014790,1081.0,3.0,1,1081.0,
20260723,014830,12323.0,5.0,1,12323.0,
20260723,015760,9070.0,14.0,1,9070.0,
20260723,016360,19653.0,18.0,1,19653.0,
20260723,016380,1383.0,3.0,1,1383.0,
20260723,016580,1108.0,1.0,1,1108.0,
20260723,017670,5823.0,19.0,1,5823.0,
20260723,017800,4221.0,1.0,1,4221.0,
20260723,017810,1284.0,2.0,1,1284.0,
20260723,017940,31166.0,1.0,1,31166.0,
20260723,017960,2256.0,3.0,1,2256.0,
20260723,018250,,,0,,
20260723,018260,9241.0,11.0,1,9241.0,
20260723,018290,1631.0,1.0,1,1631.0,
20260723,018670,54884.0,5.0,1,54884.0,
20260723,018880,238.0,17.0,1,238.0,
20260723,020000,3855.0,5.0,1,3855.0,
20260723,021240,10116.0,3.0,1,10116.0,
20260723,021320,1869.0,1.0,1,1869.0,
20260723,023160,1888.0,2.0,1,1888.0,
20260723,023530,13518.0,15.0,1,13518.0,
20260723,024110,3507.0,15.0,1,3507.0,
20260723,025320,105.0,,1,105.0,
20260723,025540,11854.0,1.0,1,11854.0,
20260723,025560,,,0,,
20260723,027410,648.0,1.0,1,648.0,
20260723,028050,3590.0,20.0,1,3590.0,
20260723,028260,16085.0,13.0,1,16085.0,
20260723,028670,756.0,13.0,1,756.0,
20260723,029780,5576.0,4.0,1,5576.0,
20260723,030000,1942.0,11.0,1,1942.0,
20260723,030190,1591.0,1.0,1,1591.0,
20260723,030200,5690.0,18.0,1,5690.0,
20260723,030520,1747.0,3.0,1,1747.0,
20260723,031430,1554.0,6.0,1,1554.0,
20260723,031980,6303.0,5.0,1,6303.0,
20260723,032350,909.0,11.0,1,909.0,
20260723,032500,48.0,1.0,1,48.0,
20260723,032640,1695.0,18.0,1,1695.0,
20260723,032830,14346.0,14.0,1,14346.0,
20260723,033240,3878.0,1.0,1,3878.0,
20260723,033270,2808.0,2.0,1,2808.0,
20260723,033500,2568.0,1.0,1,2568.0,
20260723,033530,,,0,,
20260723,033640,230.0,1.0,1,230.0,
20260723,033780,12070.0,14.0,1,12070.0,
20260723,034020,465.0,15.0,1,465.0,
20260723,034120,249.0,6.0,1,249.0,
20260723,034220,642.0,8.0,1,642.0,
20260723,034230,990.0,11.0,1,990.0,
20260723,034730,125347.0,13.0,1,125347.0,
20260723,035150,2311.0,1.0,1,2311.0,
20260723,035250,1388.0,10.0,1,1388.0,
20260723,035420,11976.0,21.0,1,11976.0,
20260723,035600,2141.0,2.0,1,2141.0,
20260723,035720,1556.0,16.0,1,1556.0,
20260723,035760,2102.0,13.0,1,2102.0,
20260723,035900,3749.0,18.0,1,3749.0,
20260723,036010,722.0,,1,722.0,
20260723,036200,,,0,,
20260723,036460,10764.0,8.0,1,10764.0,
20260723,036530,8710.0,1.0,1,8710.0,
20260723,036540,38.0,2.0,1,38.0,
20260723,036570,21677.0,17.0,1,21677.0,
20260723,036620,512.0,2.0,1,512.0,
20260723,036800,5290.0,2.0,1,5290.0,
20260723,036810,,,0,,
20260723,036890,1589.0,,1,1589.0,
20260723,036930,1255.0,2.0,1,1255.0,
20260723,037030,915.0,,1,915.0,
20260723,037560,256.0,3.0,1,256.0,
20260723,039030,10041.0,2.0,1,10041.0,
20260723,039130,3499.0,5.0,1,3499.0,
20260723,039200,,,0,,
20260723,039440,4901.0,1.0,1,4901.0,
20260723,039490,65925.0,17.0,1,65925.0,
20260723,039570,1271.0,1.0,1,1271.0,
20260723,039830,3396.0,,1,3396.0,
20260723,039840,1706.0,1.0,1,1706.0,
20260723,041510,5743.0,18.0,1,5743.0,
20260723,041830,3568.0,2.0,1,3568.0,
20260723,041920,1048.0,1.0,1,1048.0,
20260723,042000,1632.0,1.0,1,1632.0,
20260723,042520,1085.0,1.0,1,1085.0,
20260723,042660,5372.0,21.0,1,5372.0,
20260723,042700,3627.0,1.0,1,3627.0,
20260723,043150,3277.0,4.0,1,3277.0,
20260723,043260,4021.0,2.0,1,4021.0,
20260723,044490,1473.0,1.0,1,1473.0,
20260723,046440,889.0,1.0,1,889.0,
20260723,047040,1200.0,12.0,1,1200.0,
20260723,047050,5046.0,14.0,1,5046.0,
20260723,047810,3345.0,16.0,1,3345.0,
20260723,049070,1664.0,1.0,1,1664.0,
20260723,050890,695.0,3.0,1,695.0,
20260723,051370,1237.0,1.0,1,1237.0,
20260723,051500,4575.0,6.0,1,4575.0,
20260723,051600,3498.0,11.0,1,3498.0,
20260723,051900,11296.0,13.0,1,11296.0,
20260723,052400,7251.0,1.0,1,7251.0,
20260723,052690,1704.0,11.0,1,1704.0,
20260723,052710,530.0,2.0,1,530.0,
20260723,053210,462.0,5.0,1,462.0,
20260723,053610,6365.0,,1,6365.0,
20260723,053690,2099.0,2.0,1,2099.0,
20260723,054450,1061.0,1.0,1,1061.0,
20260723,054950,2859.0,3.0,1,2859.0,
20260723,055550,12005.0,19.0,1,12005.0,
20260723,056090,146.0,,1,146.0,
20260723,056190,2333.0,2.0,1,2333.0,
20260723,058430,408.0,2.0,1,408.0,
20260723,058470,2437.0,5.0,1,2437.0,
20260723,058610,920.0,2.0,1,920.0,
20260723,058650,19337.0,1.0,1,19337.0,
20260723,058970,146.0,1.0,1,146.0,
20260723,059210,613.0,,1,613.0,
20260723,060250,1424.0,4.0,1,1424.0,
20260723,060370,459.0,1.0,1,459.0,
20260723,060720,956.0,2.0,1,956.0,
20260723,060980,6070.0,3.0,1,6070.0,
20260723,061090,5706.0,1.0,1,5706.0,
20260723,062040,6778.0,8.0,1,6778.0,
20260723,063570,419.0,1.0,1,419.0,
20260723,064290,445.0,2.0,1,445.0,
20260723,064350,8651.0,19.0,1,8651.0,
20260723,064400,4931.0,9.0,1,4931.0,
20260723,064760,9718.0,5.0,1,9718.0,
20260723,064850,2191.0,,1,2191.0,
20260723,064960,3812.0,5.0,1,3812.0,
20260723,066570,12296.0,20.0,1,12296.0,
20260723,066980,21.0,,1,21.0,
20260723,067160,8217.0,7.0,1,8217.0,
20260723,067310,2440.0,4.0,1,2440.0,
20260723,068270,6389.0,18.0,1,6389.0,
20260723,068930,1012.0,1.0,1,1012.0,
20260723,069080,1078.0,2.0,1,1078.0,
20260723,069260,1799.0,2.0,1,1799.0,
20260723,069620,15957.0,11.0,1,15957.0,
20260723,069960,12995.0,18.0,1,12995.0,
20260723,070960,104.0,1.0,1,104.0,
20260723,071050,46408.0,16.0,1,46408.0,
20260723,071320,20089.0,2.0,1,20089.0,
20260723,071970,3730.0,6.0,1,3730.0,
20260723,073240,1405.0,10.0,1,1405.0,
20260723,073490,2538.0,1.0,1,2538.0,
20260723,074600,2440.0,2.0,1,2440.0,
20260723,075580,,,0,,
20260723,077360,341.0,2.0,1,341.0,
20260723,077970,2030.0,3.0,1,2030.0,
20260723,078340,1430.0,5.0,1,1430.0,
20260723,078600,1078.0,2.0,1,1078.0,
20260723,078930,16872.0,5.0,1,16872.0,
20260723,079430,412.0,3.0,1,412.0,
20260723,079550,16789.0,18.0,1,16789.0,
20260723,079900,2285.0,2.0,1,2285.0,
20260723,080160,307.0,1.0,1,307.0,
20260723,080580,1002.0,1.0,1,1002.0,
20260723,081660,5122.0,9.0,1,5122.0,
20260723,082740,2462.0,8.0,1,2462.0,
20260723,082920,1696.0,3.0,1,1696.0,
20260723,083450,3505.0,,1,3505.0,
20260723,083500,1669.0,3.0,1,1669.0,
20260723,083650,2556.0,3.0,1,2556.0,
20260723,084010,495.0,1.0,1,495.0,
20260723,084370,4060.0,3.0,1,4060.0,
20260723,084850,185.0,,1,185.0,
20260723,085910,819.0,1.0,1,819.0,
20260723,086280,22681.0,17.0,1,22681.0,
20260723,086390,961.0,2.0,1,961.0,
20260723,086450,1988.0,1.0,1,1988.0,
20260723,086790,16284.0,20.0,1,16284.0,
20260723,086900,3553.0,2.0,1,3553.0,
20260723,088350,950.0,12.0,1,950.0,
20260723,088980,710.0,2.0,1,710.0,
20260723,089010,2018.0,2.0,1,2018.0,
20260723,089030,1927.0,,1,1927.0,
20260723,089600,1573.0,3.0,1,1573.0,
20260723,089860,4239.0,10.0,1,4239.0,
20260723,089970,3354.0,3.0,1,3354.0,
20260723,089980,475.0,1.0,1,475.0,
20260723,090430,5176.0,18.0,1,5176.0,
20260723,090460,2798.0,10.0,1,2798.0,
20260723,091580,1399.0,1.0,1,1399.0,
20260723,091700,678.0,2.0,1,678.0,
20260723,092130,1146.0,1.0,1,1146.0,
20260723,092730,1757.0,1.0,1,1757.0,
20260723,092870,1383.0,,1,1383.0,
20260723,093370,206.0,1.0,1,206.0,
20260723,093520,2120.0,1.0,1,2120.0,
20260723,094170,478.0,,1,478.0,
20260723,094360,452.0,2.0,1,452.0,
20260723,094840,,,0,,
20260723,095340,4263.0,7.0,1,4263.0,
20260723,095570,501.0,3.0,1,501.0,
20260723,095610,5196.0,8.0,1,5196.0,
20260723,095660,1969.0,10.0,1,1969.0,
20260723,096530,1748.0,2.0,1,1748.0,
20260723,096770,13181.0,13.0,1,13181.0,
20260723,097230,1750.0,1.0,1,1750.0,
20260723,097520,2442.0,3.0,1,2442.0,
20260723,097950,23871.0,13.0,1,23871.0,
20260723,098070,3201.0,,1,3201.0,
20260723,098460,720.0,6.0,1,720.0,
20260723,099190,103.0,2.0,1,103.0,
20260723,099320,995.0,1.0,1,995.0,
20260723,099430,448.0,1.0,1,448.0,
20260723,100090,719.0,6.0,1,719.0,
20260723,100120,3562.0,3.0,1,3562.0,
20260723,100840,5295.0,2.0,1,5295.0,
20260723,102710,4532.0,2.0,1,4532.0,
20260723,103140,8995.0,10.0,1,8995.0,
20260723,103590,3352.0,3.0,1,3352.0,
20260723,104700,219.0,1.0,1,219.0,
20260723,104830,4878.0,2.0,1,4878.0,
20260723,105560,18271.0,19.0,1,18271.0,
20260723,105630,1308.0,9.0,1,1308.0,
20260723,105840,797.0,1.0,1,797.0,
20260723,107640,631.0,1.0,1,631.0,
20260723,108320,3935.0,1.0,1,3935.0,
20260723,108380,2728.0,1.0,1,2728.0,
20260723,108490,408.0,6.0,1,408.0,
20260723,108670,6614.0,5.0,1,6614.0,
20260723,111770,13201.0,9.0,1,13201.0,
20260723,112040,1355.0,1.0,1,1355.0,
20260723,112610,4297.0,9.0,1,4297.0,
20260723,114090,995.0,11.0,1,995.0,
20260723,114810,1413.0,1.0,1,1413.0,
20260723,114840,1119.0,1.0,1,1119.0,
20260723,119610,1869.0,1.0,1,1869.0,
20260723,120110,6788.0,5.0,1,6788.0,
20260723,121600,735.0,1.0,1,735.0,
20260723,122450,739.0,,1,739.0,
20260723,122640,998.0,2.0,1,998.0,
20260723,122870,2852.0,19.0,1,2852.0,
20260723,122900,1256.0,1.0,1,1256.0,
20260723,123330,2654.0,,1,2654.0,
20260723,125210,691.0,1.0,1,691.0,
20260723,125490,201.0,2.0,1,201.0,
20260723,126340,281.0,1.0,1,281.0,
20260723,126700,1780.0,,1,1780.0,
20260723,126720,3850.0,1.0,1,3850.0,
20260723,128940,17988.0,17.0,1,17988.0,
20260723,131290,12087.0,3.0,1,12087.0,
20260723,131970,2185.0,7.0,1,2185.0,
20260723,138040,14254.0,4.0,1,14254.0,
20260723,138080,366.0,1.0,1,366.0,
20260723,138930,2693.0,17.0,1,2693.0,
20260723,139130,3098.0,16.0,1,3098.0,
20260723,139480,5218.0,9.0,1,5218.0,
20260723,140860,7371.0,6.0,1,7371.0,
20260723,142210,2496.0,,1,2496.0,
20260723,145020,14328.0,13.0,1,14328.0,
20260723,145720,7151.0,5.0,1,7151.0,
20260723,148150,287.0,1.0,1,287.0,
20260723,149950,585.0,1.0,1,585.0,
20260723,161390,10751.0,16.0,1,10751.0,
20260723,161890,7365.0,19.0,1,7365.0,
20260723,163730,481.0,,1,481.0,
20260723,166090,3926.0,2.0,1,3926.0,
20260723,170920,2262.0,1.0,1,2262.0,
20260723,171090,8257.0,3.0,1,8257.0,
20260723,175330,3922.0,16.0,1,3922.0,
20260723,178320,861.0,2.0,1,861.0,
20260723,178920,1755.0,4.0,1,1755.0,
20260723,181710,3488.0,9.0,1,3488.0,
20260723,183190,1074.0,2.0,1,1074.0,
20260723,183300,3173.0,2.0,1,3173.0,
20260723,185750,4564.0,8.0,1,4564.0,
20260723,187790,248.0,,1,248.0,
20260723,189300,3658.0,6.0,1,3658.0,
20260723,190510,1079.0,,1,1079.0,
20260723,192080,9227.0,13.0,1,9227.0,
20260723,192400,4330.0,1.0,1,4330.0,
20260723,192650,180.0,3.0,1,180.0,
20260723,192820,13166.0,18.0,1,13166.0,
20260723,194370,3753.0,1.0,1,3753.0,
20260723,195870,4392.0,10.0,1,4392.0,
20260723,195940,3391.0,11.0,1,3391.0,
20260723,196170,5002.0,4.0,1,5002.0,
20260723,200670,3939.0,2.0,1,3939.0,
20260723,200710,1549.0,2.0,1,1549.0,
20260723,204270,997.0,1.0,1,997.0,
20260723,204320,4134.0,19.0,1,4134.0,
20260723,204610,259.0,,1,259.0,
20260723,207940,42235.0,19.0,1,42235.0,
20260723,211050,,,0,,
20260723,213420,3132.0,7.0,1,3132.0,
20260723,213500,1311.0,2.0,1,1311.0,
20260723,214150,2689.0,15.0,1,2689.0,
20260723,214180,3075.0,2.0,1,3075.0,
20260723,214320,2829.0,9.0,1,2829.0,
20260723,214420,665.0,1.0,1,665.0,
20260723,214430,2600.0,,1,2600.0,
20260723,214450,19017.0,15.0,1,19017.0,
20260723,215000,8366.0,2.0,1,8366.0,
20260723,215200,8992.0,1.0,1,8992.0,
20260723,217590,249.0,,1,249.0,
20260723,218410,1665.0,5.0,1,1665.0,
20260723,219130,3310.0,,1,3310.0,
20260723,222040,923.0,1.0,1,923.0,
20260723,222800,3968.0,8.0,1,3968.0,
20260723,228850,1046.0,2.0,1,1046.0,
20260723,229640,1730.0,6.0,1,1730.0,
20260723,230240,1116.0,2.0,1,1116.0,
20260723,232140,424.0,4.0,1,424.0,
20260723,234080,1730.0,1.0,1,1730.0,
20260723,234340,1532.0,2.0,1,1532.0,
20260723,236200,5984.0,1.0,1,5984.0,
20260723,237690,3453.0,14.0,1,3453.0,
20260723,237880,1144.0,2.0,1,1144.0,
20260723,240810,3544.0,6.0,1,3544.0,
20260723,241560,5496.0,7.0,1,5496.0,
20260723,241590,407.0,4.0,1,407.0,
20260723,241710,6455.0,10.0,1,6455.0,
20260723,243840,304.0,2.0,1,304.0,
20260723,244920,,,0,,
20260723,247540,387.0,19.0,1,387.0,
20260723,248070,1022.0,5.0,1,1022.0,
20260723,251270,4922.0,14.0,1,4922.0,
20260723,251970,3647.0,3.0,1,3647.0,
20260723,252990,546.0,,1,546.0,
20260723,253450,1221.0,11.0,1,1221.0,
20260723,257720,3447.0,7.0,1,3447.0,
20260723,259630,1781.0,,1,1781.0,
20260723,259960,23576.0,18.0,1,23576.0,
20260723,263750,5716.0,9.0,1,5716.0,
20260723,263860,1267.0,,1,1267.0,
20260723,264660,1708.0,,1,1708.0,
20260723,267250,30580.0,5.0,1,30580.0,
20260723,267260,26974.0,14.0,1,26974.0,
20260723,267270,11059.0,6.0,1,11059.0,
20260723,271560,12153.0,14.0,1,12153.0,
20260723,272210,1047.0,13.0,1,1047.0,
20260723,272290,2869.0,1.0,1,2869.0,
20260723,277810,773.0,1.0,1,773.0,
20260723,278470,15081.0,19.0,1,15081.0,
20260723,279570,317.0,2.0,1,317.0,
20260723,280360,12588.0,11.0,1,12588.0,
20260723,281820,6467.0,1.0,1,6467.0,
20260723,282330,13077.0,14.0,1,13077.0,
20260723,282720,74.0,1.0,1,74.0,
20260723,282880,1334.0,1.0,1,1334.0,
20260723,285130,7719.0,2.0,1,7719.0,
20260723,286940,1719.0,2.0,1,1719.0,
20260723,290550,1800.0,1.0,1,1800.0,
20260723,290650,881.0,,1,881.0,
20260723,293480,1232.0,1.0,1,1232.0,
20260723,294570,2140.0,,1,2140.0,
20260723,294870,5555.0,14.0,1,5555.0,
20260723,295310,1208.0,1.0,1,1208.0,
20260723,297090,,,0,,
20260723,298020,49102.0,4.0,1,49102.0,
20260723,298040,82787.0,14.0,1,82787.0,
20260723,298050,14674.0,5.0,1,14674.0,
20260723,299030,1226.0,,1,1226.0,
20260723,300720,952.0,2.0,1,952.0,
20260723,306200,23666.0,4.0,1,23666.0,
20260723,307950,7488.0,16.0,1,7488.0,
20260723,316140,4295.0,20.0,1,4295.0,
20260723,317400,1448.0,1.0,1,1448.0,
20260723,319400,,,0,,
20260723,319660,5285.0,7.0,1,5285.0,
20260723,322000,8134.0,2.0,1,8134.0,
20260723,322310,,,0,,
20260723,323410,1254.0,13.0,1,1254.0,
20260723,326030,4230.0,11.0,1,4230.0,
20260723,327260,1288.0,2.0,1,1288.0,
20260723,329180,29581.0,21.0,1,29581.0,
20260723,330860,1428.0,2.0,1,1428.0,
20260723,336370,1326.0,3.0,1,1326.0,
20260723,336570,525.0,1.0,1,525.0,
20260723,339770,416.0,1.0,1,416.0,
20260723,340450,262.0,,1,262.0,
20260723,340570,6801.0,3.0,1,6801.0,
20260723,347700,916.0,1.0,1,916.0,
20260723,348210,1887.0,3.0,1,1887.0,
20260723,352480,1343.0,,1,1343.0,
20260723,352820,4650.0,20.0,1,4650.0,
20260723,353200,4132.0,14.0,1,4132.0,
20260723,353810,,,0,,
20260723,354320,1200.0,1.0,1,1200.0,
20260723,355150,981.0,,1,981.0,
20260723,356860,1969.0,8.0,1,1969.0,
20260723,357780,18871.0,8.0,1,18871.0,
20260723,361390,229.0,1.0,1,229.0,
20260723,375500,10554.0,18.0,1,10554.0,
20260723,376270,1736.0,1.0,1,1736.0,
20260723,376300,1732.0,13.0,1,1732.0,
20260723,377300,878.0,5.0,1,878.0,
20260723,381970,1035.0,3.0,1,1035.0,
20260723,382800,754.0,,1,754.0,
20260723,383220,12869.0,10.0,1,12869.0,
20260723,383310,1333.0,1.0,1,1333.0,
20260723,383800,1955.0,2.0,1,1955.0,
20260723,388050,540.0,,1,540.0,
20260723,388210,6319.0,3.0,1,6319.0,
20260723,402340,296239.0,7.0,1,296239.0,
20260723,403550,83.0,1.0,1,83.0,
20260723,403870,1440.0,6.0,1,1440.0,
20260723,405100,1008.0,1.0,1,1008.0,
20260723,413630,124.0,,1,124.0,
20260723,415640,,,0,,
20260723,417840,1231.0,1.0,1,1231.0,
20260723,419530,2869.0,2.0,1,2869.0,
20260723,420770,1840.0,3.0,1,1840.0,
20260723,425040,,,0,,
20260723,425420,2620.0,,1,2620.0,
20260723,439260,7903.0,5.0,1,7903.0,
20260723,440110,1817.0,1.0,1,1817.0,
20260723,441270,610.0,,1,610.0,
20260723,443060,8001.0,10.0,1,8001.0,
20260723,445090,549.0,,1,549.0,
20260723,450950,177.0,2.0,1,177.0,
20260723,451760,457.0,1.0,1,457.0,
20260723,452430,419.0,1.0,1,419.0,
20260723,453340,3489.0,3.0,1,3489.0,
20260723,453450,768.0,,1,768.0,
20260723,454910,108.0,1.0,1,108.0,
20260723,456010,7.0,1.0,1,7.0,
20260723,456040,13140.0,3.0,1,13140.0,
20260723,458870,1537.0,5.0,1,1537.0,
20260723,460860,794.0,3.0,1,794.0,
20260723,462870,2176.0,9.0,1,2176.0,
20260723,473980,,,0,,
20260723,474170,87.0,1.0,1,87.0,
20260723,475150,880.0,4.0,1,880.0,
20260723,475430,560.0,,1,560.0,
20260723,475960,37.0,1.0,1,37.0,
20260723,476060,609.0,2.0,1,609.0,
20260723,482630,1028.0,2.0,1,1028.0,
20260723,483650,10262.0,12.0,1,10262.0,
20260723,484590,,,0,,
20260723,488280,148.0,,1,148.0,
20260723,489500,1479.0,,1,1479.0,
20260723,489790,2712.0,3.0,1,2712.0,
20260723,499790,2723.0,6.0,1,2723.0,
20260724,000080,1404.0,6.0,1,1404.0,
20260724,000100,1837.0,12.0,1,1837.0,
20260724,000120,10264.0,10.0,1,10264.0,
20260724,000150,20160.0,13.0,1,20160.0,
20260724,000210,12152.0,2.0,1,12152.0,
20260724,000240,,,0,,
20260724,000270,21682.0,23.0,1,21682.0,
20260724,000370,2152.0,7.0,1,2152.0,
20260724,000640,10397.0,1.0,1,10397.0,
20260724,000660,314787.0,24.0,1,314787.0,
20260724,000720,4762.0,21.0,1,4762.0,
20260724,0007C0,,,0,,
20260724,000810,46428.0,16.0,1,46428.0,
20260724,000880,9573.0,9.0,1,9573.0,
20260724,0008Z0,2119.0,1.0,1,2119.0,
20260724,000990,8413.0,3.0,1,8413.0,
20260724,001040,10171.0,9.0,1,10171.0,
20260724,001120,7916.0,6.0,1,7916.0,
20260724,0011A0,870.0,,1,870.0,
20260724,001230,179.0,1.0,1,179.0,
20260724,001250,246.0,1.0,1,246.0,
20260724,001340,229.0,1.0,1,229.0,
20260724,001430,2650.0,9.0,1,2650.0,
20260724,001440,496.0,6.0,1,496.0,
20260724,001450,,15.0,0,,
20260724,001530,657.0,1.0,1,657.0,
20260724,001680,2694.0,2.0,1,2694.0,
20260724,001740,430.0,3.0,1,430.0,
20260724,001940,988.0,1.0,1,988.0,
20260724,002020,4976.0,1.0,1,4976.0,
20260724,002320,-2390.0,1.0,0,-2390.0,
20260724,002350,1517.0,13.0,1,1517.0,
20260724,002380,186890.0,5.0,1,186890.0,
20260724,002990,1469.0,2.0,1,1469.0,
20260724,003030,18326.0,1.0,1,18326.0,
20260724,003070,2293.0,1.0,1,2293.0,
20260724,003160,1424.0,2.0,1,1424.0,
20260724,003220,736.0,3.0,1,736.0,
20260724,003230,74874.0,14.0,1,74874.0,
20260724,003490,930.0,11.0,1,930.0,
20260724,003540,4388.0,3.0,1,4388.0,
20260724,003550,7532.0,12.0,1,7532.0,
20260724,003570,2734.0,1.0,1,2734.0,
20260724,003670,275.0,19.0,1,275.0,
20260724,003850,772.0,1.0,1,772.0,
20260724,004000,7141.0,7.0,1,7141.0,
20260724,004020,1048.0,16.0,1,1048.0,
20260724,004170,40881.0,18.0,1,40881.0,
20260724,004370,32038.0,13.0,1,32038.0,
20260724,004690,37548.0,1.0,1,37548.0,
20260724,004800,19215.0,3.0,1,19215.0,
20260724,004990,897.0,4.0,1,897.0,
20260724,005070,121.0,2.0,1,121.0,
20260724,005090,1716.0,3.0,1,1716.0,
20260724,005180,8570.0,,1,8570.0,
20260724,005300,10473.0,10.0,1,10473.0,
20260724,005380,38663.0,25.0,1,38663.0,
20260724,005440,1850.0,4.0,1,1850.0,
20260724,005490,22008.0,18.0,1,22008.0,
20260724,005500,1719.0,1.0,1,1719.0,
20260724,005690,914.0,3.0,1,914.0,
20260724,005810,8601.0,1.0,1,8601.0,
20260724,005830,22759.0,15.0,1,22759.0,
20260724,005850,8294.0,7.0,1,8294.0,
20260724,005880,517.0,4.0,1,517.0,
20260724,005930,46664.0,24.0,1,46664.0,
20260724,005940,4430.0,18.0,1,4430.0,
20260724,006040,7744.0,4.0,1,7744.0,
20260724,006110,159.0,,1,159.0,
20260724,006260,19188.0,11.0,1,19188.0,
20260724,006280,13770.0,13.0,1,13770.0,
20260724,006360,2530.0,18.0,1,2530.0,
20260724,006400,,,0,,
20260724,006650,14422.0,5.0,1,14422.0,
20260724,006730,651.0,3.0,1,651.0,
20260724,006800,4652.0,17.0,1,4652.0,
20260724,007070,2426.0,13.0,1,2426.0,
20260724,007340,5980.0,1.0,1,5980.0,
20260724,007660,3600.0,12.0,1,3600.0,
20260724,007690,4568.0,1.0,1,4568.0,
20260724,007810,4392.0,3.0,1,4392.0,
20260724,008730,516.0,,1,516.0,
20260724,008770,2878.0,13.0,1,2878.0,
20260724,009150,17397.0,21.0,1,17397.0,
20260724,009240,1152.0,6.0,1,1152.0,
20260724,009420,4.0,7.0,1,4.0,
20260724,009450,11851.0,2.0,1,11851.0,
20260724,009540,50230.0,15.0,1,50230.0,
20260724,009830,2174.0,12.0,1,2174.0,
20260724,009900,1534.0,1.0,1,1534.0,
20260724,010060,11003.0,8.0,1,11003.0,
20260724,010120,3523.0,10.0,1,3523.0,
20260724,010130,63195.0,4.0,1,63195.0,
20260724,010140,1145.0,20.0,1,1145.0,
20260724,010690,2520.0,1.0,1,2520.0,
20260724,010780,4901.0,5.0,1,4901.0,
20260724,010950,20978.0,17.0,1,20978.0,
20260724,011070,36690.0,21.0,1,36690.0,
20260724,011200,1703.0,12.0,1,1703.0,
20260724,011210,5252.0,12.0,1,5252.0,
20260724,011560,4622.0,1.0,1,4622.0,
20260724,011760,7017.0,3.0,1,7017.0,
20260724,011780,15121.0,13.0,1,15121.0,
20260724,011930,735.0,1.0,1,735.0,
20260724,012210,353.0,,1,353.0,
20260724,012330,45649.0,25.0,1,45649.0,
20260724,012450,42222.0,18.0,1,42222.0,
20260724,012630,3783.0,1.0,1,3783.0,
20260724,0126Z0,10437.0,3.0,1,10437.0,
20260724,012750,4175.0,4.0,1,4175.0,
20260724,013030,4754.0,1.0,1,4754.0,
20260724,013120,286.0,1.0,1,286.0,
20260724,013580,11757.0,1.0,1,11757.0,
20260724,014620,1544.0,3.0,1,1544.0,
20260724,014680,15383.0,7.0,1,15383.0,
20260724,014790,1081.0,3.0,1,1081.0,
20260724,014830,14045.0,6.0,1,14045.0,
20260724,015760,9070.0,14.0,1,9070.0,
20260724,016360,19653.0,18.0,1,19653.0,
20260724,016380,1383.0,3.0,1,1383.0,
20260724,016580,1108.0,1.0,1,1108.0,
20260724,017670,5823.0,19.0,1,5823.0,
20260724,017800,4221.0,1.0,1,4221.0,
20260724,017810,1284.0,2.0,1,1284.0,
20260724,017940,31166.0,1.0,1,31166.0,
20260724,017960,2256.0,3.0,1,2256.0,
20260724,018250,,,0,,
20260724,018260,9241.0,11.0,1,9241.0,
20260724,018290,1631.0,1.0,1,1631.0,
20260724,018670,54884.0,5.0,1,54884.0,
20260724,018880,236.0,17.0,1,236.0,
20260724,020000,3855.0,5.0,1,3855.0,
20260724,021240,10116.0,3.0,1,10116.0,
20260724,021320,1869.0,1.0,1,1869.0,
20260724,023160,1991.0,2.0,1,1991.0,
20260724,023530,13518.0,15.0,1,13518.0,
20260724,024110,3507.0,15.0,1,3507.0,
20260724,025320,105.0,,1,105.0,
20260724,025540,11854.0,1.0,1,11854.0,
20260724,025560,,,0,,
20260724,027410,648.0,1.0,1,648.0,
20260724,028050,3590.0,20.0,1,3590.0,
20260724,028260,16042.0,14.0,1,16042.0,
20260724,028670,756.0,13.0,1,756.0,
20260724,029780,5576.0,4.0,1,5576.0,
20260724,030000,1942.0,11.0,1,1942.0,
20260724,030190,1591.0,1.0,1,1591.0,
20260724,030200,5690.0,18.0,1,5690.0,
20260724,030520,1747.0,3.0,1,1747.0,
20260724,031430,1554.0,6.0,1,1554.0,
20260724,031980,6303.0,5.0,1,6303.0,
20260724,032350,909.0,11.0,1,909.0,
20260724,032500,48.0,1.0,1,48.0,
20260724,032640,1695.0,18.0,1,1695.0,
20260724,032830,14346.0,14.0,1,14346.0,
20260724,033240,3878.0,1.0,1,3878.0,
20260724,033270,2808.0,2.0,1,2808.0,
20260724,033500,2568.0,1.0,1,2568.0,
20260724,033530,,,0,,
20260724,033640,230.0,1.0,1,230.0,
20260724,033780,12070.0,14.0,1,12070.0,
20260724,034020,464.0,15.0,1,464.0,
20260724,034120,249.0,6.0,1,249.0,
20260724,034220,221.0,8.0,1,221.0,
20260724,034230,990.0,11.0,1,990.0,
20260724,034730,,,0,,
20260724,035150,2311.0,1.0,1,2311.0,
20260724,035250,1388.0,10.0,1,1388.0,
20260724,035420,11976.0,21.0,1,11976.0,
20260724,035600,2141.0,2.0,1,2141.0,
20260724,035720,1556.0,16.0,1,1556.0,
20260724,035760,2102.0,13.0,1,2102.0,
20260724,035900,3743.0,18.0,1,3743.0,
20260724,036010,722.0,,1,722.0,
20260724,036200,,,0,,
20260724,036460,10764.0,8.0,1,10764.0,
20260724,036530,8710.0,1.0,1,8710.0,
20260724,036540,38.0,2.0,1,38.0,
20260724,036570,21677.0,17.0,1,21677.0,
20260724,036620,512.0,2.0,1,512.0,
20260724,036800,5290.0,2.0,1,5290.0,
20260724,036810,,,0,,
20260724,036890,1589.0,,1,1589.0,
20260724,036930,1255.0,2.0,1,1255.0,
20260724,037030,915.0,,1,915.0,
20260724,037560,256.0,3.0,1,256.0,
20260724,039030,10220.0,1.0,1,10220.0,
20260724,039130,3499.0,5.0,1,3499.0,
20260724,039200,,,0,,
20260724,039440,4901.0,1.0,1,4901.0,
20260724,039490,66290.0,17.0,1,66290.0,
20260724,039570,1271.0,1.0,1,1271.0,
20260724,039830,3396.0,,1,3396.0,
20260724,039840,1706.0,1.0,1,1706.0,
20260724,041510,5735.0,18.0,1,5735.0,
20260724,041830,3568.0,2.0,1,3568.0,
20260724,041920,1048.0,1.0,1,1048.0,
20260724,042000,1632.0,1.0,1,1632.0,
20260724,042520,1085.0,1.0,1,1085.0,
20260724,042660,5372.0,21.0,1,5372.0,
20260724,042700,3627.0,1.0,1,3627.0,
20260724,043150,3277.0,4.0,1,3277.0,
20260724,043260,4021.0,2.0,1,4021.0,
20260724,044490,1484.0,,1,1484.0,
20260724,046440,889.0,1.0,1,889.0,
20260724,047040,1190.0,12.0,1,1190.0,
20260724,047050,5062.0,14.0,1,5062.0,
20260724,047810,3345.0,16.0,1,3345.0,
20260724,049070,1664.0,1.0,1,1664.0,
20260724,050890,695.0,3.0,1,695.0,
20260724,051370,1237.0,1.0,1,1237.0,
20260724,051500,4575.0,6.0,1,4575.0,
20260724,051600,3500.0,11.0,1,3500.0,
20260724,051900,11296.0,13.0,1,11296.0,
20260724,052400,7251.0,1.0,1,7251.0,
20260724,052690,1704.0,11.0,1,1704.0,
20260724,052710,530.0,2.0,1,530.0,
20260724,053210,462.0,5.0,1,462.0,
20260724,053610,6365.0,,1,6365.0,
20260724,053690,2099.0,2.0,1,2099.0,
20260724,054450,1061.0,1.0,1,1061.0,
20260724,054950,2859.0,3.0,1,2859.0,
20260724,055550,12044.0,18.0,1,12044.0,
20260724,056090,146.0,,1,146.0,
20260724,056190,2333.0,2.0,1,2333.0,
20260724,058430,408.0,2.0,1,408.0,
20260724,058470,2437.0,5.0,1,2437.0,
20260724,058610,920.0,2.0,1,920.0,
20260724,058650,19337.0,1.0,1,19337.0,
20260724,058970,146.0,1.0,1,146.0,
20260724,059210,613.0,,1,613.0,
20260724,060250,1424.0,4.0,1,1424.0,
20260724,060370,459.0,1.0,1,459.0,
20260724,060720,956.0,2.0,1,956.0,
20260724,060980,6070.0,3.0,1,6070.0,
20260724,061090,5706.0,1.0,1,5706.0,
20260724,062040,6778.0,8.0,1,6778.0,
20260724,063570,419.0,1.0,1,419.0,
20260724,064290,445.0,2.0,1,445.0,
20260724,064350,8651.0,19.0,1,8651.0,
20260724,064400,4931.0,9.0,1,4931.0,
20260724,064760,9718.0,5.0,1,9718.0,
20260724,064850,2191.0,,1,2191.0,
20260724,064960,3812.0,5.0,1,3812.0,
20260724,066570,12296.0,20.0,1,12296.0,
20260724,066980,21.0,,1,21.0,
20260724,067160,8217.0,7.0,1,8217.0,
20260724,067310,2440.0,4.0,1,2440.0,
20260724,068270,6389.0,18.0,1,6389.0,
20260724,068930,1012.0,1.0,1,1012.0,
20260724,069080,1213.0,1.0,1,1213.0,
20260724,069260,1799.0,2.0,1,1799.0,
20260724,069620,15957.0,11.0,1,15957.0,
20260724,069960,12995.0,18.0,1,12995.0,
20260724,070960,104.0,1.0,1,104.0,
20260724,071050,46408.0,16.0,1,46408.0,
20260724,071320,20089.0,2.0,1,20089.0,
20260724,071970,3730.0,5.0,1,3730.0,
20260724,073240,1405.0,10.0,1,1405.0,
20260724,073490,2538.0,1.0,1,2538.0,
20260724,074600,2440.0,2.0,1,2440.0,
20260724,075580,,,0,,
20260724,077360,341.0,2.0,1,341.0,
20260724,077970,2030.0,2.0,1,2030.0,
20260724,078340,1430.0,5.0,1,1430.0,
20260724,078600,1078.0,2.0,1,1078.0,
20260724,078930,16872.0,5.0,1,16872.0,
20260724,079430,412.0,3.0,1,412.0,
20260724,079550,16789.0,18.0,1,16789.0,
20260724,079900,2285.0,2.0,1,2285.0,
20260724,080160,307.0,1.0,1,307.0,
20260724,080580,1002.0,1.0,1,1002.0,
20260724,081660,5145.0,9.0,1,5145.0,
20260724,082740,2462.0,7.0,1,2462.0,
20260724,082920,1724.0,3.0,1,1724.0,
20260724,083450,3505.0,,1,3505.0,
20260724,083500,1669.0,3.0,1,1669.0,
20260724,083650,2556.0,3.0,1,2556.0,
20260724,084010,495.0,1.0,1,495.0,
20260724,084370,4060.0,3.0,1,4060.0,
20260724,084850,185.0,,1,185.0,
20260724,085910,819.0,1.0,1,819.0,
20260724,086280,22646.0,16.0,1,22646.0,
20260724,086390,961.0,2.0,1,961.0,
20260724,086450,1988.0,1.0,1,1988.0,
20260724,086790,16284.0,20.0,1,16284.0,
20260724,086900,3553.0,2.0,1,3553.0,
20260724,088350,950.0,12.0,1,950.0,
20260724,088980,710.0,2.0,1,710.0,
20260724,089010,2018.0,2.0,1,2018.0,
20260724,089030,1927.0,,1,1927.0,
20260724,089600,1573.0,3.0,1,1573.0,
20260724,089860,4239.0,10.0,1,4239.0,
20260724,089970,3354.0,3.0,1,3354.0,
20260724,089980,475.0,1.0,1,475.0,
20260724,090430,5176.0,18.0,1,5176.0,
20260724,090460,2798.0,10.0,1,2798.0,
20260724,091580,1399.0,1.0,1,1399.0,
20260724,091700,678.0,2.0,1,678.0,
20260724,092130,1146.0,1.0,1,1146.0,
20260724,092730,1757.0,1.0,1,1757.0,
20260724,092870,1383.0,,1,1383.0,
20260724,093370,206.0,1.0,1,206.0,
20260724,093520,2120.0,1.0,1,2120.0,
20260724,094170,478.0,,1,478.0,
20260724,094360,452.0,2.0,1,452.0,
20260724,094840,,,0,,
20260724,095340,4263.0,7.0,1,4263.0,
20260724,095570,501.0,3.0,1,501.0,
20260724,095610,5196.0,8.0,1,5196.0,
20260724,095660,1969.0,10.0,1,1969.0,
20260724,096530,1748.0,2.0,1,1748.0,
20260724,096770,13181.0,13.0,1,13181.0,
20260724,097230,1750.0,1.0,1,1750.0,
20260724,097520,2442.0,3.0,1,2442.0,
20260724,097950,23871.0,13.0,1,23871.0,
20260724,098070,3201.0,,1,3201.0,
20260724,098460,720.0,6.0,1,720.0,
20260724,099190,103.0,2.0,1,103.0,
20260724,099320,995.0,1.0,1,995.0,
20260724,099430,448.0,1.0,1,448.0,
20260724,100090,719.0,6.0,1,719.0,
20260724,100120,3562.0,3.0,1,3562.0,
20260724,100840,5295.0,2.0,1,5295.0,
20260724,102710,4532.0,2.0,1,4532.0,
20260724,103140,8995.0,10.0,1,8995.0,
20260724,103590,3352.0,3.0,1,3352.0,
20260724,104700,219.0,1.0,1,219.0,
20260724,104830,5084.0,2.0,1,5084.0,
20260724,105560,18271.0,19.0,1,18271.0,
20260724,105630,1308.0,9.0,1,1308.0,
20260724,105840,797.0,1.0,1,797.0,
20260724,107640,631.0,1.0,1,631.0,
20260724,108320,3935.0,1.0,1,3935.0,
20260724,108380,2728.0,1.0,1,2728.0,
20260724,108490,408.0,6.0,1,408.0,
20260724,108670,6614.0,5.0,1,6614.0,
20260724,111770,13369.0,9.0,1,13369.0,
20260724,112040,1355.0,1.0,1,1355.0,
20260724,112610,4297.0,9.0,1,4297.0,
20260724,114090,995.0,11.0,1,995.0,
20260724,114810,1413.0,1.0,1,1413.0,
20260724,114840,1119.0,1.0,1,1119.0,
20260724,119610,1869.0,1.0,1,1869.0,
20260724,120110,6788.0,5.0,1,6788.0,
20260724,121600,735.0,1.0,1,735.0,
20260724,122450,739.0,,1,739.0,
20260724,122640,997.0,2.0,1,997.0,
20260724,122870,2815.0,19.0,1,2815.0,
20260724,122900,1256.0,1.0,1,1256.0,
20260724,123330,2654.0,,1,2654.0,
20260724,125210,,,0,,
20260724,125490,201.0,2.0,1,201.0,
20260724,126340,281.0,1.0,1,281.0,
20260724,126700,1780.0,,1,1780.0,
20260724,126720,3850.0,1.0,1,3850.0,
20260724,128940,17988.0,17.0,1,17988.0,
20260724,131290,12087.0,3.0,1,12087.0,
20260724,131970,2185.0,7.0,1,2185.0,
20260724,138040,14254.0,4.0,1,14254.0,
20260724,138080,366.0,1.0,1,366.0,
20260724,138930,2693.0,17.0,1,2693.0,
20260724,139130,3098.0,16.0,1,3098.0,
20260724,139480,5218.0,9.0,1,5218.0,
20260724,140860,7371.0,6.0,1,7371.0,
20260724,142210,2496.0,,1,2496.0,
20260724,145020,14311.0,14.0,1,14311.0,
20260724,145720,7151.0,5.0,1,7151.0,
20260724,148150,287.0,1.0,1,287.0,
20260724,149950,585.0,1.0,1,585.0,
20260724,161390,10751.0,16.0,1,10751.0,
20260724,161890,7365.0,19.0,1,7365.0,
20260724,163730,481.0,,1,481.0,
20260724,166090,3926.0,2.0,1,3926.0,
20260724,170920,2262.0,1.0,1,2262.0,
20260724,171090,7947.0,3.0,1,7947.0,
20260724,175330,3922.0,16.0,1,3922.0,
20260724,178320,861.0,2.0,1,861.0,
20260724,178920,1755.0,4.0,1,1755.0,
20260724,181710,3488.0,9.0,1,3488.0,
20260724,183190,1074.0,2.0,1,1074.0,
20260724,183300,3173.0,2.0,1,3173.0,
20260724,185750,4564.0,8.0,1,4564.0,
20260724,187790,248.0,,1,248.0,
20260724,189300,3658.0,6.0,1,3658.0,
20260724,190510,1079.0,,1,1079.0,
20260724,192080,9227.0,13.0,1,9227.0,
20260724,192400,4330.0,1.0,1,4330.0,
20260724,192650,180.0,3.0,1,180.0,
20260724,192820,13166.0,18.0,1,13166.0,
20260724,194370,3753.0,1.0,1,3753.0,
20260724,195870,4392.0,10.0,1,4392.0,
20260724,195940,3391.0,11.0,1,3391.0,
20260724,196170,5002.0,4.0,1,5002.0,
20260724,200670,3939.0,2.0,1,3939.0,
20260724,200710,1549.0,2.0,1,1549.0,
20260724,204270,997.0,1.0,1,997.0,
20260724,204320,4134.0,19.0,1,4134.0,
20260724,204610,,,0,,
20260724,207940,41498.0,12.0,1,41498.0,
20260724,211050,,,0,,
20260724,213420,3132.0,7.0,1,3132.0,
20260724,213500,1311.0,2.0,1,1311.0,
20260724,214150,2654.0,16.0,1,2654.0,
20260724,214180,3075.0,2.0,1,3075.0,
20260724,214320,2829.0,9.0,1,2829.0,
20260724,214420,665.0,1.0,1,665.0,
20260724,214430,2682.0,,1,2682.0,
20260724,214450,19108.0,15.0,1,19108.0,
20260724,215000,8366.0,2.0,1,8366.0,
20260724,215200,8992.0,1.0,1,8992.0,
20260724,217590,249.0,,1,249.0,
20260724,218410,1665.0,5.0,1,1665.0,
20260724,219130,3310.0,,1,3310.0,
20260724,222040,923.0,1.0,1,923.0,
20260724,222800,3968.0,8.0,1,3968.0,
20260724,228850,1046.0,2.0,1,1046.0,
20260724,229640,1730.0,6.0,1,1730.0,
20260724,230240,1116.0,2.0,1,1116.0,
20260724,232140,431.0,4.0,1,431.0,
20260724,234080,1730.0,1.0,1,1730.0,
20260724,234340,1532.0,2.0,1,1532.0,
20260724,236200,5984.0,1.0,1,5984.0,
20260724,237690,3453.0,14.0,1,3453.0,
20260724,237880,1144.0,2.0,1,1144.0,
20260724,240810,3544.0,6.0,1,3544.0,
20260724,241560,5496.0,7.0,1,5496.0,
20260724,241590,407.0,4.0,1,407.0,
20260724,241710,6455.0,10.0,1,6455.0,
20260724,243840,304.0,2.0,1,304.0,
20260724,244920,,,0,,
20260724,247540,387.0,19.0,1,387.0,
20260724,248070,1022.0,5.0,1,1022.0,
20260724,251270,4922.0,14.0,1,4922.0,
20260724,251970,3647.0,3.0,1,3647.0,
20260724,252990,546.0,,1,546.0,
20260724,253450,1221.0,11.0,1,1221.0,
20260724,257720,3457.0,8.0,1,3457.0,
20260724,259630,1781.0,,1,1781.0,
20260724,259960,23576.0,18.0,1,23576.0,
20260724,263750,5716.0,9.0,1,5716.0,
20260724,263860,1267.0,,1,1267.0,
20260724,264660,1708.0,,1,1708.0,
20260724,267250,30580.0,5.0,1,30580.0,
20260724,267260,26966.0,14.0,1,26966.0,
20260724,267270,11059.0,6.0,1,11059.0,
20260724,271560,12153.0,14.0,1,12153.0,
20260724,272210,1047.0,13.0,1,1047.0,
20260724,272290,2869.0,1.0,1,2869.0,
20260724,277810,773.0,1.0,1,773.0,
20260724,278470,15081.0,19.0,1,15081.0,
20260724,279570,317.0,2.0,1,317.0,
20260724,280360,12588.0,11.0,1,12588.0,
20260724,281820,6467.0,1.0,1,6467.0,
20260724,282330,13077.0,14.0,1,13077.0,
20260724,282720,74.0,1.0,1,74.0,
20260724,282880,1334.0,1.0,1,1334.0,
20260724,285130,7719.0,2.0,1,7719.0,
20260724,286940,1719.0,2.0,1,1719.0,
20260724,290550,1800.0,1.0,1,1800.0,
20260724,290650,881.0,,1,881.0,
20260724,293480,1232.0,1.0,1,1232.0,
20260724,294570,2249.0,,1,2249.0,
20260724,294870,5555.0,14.0,1,5555.0,
20260724,295310,1208.0,1.0,1,1208.0,
20260724,297090,,,0,,
20260724,298020,49102.0,4.0,1,49102.0,
20260724,298040,82787.0,14.0,1,82787.0,
20260724,298050,14674.0,5.0,1,14674.0,
20260724,299030,1226.0,,1,1226.0,
20260724,300720,952.0,2.0,1,952.0,
20260724,306200,23666.0,4.0,1,23666.0,
20260724,307950,7488.0,16.0,1,7488.0,
20260724,316140,4295.0,20.0,1,4295.0,
20260724,317400,1448.0,1.0,1,1448.0,
20260724,319400,,,0,,
20260724,319660,5285.0,7.0,1,5285.0,
20260724,322000,8134.0,2.0,1,8134.0,
20260724,322310,,,0,,
20260724,323410,1254.0,13.0,1,1254.0,
20260724,326030,4210.0,12.0,1,4210.0,
20260724,327260,644.0,2.0,1,644.0,
20260724,329180,29581.0,21.0,1,29581.0,
20260724,330860,1469.0,2.0,1,1469.0,
20260724,336370,1326.0,3.0,1,1326.0,
20260724,336570,525.0,1.0,1,525.0,
20260724,339770,416.0,1.0,1,416.0,
20260724,340450,262.0,,1,262.0,
20260724,340570,6801.0,3.0,1,6801.0,
20260724,347700,916.0,1.0,1,916.0,
20260724,348210,1887.0,3.0,1,1887.0,
20260724,352480,1343.0,,1,1343.0,
20260724,352820,4650.0,20.0,1,4650.0,
20260724,353200,4132.0,14.0,1,4132.0,
20260724,353810,,,0,,
20260724,354320,1200.0,1.0,1,1200.0,
20260724,355150,981.0,,1,981.0,
20260724,356860,1969.0,8.0,1,1969.0,
20260724,357780,18871.0,8.0,1,18871.0,
20260724,361390,229.0,1.0,1,229.0,
20260724,375500,10554.0,18.0,1,10554.0,
20260724,376270,1736.0,1.0,1,1736.0,
20260724,376300,1732.0,13.0,1,1732.0,
20260724,377300,878.0,5.0,1,878.0,
20260724,381970,1035.0,3.0,1,1035.0,
20260724,382800,754.0,,1,754.0,
20260724,383220,12837.0,10.0,1,12837.0,
20260724,383310,1333.0,1.0,1,1333.0,
20260724,383800,1955.0,2.0,1,1955.0,
20260724,388050,540.0,,1,540.0,
20260724,388210,6319.0,3.0,1,6319.0,
20260724,402340,296272.0,7.0,1,296272.0,
20260724,403550,83.0,1.0,1,83.0,
20260724,403870,1440.0,6.0,1,1440.0,
20260724,405100,1008.0,1.0,1,1008.0,
20260724,413630,124.0,,1,124.0,
20260724,415640,,,0,,
20260724,417840,1231.0,1.0,1,1231.0,
20260724,419530,2869.0,2.0,1,2869.0,
20260724,420770,1840.0,3.0,1,1840.0,
20260724,425040,,,0,,
20260724,425420,2620.0,,1,2620.0,
20260724,439260,7903.0,5.0,1,7903.0,
20260724,440110,1817.0,1.0,1,1817.0,
20260724,441270,610.0,,1,610.0,
20260724,443060,8001.0,10.0,1,8001.0,
20260724,445090,549.0,,1,549.0,
20260724,450950,177.0,2.0,1,177.0,
20260724,451760,457.0,1.0,1,457.0,
20260724,452430,419.0,1.0,1,419.0,
20260724,453340,3489.0,3.0,1,3489.0,
20260724,453450,768.0,,1,768.0,
20260724,454910,108.0,1.0,1,108.0,
20260724,456010,7.0,1.0,1,7.0,
20260724,456040,12816.0,3.0,1,12816.0,
20260724,458870,1618.0,4.0,1,1618.0,
20260724,460860,794.0,3.0,1,794.0,
20260724,462870,2176.0,9.0,1,2176.0,
20260724,473980,,,0,,
20260724,474170,87.0,1.0,1,87.0,
20260724,475150,880.0,4.0,1,880.0,
20260724,475430,560.0,,1,560.0,
20260724,475960,37.0,1.0,1,37.0,
20260724,476060,609.0,2.0,1,609.0,
20260724,482630,1028.0,2.0,1,1028.0,
20260724,483650,10262.0,13.0,1,10262.0,
20260724,484590,,,0,,
20260724,488280,148.0,,1,148.0,
20260724,489500,1479.0,,1,1479.0,
20260724,489790,2712.0,3.0,1,2712.0,
20260724,499790,2723.0,6.0,1,2723.0,
20260727,000080,1404.0,6.0,1,1404.0,
20260727,000100,1837.0,12.0,1,1837.0,
20260727,000120,10002.0,10.0,1,10002.0,
20260727,000150,20160.0,13.0,1,20160.0,
20260727,000210,12152.0,2.0,1,12152.0,
20260727,000240,,,0,,
20260727,000270,21712.0,22.0,1,21712.0,
20260727,000370,2152.0,7.0,1,2152.0,
20260727,000640,10694.0,2.0,1,10694.0,
20260727,000660,314202.0,23.0,1,314202.0,
20260727,000720,4791.0,20.0,1,4791.0,
20260727,0007C0,,,0,,
20260727,000810,46428.0,16.0,1,46428.0,
20260727,000880,9573.0,9.0,1,9573.0,
20260727,0008Z0,2119.0,1.0,1,2119.0,
20260727,000990,8413.0,3.0,1,8413.0,
20260727,001040,10171.0,9.0,1,10171.0,
20260727,001120,7916.0,6.0,1,7916.0,
20260727,0011A0,870.0,,1,870.0,
20260727,001230,179.0,1.0,1,179.0,
20260727,001250,246.0,1.0,1,246.0,
20260727,001340,229.0,1.0,1,229.0,
20260727,001430,2650.0,9.0,1,2650.0,
20260727,001440,496.0,6.0,1,496.0,
20260727,001450,,15.0,0,,
20260727,001530,657.0,1.0,1,657.0,
20260727,001680,2694.0,2.0,1,2694.0,
20260727,001740,430.0,3.0,1,430.0,
20260727,001940,988.0,1.0,1,988.0,
20260727,002020,4976.0,1.0,1,4976.0,
20260727,002320,-2390.0,1.0,0,-2390.0,
20260727,002350,1526.0,12.0,1,1526.0,
20260727,002380,186890.0,5.0,1,186890.0,
20260727,002990,1469.0,2.0,1,1469.0,
20260727,003030,18326.0,1.0,1,18326.0,
20260727,003070,2293.0,1.0,1,2293.0,
20260727,003160,1424.0,2.0,1,1424.0,
20260727,003220,736.0,3.0,1,736.0,
20260727,003230,74874.0,14.0,1,74874.0,
20260727,003490,930.0,11.0,1,930.0,
20260727,003540,4388.0,3.0,1,4388.0,
20260727,003550,7532.0,12.0,1,7532.0,
20260727,003570,2734.0,1.0,1,2734.0,
20260727,003670,275.0,19.0,1,275.0,
20260727,003850,772.0,1.0,1,772.0,
20260727,004000,7141.0,7.0,1,7141.0,
20260727,004020,995.0,15.0,1,995.0,
20260727,004170,40881.0,18.0,1,40881.0,
20260727,004370,32038.0,13.0,1,32038.0,
20260727,004690,37548.0,1.0,1,37548.0,
20260727,004800,19215.0,3.0,1,19215.0,
20260727,004990,897.0,4.0,1,897.0,
20260727,005070,121.0,2.0,1,121.0,
20260727,005090,1140.0,3.0,1,1140.0,
20260727,005180,8570.0,,1,8570.0,
20260727,005300,10473.0,10.0,1,10473.0,
20260727,005380,38240.0,25.0,1,38240.0,
20260727,005440,1850.0,4.0,1,1850.0,
20260727,005490,22008.0,18.0,1,22008.0,
20260727,005500,1719.0,1.0,1,1719.0,
20260727,005690,914.0,3.0,1,914.0,
20260727,005810,8601.0,1.0,1,8601.0,
20260727,005830,22759.0,15.0,1,22759.0,
20260727,005850,8294.0,7.0,1,8294.0,
20260727,005880,517.0,4.0,1,517.0,
20260727,005930,46664.0,24.0,1,46664.0,
20260727,005940,4481.0,17.0,1,4481.0,
20260727,006040,7744.0,4.0,1,7744.0,
20260727,006110,159.0,,1,159.0,
20260727,006260,19489.0,11.0,1,19489.0,
20260727,006280,13770.0,13.0,1,13770.0,
20260727,006360,2530.0,18.0,1,2530.0,
20260727,006400,4511.0,23.0,1,4511.0,
20260727,006650,14422.0,5.0,1,14422.0,
20260727,006730,648.0,4.0,1,648.0,
20260727,006800,4726.0,17.0,1,4726.0,
20260727,007070,2426.0,13.0,1,2426.0,
20260727,007340,5980.0,1.0,1,5980.0,
20260727,007660,3600.0,12.0,1,3600.0,
20260727,007690,4568.0,1.0,1,4568.0,
20260727,007810,4392.0,3.0,1,4392.0,
20260727,008730,516.0,,1,516.0,
20260727,008770,2878.0,13.0,1,2878.0,
20260727,009150,17397.0,21.0,1,17397.0,
20260727,009240,1152.0,6.0,1,1152.0,
20260727,009420,4.0,7.0,1,4.0,
20260727,009450,11851.0,2.0,1,11851.0,
20260727,009540,50230.0,15.0,1,50230.0,
20260727,009830,2174.0,12.0,1,2174.0,
20260727,009900,1534.0,1.0,1,1534.0,
20260727,010060,8632.0,7.0,1,8632.0,
20260727,010120,3608.0,15.0,1,3608.0,
20260727,010130,63195.0,4.0,1,63195.0,
20260727,010140,1145.0,20.0,1,1145.0,
20260727,010690,2520.0,1.0,1,2520.0,
20260727,010780,4901.0,5.0,1,4901.0,
20260727,010950,20978.0,17.0,1,20978.0,
20260727,011070,36690.0,21.0,1,36690.0,
20260727,011200,1703.0,12.0,1,1703.0,
20260727,011210,5252.0,12.0,1,5252.0,
20260727,011560,4622.0,1.0,1,4622.0,
20260727,011760,7017.0,3.0,1,7017.0,
20260727,011780,15121.0,13.0,1,15121.0,
20260727,011930,735.0,1.0,1,735.0,
20260727,012210,353.0,,1,353.0,
20260727,012330,45644.0,25.0,1,45644.0,
20260727,012450,42222.0,18.0,1,42222.0,
20260727,012630,3783.0,1.0,1,3783.0,
20260727,0126Z0,11072.0,2.0,1,11072.0,
20260727,012750,4175.0,4.0,1,4175.0,
20260727,013030,4754.0,1.0,1,4754.0,
20260727,013120,286.0,1.0,1,286.0,
20260727,013580,11757.0,1.0,1,11757.0,
20260727,014620,1544.0,3.0,1,1544.0,
20260727,014680,15383.0,7.0,1,15383.0,
20260727,014790,1081.0,3.0,1,1081.0,
20260727,014830,14045.0,6.0,1,14045.0,
20260727,015760,9070.0,14.0,1,9070.0,
20260727,016360,19653.0,18.0,1,19653.0,
20260727,016380,1383.0,3.0,1,1383.0,
20260727,016580,1108.0,1.0,1,1108.0,
20260727,017670,5858.0,19.0,1,5858.0,
20260727,017800,4221.0,1.0,1,4221.0,
20260727,017810,1284.0,2.0,1,1284.0,
20260727,017940,31166.0,1.0,1,31166.0,
20260727,017960,2230.0,3.0,1,2230.0,
20260727,018250,,,0,,
20260727,018260,9326.0,10.0,1,9326.0,
20260727,018290,1631.0,1.0,1,1631.0,
20260727,018670,54884.0,5.0,1,54884.0,
20260727,018880,236.0,17.0,1,236.0,
20260727,020000,3855.0,5.0,1,3855.0,
20260727,021240,10116.0,3.0,1,10116.0,
20260727,021320,1869.0,1.0,1,1869.0,
20260727,023160,1991.0,2.0,1,1991.0,
20260727,023530,13518.0,15.0,1,13518.0,
20260727,024110,3507.0,15.0,1,3507.0,
20260727,025320,105.0,,1,105.0,
20260727,025540,11854.0,1.0,1,11854.0,
20260727,027410,648.0,1.0,1,648.0,
20260727,028050,3770.0,20.0,1,3770.0,
20260727,028260,16042.0,14.0,1,16042.0,
20260727,028670,756.0,13.0,1,756.0,
20260727,029780,5576.0,4.0,1,5576.0,
20260727,030000,1946.0,11.0,1,1946.0,
20260727,030190,1591.0,1.0,1,1591.0,
20260727,030200,5690.0,18.0,1,5690.0,
20260727,030520,1747.0,3.0,1,1747.0,
20260727,031430,1554.0,6.0,1,1554.0,
20260727,031980,6303.0,5.0,1,6303.0,
20260727,032350,941.0,10.0,1,941.0,
20260727,032500,48.0,1.0,1,48.0,
20260727,032640,1695.0,18.0,1,1695.0,
20260727,032830,14346.0,14.0,1,14346.0,
20260727,033240,3878.0,1.0,1,3878.0,
20260727,033270,2808.0,2.0,1,2808.0,
20260727,033500,2568.0,1.0,1,2568.0,
20260727,033530,,,0,,
20260727,033640,230.0,1.0,1,230.0,
20260727,033780,12070.0,14.0,1,12070.0,
20260727,034020,464.0,15.0,1,464.0,
20260727,034120,249.0,6.0,1,249.0,
20260727,034220,221.0,8.0,1,221.0,
20260727,034230,982.0,11.0,1,982.0,
20260727,034730,125347.0,13.0,1,125347.0,
20260727,035150,2311.0,1.0,1,2311.0,
20260727,035250,1388.0,10.0,1,1388.0,
20260727,035420,11976.0,21.0,1,11976.0,
20260727,035600,2168.0,3.0,1,2168.0,
20260727,035720,1556.0,16.0,1,1556.0,
20260727,035760,2102.0,13.0,1,2102.0,
20260727,035900,3743.0,18.0,1,3743.0,
20260727,036010,722.0,,1,722.0,
20260727,036200,,,0,,
20260727,036460,10764.0,8.0,1,10764.0,
20260727,036530,8710.0,1.0,1,8710.0,
20260727,036540,38.0,2.0,1,38.0,
20260727,036570,21561.0,18.0,1,21561.0,
20260727,036620,512.0,2.0,1,512.0,
20260727,036800,5290.0,2.0,1,5290.0,
20260727,036810,,,0,,
20260727,036890,1589.0,,1,1589.0,
20260727,036930,1255.0,2.0,1,1255.0,
20260727,037030,915.0,,1,915.0,
20260727,037560,256.0,3.0,1,256.0,
20260727,039030,10220.0,1.0,1,10220.0,
20260727,039130,3499.0,5.0,1,3499.0,
20260727,039200,,,0,,
20260727,039440,4901.0,1.0,1,4901.0,
20260727,039490,66290.0,17.0,1,66290.0,
20260727,039570,1271.0,1.0,1,1271.0,
20260727,039830,3396.0,,1,3396.0,
20260727,039840,1706.0,1.0,1,1706.0,
20260727,041510,5735.0,18.0,1,5735.0,
20260727,041830,3568.0,2.0,1,3568.0,
20260727,041920,1048.0,1.0,1,1048.0,
20260727,042000,1632.0,1.0,1,1632.0,
20260727,042520,1085.0,1.0,1,1085.0,
20260727,042660,5372.0,21.0,1,5372.0,
20260727,042700,3627.0,1.0,1,3627.0,
20260727,043150,3277.0,4.0,1,3277.0,
20260727,043260,4021.0,2.0,1,4021.0,
20260727,044490,1484.0,,1,1484.0,
20260727,046440,889.0,1.0,1,889.0,
20260727,047040,1190.0,12.0,1,1190.0,
20260727,047050,5062.0,14.0,1,5062.0,
20260727,047810,3302.0,16.0,1,3302.0,
20260727,049070,1664.0,1.0,1,1664.0,
20260727,050890,702.0,3.0,1,702.0,
20260727,051370,1237.0,1.0,1,1237.0,
20260727,051500,4575.0,6.0,1,4575.0,
20260727,051600,3500.0,11.0,1,3500.0,
20260727,051900,11296.0,13.0,1,11296.0,
20260727,052400,7251.0,1.0,1,7251.0,
20260727,052690,1704.0,11.0,1,1704.0,
20260727,052710,530.0,2.0,1,530.0,
20260727,053210,462.0,5.0,1,462.0,
20260727,053610,6365.0,,1,6365.0,
20260727,053690,2099.0,2.0,1,2099.0,
20260727,054450,1061.0,1.0,1,1061.0,
20260727,054950,2859.0,3.0,1,2859.0,
20260727,055550,12443.0,18.0,1,12443.0,
20260727,056090,146.0,,1,146.0,
20260727,056190,2333.0,2.0,1,2333.0,
20260727,058430,408.0,2.0,1,408.0,
20260727,058470,2437.0,5.0,1,2437.0,
20260727,058610,920.0,2.0,1,920.0,
20260727,058650,19337.0,1.0,1,19337.0,
20260727,058970,146.0,1.0,1,146.0,
20260727,059210,613.0,,1,613.0,
20260727,060250,1424.0,4.0,1,1424.0,
20260727,060370,459.0,1.0,1,459.0,
20260727,060720,950.0,3.0,1,950.0,
20260727,060980,6070.0,3.0,1,6070.0,
20260727,061090,5706.0,1.0,1,5706.0,
20260727,062040,6778.0,8.0,1,6778.0,
20260727,063570,419.0,1.0,1,419.0,
20260727,064290,445.0,2.0,1,445.0,
20260727,064350,8668.0,18.0,1,8668.0,
20260727,064400,4931.0,9.0,1,4931.0,
20260727,064760,9718.0,5.0,1,9718.0,
20260727,064850,2191.0,,1,2191.0,
20260727,064960,3812.0,5.0,1,3812.0,
20260727,066570,12296.0,20.0,1,12296.0,
20260727,066980,21.0,,1,21.0,
20260727,067160,8217.0,7.0,1,8217.0,
20260727,067310,2440.0,4.0,1,2440.0,
20260727,068270,6389.0,18.0,1,6389.0,
20260727,068930,1012.0,1.0,1,1012.0,
20260727,069080,1213.0,1.0,1,1213.0,
20260727,069260,1799.0,2.0,1,1799.0,
20260727,069620,15957.0,11.0,1,15957.0,
20260727,069960,12995.0,18.0,1,12995.0,
20260727,070960,104.0,1.0,1,104.0,
20260727,071050,46408.0,16.0,1,46408.0,
20260727,071320,20089.0,2.0,1,20089.0,
20260727,071970,3730.0,5.0,1,3730.0,
20260727,073240,1405.0,10.0,1,1405.0,
20260727,073490,2174.0,2.0,1,2174.0,
20260727,074600,2440.0,2.0,1,2440.0,
20260727,075580,,,0,,
20260727,077360,,1.0,0,,
20260727,077970,2030.0,2.0,1,2030.0,
20260727,078340,1430.0,5.0,1,1430.0,
20260727,078600,1078.0,2.0,1,1078.0,
20260727,078930,16872.0,5.0,1,16872.0,
20260727,079430,412.0,3.0,1,412.0,
20260727,079550,16788.0,18.0,1,16788.0,
20260727,079900,2285.0,2.0,1,2285.0,
20260727,080160,307.0,1.0,1,307.0,
20260727,080580,1002.0,1.0,1,1002.0,
20260727,081660,5145.0,9.0,1,5145.0,
20260727,082740,2462.0,7.0,1,2462.0,
20260727,082920,1724.0,3.0,1,1724.0,
20260727,083450,3505.0,,1,3505.0,
20260727,083500,1669.0,3.0,1,1669.0,
20260727,083650,2556.0,3.0,1,2556.0,
20260727,084010,495.0,1.0,1,495.0,
20260727,084370,4060.0,3.0,1,4060.0,
20260727,084850,185.0,,1,185.0,
20260727,085910,819.0,1.0,1,819.0,
20260727,086280,22213.0,16.0,1,22213.0,
20260727,086390,961.0,2.0,1,961.0,
20260727,086450,1988.0,1.0,1,1988.0,
20260727,086790,16288.0,19.0,1,16288.0,
20260727,086900,3553.0,2.0,1,3553.0,
20260727,088350,950.0,12.0,1,950.0,
20260727,088980,710.0,2.0,1,710.0,
20260727,089010,2018.0,2.0,1,2018.0,
20260727,089030,1927.0,,1,1927.0,
20260727,089600,1573.0,3.0,1,1573.0,
20260727,089860,4239.0,10.0,1,4239.0,
20260727,089970,3354.0,3.0,1,3354.0,
20260727,089980,475.0,1.0,1,475.0,
20260727,090430,5176.0,18.0,1,5176.0,
20260727,090460,2798.0,10.0,1,2798.0,
20260727,091580,1399.0,1.0,1,1399.0,
20260727,091700,678.0,2.0,1,678.0,
20260727,092130,1146.0,1.0,1,1146.0,
20260727,092730,1757.0,1.0,1,1757.0,
20260727,092870,1383.0,,1,1383.0,
20260727,093370,206.0,1.0,1,206.0,
20260727,093520,2120.0,1.0,1,2120.0,
20260727,094170,478.0,,1,478.0,
20260727,094360,452.0,2.0,1,452.0,
20260727,094840,,,0,,
20260727,095340,4263.0,7.0,1,4263.0,
20260727,095570,501.0,3.0,1,501.0,
20260727,095610,5196.0,8.0,1,5196.0,
20260727,095660,1969.0,10.0,1,1969.0,
20260727,096530,1748.0,2.0,1,1748.0,
20260727,096770,13181.0,13.0,1,13181.0,
20260727,097230,1750.0,1.0,1,1750.0,
20260727,097520,2442.0,3.0,1,2442.0,
20260727,097950,23871.0,13.0,1,23871.0,
20260727,098070,3201.0,,1,3201.0,
20260727,098460,723.0,5.0,1,723.0,
20260727,099190,103.0,2.0,1,103.0,
20260727,099320,995.0,1.0,1,995.0,
20260727,099430,448.0,1.0,1,448.0,
20260727,100090,719.0,6.0,1,719.0,
20260727,100120,3562.0,3.0,1,3562.0,
20260727,100840,5295.0,2.0,1,5295.0,
20260727,102710,4532.0,2.0,1,4532.0,
20260727,103140,8995.0,10.0,1,8995.0,
20260727,103590,3352.0,3.0,1,3352.0,
20260727,104700,219.0,1.0,1,219.0,
20260727,104830,5084.0,2.0,1,5084.0,
20260727,105560,18382.0,18.0,1,18382.0,
20260727,105630,1308.0,9.0,1,1308.0,
20260727,105840,797.0,1.0,1,797.0,
20260727,107640,631.0,1.0,1,631.0,
20260727,108320,3935.0,1.0,1,3935.0,
20260727,108380,2728.0,1.0,1,2728.0,
20260727,108490,408.0,6.0,1,408.0,
20260727,108670,6614.0,5.0,1,6614.0,
20260727,111770,13369.0,9.0,1,13369.0,
20260727,112040,1355.0,1.0,1,1355.0,
20260727,112610,4297.0,9.0,1,4297.0,
20260727,114090,996.0,11.0,1,996.0,
20260727,114810,,,0,,
20260727,114840,1119.0,1.0,1,1119.0,
20260727,119610,1869.0,1.0,1,1869.0,
20260727,120110,6788.0,5.0,1,6788.0,
20260727,121600,735.0,1.0,1,735.0,
20260727,122450,739.0,,1,739.0,
20260727,122640,997.0,2.0,1,997.0,
20260727,122870,2815.0,19.0,1,2815.0,
20260727,122900,1256.0,1.0,1,1256.0,
20260727,123330,2654.0,,1,2654.0,
20260727,125210,,,0,,
20260727,125490,201.0,2.0,1,201.0,
20260727,126340,281.0,1.0,1,281.0,
20260727,126700,1780.0,,1,1780.0,
20260727,126720,3850.0,1.0,1,3850.0,
20260727,128940,17988.0,17.0,1,17988.0,
20260727,131290,12087.0,3.0,1,12087.0,
20260727,131970,2185.0,7.0,1,2185.0,
20260727,138040,14254.0,4.0,1,14254.0,
20260727,138080,366.0,1.0,1,366.0,
20260727,138930,2693.0,17.0,1,2693.0,
20260727,139130,3098.0,16.0,1,3098.0,
20260727,139480,5218.0,9.0,1,5218.0,
20260727,140860,7371.0,6.0,1,7371.0,
20260727,142210,2496.0,,1,2496.0,
20260727,145020,14311.0,14.0,1,14311.0,
20260727,145720,7151.0,5.0,1,7151.0,
20260727,148150,287.0,1.0,1,287.0,
20260727,149950,585.0,1.0,1,585.0,
20260727,161390,10751.0,16.0,1,10751.0,
20260727,161890,7365.0,19.0,1,7365.0,
20260727,163730,481.0,,1,481.0,
20260727,166090,3926.0,2.0,1,3926.0,
20260727,170920,2262.0,1.0,1,2262.0,
20260727,171090,7947.0,3.0,1,7947.0,
20260727,175330,3951.0,16.0,1,3951.0,
20260727,178320,861.0,2.0,1,861.0,
20260727,178920,1755.0,4.0,1,1755.0,
20260727,181710,3488.0,9.0,1,3488.0,
20260727,183190,1074.0,2.0,1,1074.0,
20260727,183300,3173.0,2.0,1,3173.0,
20260727,185750,4564.0,8.0,1,4564.0,
20260727,187790,248.0,,1,248.0,
20260727,189300,3596.0,6.0,1,3596.0,
20260727,190510,1079.0,,1,1079.0,
20260727,192080,9227.0,13.0,1,9227.0,
20260727,192400,4330.0,1.0,1,4330.0,
20260727,192650,180.0,3.0,1,180.0,
20260727,192820,13166.0,18.0,1,13166.0,
20260727,194370,3753.0,1.0,1,3753.0,
20260727,195870,4392.0,10.0,1,4392.0,
20260727,195940,3361.0,12.0,1,3361.0,
20260727,196170,5002.0,4.0,1,5002.0,
20260727,200670,3939.0,2.0,1,3939.0,
20260727,200710,1549.0,2.0,1,1549.0,
20260727,204270,997.0,1.0,1,997.0,
20260727,204320,4134.0,19.0,1,4134.0,
20260727,204610,,,0,,
20260727,207940,40595.0,21.0,1,40595.0,
20260727,211050,,,0,,
20260727,213420,3132.0,7.0,1,3132.0,
20260727,213500,1311.0,2.0,1,1311.0,
20260727,214150,2654.0,16.0,1,2654.0,
20260727,214180,3075.0,2.0,1,3075.0,
20260727,214320,2829.0,9.0,1,2829.0,
20260727,214420,665.0,1.0,1,665.0,
20260727,214430,2682.0,,1,2682.0,
20260727,214450,19108.0,15.0,1,19108.0,
20260727,215000,7266.0,1.0,1,7266.0,
20260727,215200,8992.0,1.0,1,8992.0,
20260727,217590,249.0,,1,249.0,
20260727,218410,1665.0,5.0,1,1665.0,
20260727,219130,3310.0,,1,3310.0,
20260727,222040,923.0,1.0,1,923.0,
20260727,222800,3968.0,8.0,1,3968.0,
20260727,228850,1046.0,2.0,1,1046.0,
20260727,229640,1730.0,6.0,1,1730.0,
20260727,230240,1116.0,2.0,1,1116.0,
20260727,232140,431.0,4.0,1,431.0,
20260727,234080,1730.0,1.0,1,1730.0,
20260727,234340,1532.0,2.0,1,1532.0,
20260727,236200,5984.0,1.0,1,5984.0,
20260727,237690,3453.0,14.0,1,3453.0,
20260727,237880,1144.0,2.0,1,1144.0,
20260727,240810,3544.0,6.0,1,3544.0,
20260727,241560,5767.0,7.0,1,5767.0,
20260727,241590,407.0,4.0,1,407.0,
20260727,241710,6455.0,10.0,1,6455.0,
20260727,243840,304.0,2.0,1,304.0,
20260727,244920,,,0,,
20260727,247540,387.0,19.0,1,387.0,
20260727,248070,1022.0,5.0,1,1022.0,
20260727,251270,4922.0,14.0,1,4922.0,
20260727,251970,3698.0,4.0,1,3698.0,
20260727,252990,546.0,,1,546.0,
20260727,253450,1221.0,11.0,1,1221.0,
20260727,257720,3457.0,8.0,1,3457.0,
20260727,259630,1781.0,,1,1781.0,
20260727,259960,23576.0,18.0,1,23576.0,
20260727,263750,5716.0,9.0,1,5716.0,
20260727,263860,1267.0,,1,1267.0,
20260727,264660,1708.0,,1,1708.0,
20260727,267250,30580.0,5.0,1,30580.0,
20260727,267260,26966.0,14.0,1,26966.0,
20260727,267270,11059.0,6.0,1,11059.0,
20260727,271560,12153.0,14.0,1,12153.0,
20260727,272210,1047.0,13.0,1,1047.0,
20260727,272290,2869.0,1.0,1,2869.0,
20260727,277810,773.0,1.0,1,773.0,
20260727,278470,15081.0,19.0,1,15081.0,
20260727,279570,317.0,2.0,1,317.0,
20260727,280360,12588.0,11.0,1,12588.0,
20260727,281820,6467.0,1.0,1,6467.0,
20260727,282330,13077.0,14.0,1,13077.0,
20260727,282720,74.0,1.0,1,74.0,
20260727,282880,1334.0,1.0,1,1334.0,
20260727,285130,7719.0,2.0,1,7719.0,
20260727,286940,1719.0,2.0,1,1719.0,
20260727,290550,1800.0,1.0,1,1800.0,
20260727,290650,881.0,,1,881.0,
20260727,293480,1232.0,1.0,1,1232.0,
20260727,294570,2249.0,,1,2249.0,
20260727,294870,5555.0,14.0,1,5555.0,
20260727,295310,1208.0,1.0,1,1208.0,
20260727,297090,,,0,,
20260727,298020,51483.0,5.0,1,51483.0,
20260727,298040,82787.0,14.0,1,82787.0,
20260727,298050,14674.0,5.0,1,14674.0,
20260727,299030,1226.0,,1,1226.0,
20260727,300720,952.0,2.0,1,952.0,
20260727,306200,23666.0,4.0,1,23666.0,
20260727,307950,7488.0,16.0,1,7488.0,
20260727,316140,4306.0,19.0,1,4306.0,
20260727,317400,1448.0,1.0,1,1448.0,
20260727,319400,,,0,,
20260727,319660,5236.0,7.0,1,5236.0,
20260727,322000,8134.0,2.0,1,8134.0,
20260727,322310,,,0,,
20260727,323410,1254.0,13.0,1,1254.0,
20260727,326030,4210.0,12.0,1,4210.0,
20260727,327260,644.0,2.0,1,644.0,
20260727,329180,29581.0,21.0,1,29581.0,
20260727,330860,1469.0,2.0,1,1469.0,
20260727,336370,1326.0,3.0,1,1326.0,
20260727,336570,525.0,1.0,1,525.0,
20260727,339770,416.0,1.0,1,416.0,
20260727,340450,262.0,,1,262.0,
20260727,340570,6801.0,3.0,1,6801.0,
20260727,347700,916.0,1.0,1,916.0,
20260727,348210,1887.0,3.0,1,1887.0,
20260727,352480,1343.0,,1,1343.0,
20260727,352820,4650.0,20.0,1,4650.0,
20260727,353200,4132.0,14.0,1,4132.0,
20260727,353810,,,0,,
20260727,354320,1200.0,1.0,1,1200.0,
20260727,355150,981.0,,1,981.0,
20260727,356860,1969.0,8.0,1,1969.0,
20260727,357780,18871.0,8.0,1,18871.0,
20260727,361390,229.0,1.0,1,229.0,
20260727,375500,10554.0,18.0,1,10554.0,
20260727,376270,1736.0,1.0,1,1736.0,
20260727,376300,1732.0,13.0,1,1732.0,
20260727,377300,878.0,5.0,1,878.0,
20260727,381970,1035.0,3.0,1,1035.0,
20260727,382800,754.0,,1,754.0,
20260727,383220,12837.0,10.0,1,12837.0,
20260727,383310,1333.0,1.0,1,1333.0,
20260727,383800,1955.0,2.0,1,1955.0,
20260727,388050,540.0,,1,540.0,
20260727,388210,6319.0,3.0,1,6319.0,
20260727,402340,296272.0,7.0,1,296272.0,
20260727,403550,83.0,1.0,1,83.0,
20260727,403870,1440.0,6.0,1,1440.0,
20260727,405100,1008.0,1.0,1,1008.0,
20260727,413630,124.0,,1,124.0,
20260727,415640,,,0,,
20260727,417840,1231.0,1.0,1,1231.0,
20260727,419530,2869.0,2.0,1,2869.0,
20260727,420770,1840.0,3.0,1,1840.0,
20260727,425040,,,0,,
20260727,425420,2620.0,,1,2620.0,
20260727,439260,7903.0,5.0,1,7903.0,
20260727,440110,1817.0,1.0,1,1817.0,
20260727,441270,610.0,,1,610.0,
20260727,443060,7901.0,11.0,1,7901.0,
20260727,445090,549.0,,1,549.0,
20260727,450950,177.0,2.0,1,177.0,
20260727,451760,457.0,1.0,1,457.0,
20260727,452430,419.0,1.0,1,419.0,
20260727,453340,3489.0,3.0,1,3489.0,
20260727,453450,768.0,,1,768.0,
20260727,454910,108.0,1.0,1,108.0,
20260727,456010,7.0,1.0,1,7.0,
20260727,456040,12816.0,3.0,1,12816.0,
20260727,458870,1618.0,4.0,1,1618.0,
20260727,460860,794.0,3.0,1,794.0,
20260727,462870,2176.0,9.0,1,2176.0,
20260727,473980,,,0,,
20260727,474170,87.0,1.0,1,87.0,
20260727,475150,880.0,4.0,1,880.0,
20260727,475430,560.0,,1,560.0,
20260727,475960,37.0,1.0,1,37.0,
20260727,476060,609.0,2.0,1,609.0,
20260727,482630,1028.0,2.0,1,1028.0,
20260727,483650,10290.0,14.0,1,10290.0,
20260727,484590,,,0,,
20260727,488280,148.0,,1,148.0,
20260727,489500,1479.0,,1,1479.0,
20260727,489790,2712.0,3.0,1,2712.0,
20260727,499790,2723.0,6.0,1,2723.0,
20260728,000080,1406.0,6.0,1,1406.0,
20260728,000100,1897.0,12.0,1,1897.0,
20260728,000120,10002.0,10.0,1,10002.0,
20260728,000150,20160.0,13.0,1,20160.0,
20260728,000210,12152.0,2.0,1,12152.0,
20260728,000240,,,0,,
20260728,000270,21844.0,25.0,1,21844.0,
20260728,000370,2152.0,7.0,1,2152.0,
20260728,000640,10694.0,2.0,1,10694.0,
20260728,000660,315593.0,23.0,1,315593.0,
20260728,000720,4791.0,20.0,1,4791.0,
20260728,0007C0,,,0,,
20260728,000810,46428.0,16.0,1,46428.0,
20260728,000880,9976.0,10.0,1,9976.0,
20260728,0008Z0,2119.0,1.0,1,2119.0,
20260728,000990,8413.0,3.0,1,8413.0,
20260728,001040,10171.0,9.0,1,10171.0,
20260728,001120,7916.0,6.0,1,7916.0,
20260728,0011A0,870.0,,1,870.0,
20260728,001230,179.0,1.0,1,179.0,
20260728,001250,246.0,1.0,1,246.0,
20260728,001340,229.0,1.0,1,229.0,
20260728,001430,2650.0,9.0,1,2650.0,
20260728,001440,496.0,6.0,1,496.0,
20260728,001450,,15.0,0,,
20260728,001530,657.0,1.0,1,657.0,
20260728,001680,2694.0,2.0,1,2694.0,
20260728,001740,430.0,3.0,1,430.0,
20260728,001940,988.0,1.0,1,988.0,
20260728,002020,4976.0,1.0,1,4976.0,
20260728,002320,-2390.0,1.0,0,-2390.0,
20260728,002350,1526.0,12.0,1,1526.0,
20260728,002380,186890.0,5.0,1,186890.0,
20260728,002990,1469.0,2.0,1,1469.0,
20260728,003030,18326.0,1.0,1,18326.0,
20260728,003070,2293.0,1.0,1,2293.0,
20260728,003160,1424.0,2.0,1,1424.0,
20260728,003220,756.0,2.0,1,756.0,
20260728,003230,74874.0,14.0,1,74874.0,
20260728,003490,930.0,11.0,1,930.0,
20260728,003540,4388.0,3.0,1,4388.0,
20260728,003550,7532.0,12.0,1,7532.0,
20260728,003570,2734.0,1.0,1,2734.0,
20260728,003670,275.0,19.0,1,275.0,
20260728,003850,772.0,1.0,1,772.0,
20260728,004000,7141.0,7.0,1,7141.0,
20260728,004020,978.0,14.0,1,978.0,
20260728,004170,40920.0,17.0,1,40920.0,
20260728,004370,32114.0,13.0,1,32114.0,
20260728,004690,37548.0,1.0,1,37548.0,
20260728,004800,19215.0,3.0,1,19215.0,
20260728,004990,897.0,4.0,1,897.0,
20260728,005070,121.0,2.0,1,121.0,
20260728,005090,1140.0,3.0,1,1140.0,
20260728,005180,8570.0,,1,8570.0,
20260728,005300,10455.0,10.0,1,10455.0,
20260728,005380,38148.0,25.0,1,38148.0,
20260728,005440,1850.0,4.0,1,1850.0,
20260728,005490,22008.0,18.0,1,22008.0,
20260728,005500,1719.0,1.0,1,1719.0,
20260728,005690,914.0,3.0,1,914.0,
20260728,005810,8601.0,1.0,1,8601.0,
20260728,005830,22759.0,15.0,1,22759.0,
20260728,005850,8294.0,7.0,1,8294.0,
20260728,005880,517.0,4.0,1,517.0,
20260728,005930,46642.0,24.0,1,46642.0,
20260728,005940,4481.0,17.0,1,4481.0,
20260728,006040,7716.0,4.0,1,7716.0,
20260728,006110,159.0,,1,159.0,
20260728,006260,19489.0,11.0,1,19489.0,
20260728,006280,13770.0,13.0,1,13770.0,
20260728,006360,2503.0,19.0,1,2503.0,
20260728,006400,4511.0,23.0,1,4511.0,
20260728,006650,14422.0,5.0,1,14422.0,
20260728,006730,648.0,4.0,1,648.0,
20260728,006800,4726.0,17.0,1,4726.0,
20260728,007070,2426.0,13.0,1,2426.0,
20260728,007340,5980.0,1.0,1,5980.0,
20260728,007660,3600.0,12.0,1,3600.0,
20260728,007690,6295.0,2.0,1,6295.0,
20260728,007810,4392.0,3.0,1,4392.0,
20260728,008730,516.0,,1,516.0,
20260728,008770,3015.0,11.0,1,3015.0,
20260728,009150,17397.0,21.0,1,17397.0,
20260728,009240,1152.0,6.0,1,1152.0,
20260728,009420,4.0,7.0,1,4.0,
20260728,009450,11851.0,2.0,1,11851.0,
20260728,009540,49868.0,15.0,1,49868.0,
20260728,009830,2174.0,12.0,1,2174.0,
20260728,009900,1534.0,1.0,1,1534.0,
20260728,010060,8632.0,7.0,1,8632.0,
20260728,010120,3608.0,15.0,1,3608.0,
20260728,010130,63195.0,4.0,1,63195.0,
20260728,010140,1078.0,21.0,1,1078.0,
20260728,010690,2520.0,1.0,1,2520.0,
20260728,010780,4901.0,5.0,1,4901.0,
20260728,010950,20978.0,17.0,1,20978.0,
20260728,011070,36845.0,20.0,1,36845.0,
20260728,011200,1703.0,12.0,1,1703.0,
20260728,011210,5570.0,15.0,1,5570.0,
20260728,011560,4622.0,1.0,1,4622.0,
20260728,011760,7017.0,3.0,1,7017.0,
20260728,011780,15121.0,13.0,1,15121.0,
20260728,011930,735.0,1.0,1,735.0,
20260728,012210,353.0,,1,353.0,
20260728,012330,45711.0,25.0,1,45711.0,
20260728,012450,42222.0,18.0,1,42222.0,
20260728,012630,3783.0,1.0,1,3783.0,
20260728,0126Z0,9510.0,3.0,1,9510.0,
20260728,012750,4175.0,4.0,1,4175.0,
20260728,013030,4754.0,1.0,1,4754.0,
20260728,013120,286.0,1.0,1,286.0,
20260728,013580,11757.0,1.0,1,11757.0,
20260728,014620,1544.0,3.0,1,1544.0,
20260728,014680,15383.0,7.0,1,15383.0,
20260728,014790,1081.0,3.0,1,1081.0,
20260728,014830,14045.0,6.0,1,14045.0,
20260728,015760,9070.0,14.0,1,9070.0,
20260728,016360,19653.0,18.0,1,19653.0,
20260728,016380,1383.0,3.0,1,1383.0,
20260728,016580,1108.0,1.0,1,1108.0,
20260728,017670,5858.0,19.0,1,5858.0,
20260728,017800,4221.0,1.0,1,4221.0,
20260728,017810,1284.0,2.0,1,1284.0,
20260728,017940,31166.0,1.0,1,31166.0,
20260728,017960,2230.0,3.0,1,2230.0,
20260728,018250,,,0,,
20260728,018260,9385.0,11.0,1,9385.0,
20260728,018290,1631.0,1.0,1,1631.0,
20260728,018670,54884.0,5.0,1,54884.0,
20260728,018880,236.0,17.0,1,236.0,
20260728,019210,,,0,,
20260728,020000,3855.0,5.0,1,3855.0,
20260728,021240,10116.0,3.0,1,10116.0,
20260728,021320,1869.0,1.0,1,1869.0,
20260728,023160,1991.0,2.0,1,1991.0,
20260728,023530,13450.0,14.0,1,13450.0,
20260728,024110,3497.0,14.0,1,3497.0,
20260728,025320,105.0,,1,105.0,
20260728,025540,11854.0,1.0,1,11854.0,
20260728,027410,648.0,1.0,1,648.0,
20260728,028050,3776.0,21.0,1,3776.0,
20260728,028260,16042.0,14.0,1,16042.0,
20260728,028670,756.0,13.0,1,756.0,
20260728,029780,,2.0,0,,
20260728,030000,1943.0,11.0,1,1943.0,
20260728,030190,1591.0,1.0,1,1591.0,
20260728,030200,5690.0,18.0,1,5690.0,
20260728,030520,1747.0,3.0,1,1747.0,
20260728,031430,1554.0,6.0,1,1554.0,
20260728,031980,6303.0,5.0,1,6303.0,
20260728,032350,941.0,10.0,1,941.0,
20260728,032500,48.0,1.0,1,48.0,
20260728,032640,1695.0,18.0,1,1695.0,
20260728,032830,14346.0,14.0,1,14346.0,
20260728,033240,3878.0,1.0,1,3878.0,
20260728,033270,2808.0,2.0,1,2808.0,
20260728,033500,2568.0,1.0,1,2568.0,
20260728,033530,,,0,,
20260728,033640,230.0,1.0,1,230.0,
20260728,033780,12070.0,14.0,1,12070.0,
20260728,034020,464.0,15.0,1,464.0,
20260728,034120,249.0,6.0,1,249.0,
20260728,034220,221.0,8.0,1,221.0,
20260728,034230,982.0,11.0,1,982.0,
20260728,034730,125347.0,13.0,1,125347.0,
20260728,035150,2311.0,1.0,1,2311.0,
20260728,035250,1388.0,10.0,1,1388.0,
20260728,035420,11976.0,21.0,1,11976.0,
20260728,035600,2168.0,3.0,1,2168.0,
20260728,035720,1556.0,16.0,1,1556.0,
20260728,035760,2102.0,13.0,1,2102.0,
20260728,035900,3743.0,18.0,1,3743.0,
20260728,036010,722.0,,1,722.0,
20260728,036200,,,0,,
20260728,036460,10764.0,8.0,1,10764.0,
20260728,036530,8710.0,1.0,1,8710.0,
20260728,036540,18.0,1.0,1,18.0,
20260728,036570,21561.0,18.0,1,21561.0,
20260728,036620,512.0,2.0,1,512.0,
20260728,036800,5290.0,2.0,1,5290.0,
20260728,036810,,,0,,
20260728,036890,1589.0,,1,1589.0,
20260728,036930,1255.0,2.0,1,1255.0,
20260728,037030,915.0,,1,915.0,
20260728,037560,256.0,3.0,1,256.0,
20260728,039030,10220.0,1.0,1,10220.0,
20260728,039130,3499.0,5.0,1,3499.0,
20260728,039200,,,0,,
20260728,039440,4901.0,1.0,1,4901.0,
20260728,039490,66290.0,17.0,1,66290.0,
20260728,039570,1271.0,1.0,1,1271.0,
20260728,039830,3396.0,,1,3396.0,
20260728,039840,1706.0,1.0,1,1706.0,
20260728,041510,5735.0,18.0,1,5735.0,
20260728,041830,3568.0,2.0,1,3568.0,
20260728,041920,1048.0,1.0,1,1048.0,
20260728,042000,1632.0,1.0,1,1632.0,
20260728,042520,1085.0,1.0,1,1085.0,
20260728,042660,5381.0,21.0,1,5381.0,
20260728,042700,3627.0,1.0,1,3627.0,
20260728,043150,3277.0,4.0,1,3277.0,
20260728,043260,4021.0,2.0,1,4021.0,
20260728,044490,1484.0,,1,1484.0,
20260728,046440,889.0,1.0,1,889.0,
20260728,047040,1190.0,12.0,1,1190.0,
20260728,047050,5062.0,14.0,1,5062.0,
20260728,047810,3302.0,16.0,1,3302.0,
20260728,049070,1664.0,1.0,1,1664.0,
20260728,050890,702.0,3.0,1,702.0,
20260728,051370,1237.0,1.0,1,1237.0,
20260728,051500,4575.0,6.0,1,4575.0,
20260728,051600,3500.0,11.0,1,3500.0,
20260728,051900,11296.0,13.0,1,11296.0,
20260728,052400,7251.0,1.0,1,7251.0,
20260728,052690,1714.0,12.0,1,1714.0,
20260728,052710,530.0,2.0,1,530.0,
20260728,053210,462.0,5.0,1,462.0,
20260728,053610,6365.0,,1,6365.0,
20260728,053690,2099.0,2.0,1,2099.0,
20260728,054450,1061.0,1.0,1,1061.0,
20260728,054950,2859.0,3.0,1,2859.0,
20260728,055550,12446.0,18.0,1,12446.0,
20260728,056090,146.0,,1,146.0,
20260728,056190,2333.0,2.0,1,2333.0,
20260728,058430,408.0,2.0,1,408.0,
20260728,058470,2437.0,5.0,1,2437.0,
20260728,058610,824.0,2.0,1,824.0,
20260728,058650,19337.0,1.0,1,19337.0,
20260728,058970,146.0,1.0,1,146.0,
20260728,059210,613.0,,1,613.0,
20260728,060250,1424.0,4.0,1,1424.0,
20260728,060370,459.0,1.0,1,459.0,
20260728,060720,950.0,3.0,1,950.0,
20260728,060980,6345.0,3.0,1,6345.0,
20260728,061090,5706.0,1.0,1,5706.0,
20260728,062040,6761.0,8.0,1,6761.0,
20260728,063570,419.0,1.0,1,419.0,
20260728,064290,445.0,2.0,1,445.0,
20260728,064350,8323.0,16.0,1,8323.0,
20260728,064400,4931.0,9.0,1,4931.0,
20260728,064760,9718.0,5.0,1,9718.0,
20260728,064850,2191.0,,1,2191.0,
20260728,064960,3812.0,5.0,1,3812.0,
20260728,066570,12296.0,20.0,1,12296.0,
20260728,066980,21.0,,1,21.0,
20260728,067160,8217.0,7.0,1,8217.0,
20260728,067310,2440.0,4.0,1,2440.0,
20260728,068270,6389.0,18.0,1,6389.0,
20260728,068930,1012.0,1.0,1,1012.0,
20260728,069080,1213.0,1.0,1,1213.0,
20260728,069260,1799.0,2.0,1,1799.0,
20260728,069620,15957.0,11.0,1,15957.0,
20260728,069960,13186.0,17.0,1,13186.0,
20260728,070960,104.0,1.0,1,104.0,
20260728,071050,46408.0,16.0,1,46408.0,
20260728,071320,20089.0,2.0,1,20089.0,
20260728,071970,3730.0,5.0,1,3730.0,
20260728,073240,1405.0,10.0,1,1405.0,
20260728,073490,2174.0,2.0,1,2174.0,
20260728,074600,2440.0,2.0,1,2440.0,
20260728,075580,,,0,,
20260728,077360,,1.0,0,,
20260728,077970,2030.0,2.0,1,2030.0,
20260728,078340,1430.0,5.0,1,1430.0,
20260728,078600,1078.0,2.0,1,1078.0,
20260728,078930,16872.0,5.0,1,16872.0,
20260728,079430,412.0,3.0,1,412.0,
20260728,079550,16788.0,18.0,1,16788.0,
20260728,079900,2285.0,2.0,1,2285.0,
20260728,080160,307.0,1.0,1,307.0,
20260728,080580,1002.0,1.0,1,1002.0,
20260728,081660,5155.0,9.0,1,5155.0,
20260728,082740,2462.0,7.0,1,2462.0,
20260728,082920,1724.0,3.0,1,1724.0,
20260728,083450,3505.0,,1,3505.0,
20260728,083500,1669.0,3.0,1,1669.0,
20260728,083650,2556.0,3.0,1,2556.0,
20260728,084010,495.0,1.0,1,495.0,
20260728,084370,4060.0,3.0,1,4060.0,
20260728,084850,185.0,,1,185.0,
20260728,085910,819.0,1.0,1,819.0,
20260728,086280,22213.0,16.0,1,22213.0,
20260728,086390,961.0,2.0,1,961.0,
20260728,086450,1988.0,1.0,1,1988.0,
20260728,086790,16088.0,19.0,1,16088.0,
20260728,086900,3553.0,2.0,1,3553.0,
20260728,088350,950.0,12.0,1,950.0,
20260728,088980,710.0,2.0,1,710.0,
20260728,089010,2018.0,2.0,1,2018.0,
20260728,089030,1927.0,,1,1927.0,
20260728,089600,1573.0,3.0,1,1573.0,
20260728,089860,4239.0,10.0,1,4239.0,
20260728,089970,3354.0,3.0,1,3354.0,
20260728,089980,475.0,1.0,1,475.0,
20260728,090430,5176.0,18.0,1,5176.0,
20260728,090460,2798.0,10.0,1,2798.0,
20260728,091580,1399.0,1.0,1,1399.0,
20260728,091700,678.0,2.0,1,678.0,
20260728,092130,1146.0,1.0,1,1146.0,
20260728,092730,1757.0,1.0,1,1757.0,
20260728,092870,1532.0,,1,1532.0,
20260728,093370,206.0,1.0,1,206.0,
20260728,093520,2120.0,1.0,1,2120.0,
20260728,094170,478.0,,1,478.0,
20260728,094360,452.0,2.0,1,452.0,
20260728,094840,,,0,,
20260728,095340,4263.0,7.0,1,4263.0,
20260728,095570,501.0,3.0,1,501.0,
20260728,095610,5196.0,8.0,1,5196.0,
20260728,095660,1992.0,9.0,1,1992.0,
20260728,096530,1748.0,2.0,1,1748.0,
20260728,096770,13181.0,13.0,1,13181.0,
20260728,097230,1750.0,1.0,1,1750.0,
20260728,097520,2442.0,3.0,1,2442.0,
20260728,097950,23871.0,13.0,1,23871.0,
20260728,098070,3201.0,,1,3201.0,
20260728,098460,723.0,5.0,1,723.0,
20260728,099190,103.0,2.0,1,103.0,
20260728,099320,995.0,1.0,1,995.0,
20260728,099430,448.0,1.0,1,448.0,
20260728,100090,719.0,6.0,1,719.0,
20260728,100120,3562.0,3.0,1,3562.0,
20260728,100840,5295.0,2.0,1,5295.0,
20260728,102710,4532.0,2.0,1,4532.0,
20260728,103140,8995.0,10.0,1,8995.0,
20260728,103590,3352.0,3.0,1,3352.0,
20260728,104700,219.0,1.0,1,219.0,
20260728,104830,5084.0,2.0,1,5084.0,
20260728,105560,18392.0,18.0,1,18392.0,
20260728,105630,1308.0,9.0,1,1308.0,
20260728,105840,797.0,1.0,1,797.0,
20260728,107640,631.0,1.0,1,631.0,
20260728,108320,3935.0,1.0,1,3935.0,
20260728,108380,2728.0,1.0,1,2728.0,
20260728,108490,408.0,6.0,1,408.0,
20260728,108670,6614.0,5.0,1,6614.0,
20260728,111770,13369.0,9.0,1,13369.0,
20260728,112040,1355.0,1.0,1,1355.0,
20260728,112610,4297.0,9.0,1,4297.0,
20260728,114090,996.0,11.0,1,996.0,
20260728,114810,,,0,,
20260728,114840,1119.0,1.0,1,1119.0,
20260728,119610,1869.0,1.0,1,1869.0,
20260728,120110,6788.0,5.0,1,6788.0,
20260728,121600,735.0,1.0,1,735.0,
20260728,122450,739.0,,1,739.0,
20260728,122640,997.0,2.0,1,997.0,
20260728,122870,2815.0,19.0,1,2815.0,
20260728,122900,1256.0,1.0,1,1256.0,
20260728,123330,2654.0,,1,2654.0,
20260728,125210,,,0,,
20260728,125490,205.0,2.0,1,205.0,
20260728,126340,281.0,1.0,1,281.0,
20260728,126700,1780.0,,1,1780.0,
20260728,126720,3850.0,1.0,1,3850.0,
20260728,128940,17988.0,17.0,1,17988.0,
20260728,131290,12087.0,3.0,1,12087.0,
20260728,131970,2185.0,7.0,1,2185.0,
20260728,138040,14254.0,4.0,1,14254.0,
20260728,138080,366.0,1.0,1,366.0,
20260728,138930,2693.0,17.0,1,2693.0,
20260728,139130,3098.0,16.0,1,3098.0,
20260728,139480,5218.0,9.0,1,5218.0,
20260728,140860,7371.0,6.0,1,7371.0,
20260728,142210,2496.0,,1,2496.0,
20260728,145020,14311.0,14.0,1,14311.0,
20260728,145720,7151.0,5.0,1,7151.0,
20260728,148150,287.0,1.0,1,287.0,
20260728,149950,585.0,1.0,1,585.0,
20260728,161390,10751.0,16.0,1,10751.0,
20260728,161890,7365.0,19.0,1,7365.0,
20260728,163730,481.0,,1,481.0,
20260728,166090,3926.0,2.0,1,3926.0,
20260728,170920,2262.0,1.0,1,2262.0,
20260728,171090,7937.0,3.0,1,7937.0,
20260728,175330,3959.0,16.0,1,3959.0,
20260728,178320,861.0,2.0,1,861.0,
20260728,178920,1755.0,4.0,1,1755.0,
20260728,181710,3488.0,9.0,1,3488.0,
20260728,183190,1074.0,2.0,1,1074.0,
20260728,183300,3173.0,2.0,1,3173.0,
20260728,185750,4564.0,8.0,1,4564.0,
20260728,187790,248.0,,1,248.0,
20260728,189300,3596.0,6.0,1,3596.0,
20260728,190510,1079.0,,1,1079.0,
20260728,192080,9227.0,13.0,1,9227.0,
20260728,192400,4330.0,1.0,1,4330.0,
20260728,192650,180.0,3.0,1,180.0,
20260728,192820,13166.0,18.0,1,13166.0,
20260728,194370,3753.0,1.0,1,3753.0,
20260728,195870,4392.0,10.0,1,4392.0,
20260728,195940,3361.0,12.0,1,3361.0,
20260728,196170,5002.0,4.0,1,5002.0,
20260728,200670,3939.0,2.0,1,3939.0,
20260728,200710,1549.0,2.0,1,1549.0,
20260728,204270,997.0,1.0,1,997.0,
20260728,204320,4134.0,19.0,1,4134.0,
20260728,204610,,,0,,
20260728,207940,40719.0,22.0,1,40719.0,
20260728,211050,,,0,,
20260728,213420,3132.0,7.0,1,3132.0,
20260728,213500,1311.0,2.0,1,1311.0,
20260728,214150,2654.0,16.0,1,2654.0,
20260728,214180,3075.0,2.0,1,3075.0,
20260728,214320,2829.0,9.0,1,2829.0,
20260728,214420,665.0,1.0,1,665.0,
20260728,214430,2682.0,,1,2682.0,
20260728,214450,19108.0,15.0,1,19108.0,
20260728,215000,7266.0,1.0,1,7266.0,
20260728,215200,8992.0,2.0,1,8992.0,
20260728,217590,249.0,,1,249.0,
20260728,218410,1664.0,5.0,1,1664.0,
20260728,219130,3310.0,,1,3310.0,
20260728,222040,923.0,1.0,1,923.0,
20260728,222800,3968.0,8.0,1,3968.0,
20260728,228850,1046.0,2.0,1,1046.0,
20260728,229640,1730.0,6.0,1,1730.0,
20260728,230240,1116.0,2.0,1,1116.0,
20260728,232140,431.0,4.0,1,431.0,
20260728,234080,1730.0,1.0,1,1730.0,
20260728,234340,1532.0,2.0,1,1532.0,
20260728,236200,5984.0,1.0,1,5984.0,
20260728,237690,3449.0,13.0,1,3449.0,
20260728,237880,1144.0,2.0,1,1144.0,
20260728,240810,3544.0,6.0,1,3544.0,
20260728,241560,5767.0,7.0,1,5767.0,
20260728,241590,407.0,4.0,1,407.0,
20260728,241710,6455.0,10.0,1,6455.0,
20260728,243840,304.0,2.0,1,304.0,
20260728,244920,,,0,,
20260728,247540,387.0,19.0,1,387.0,
20260728,248070,1022.0,5.0,1,1022.0,
20260728,251270,4922.0,14.0,1,4922.0,
20260728,251970,3698.0,4.0,1,3698.0,
20260728,252990,546.0,,1,546.0,
20260728,253450,1221.0,11.0,1,1221.0,
20260728,257720,3457.0,8.0,1,3457.0,
20260728,259630,1781.0,,1,1781.0,
20260728,259960,23576.0,18.0,1,23576.0,
20260728,263750,5716.0,9.0,1,5716.0,
20260728,263860,1267.0,,1,1267.0,
20260728,264660,1708.0,,1,1708.0,
20260728,267250,30580.0,5.0,1,30580.0,
20260728,267260,26966.0,14.0,1,26966.0,
20260728,267270,11147.0,5.0,1,11147.0,
20260728,271560,12153.0,14.0,1,12153.0,
20260728,272210,1047.0,13.0,1,1047.0,
20260728,272290,2869.0,1.0,1,2869.0,
20260728,277810,773.0,1.0,1,773.0,
20260728,278470,15081.0,19.0,1,15081.0,
20260728,279570,317.0,2.0,1,317.0,
20260728,280360,12548.0,11.0,1,12548.0,
20260728,281820,6467.0,1.0,1,6467.0,
20260728,282330,13077.0,14.0,1,13077.0,
20260728,282720,74.0,1.0,1,74.0,
20260728,282880,1334.0,1.0,1,1334.0,
20260728,285130,7719.0,2.0,1,7719.0,
20260728,286940,1685.0,3.0,1,1685.0,
20260728,290550,1800.0,1.0,1,1800.0,
20260728,290650,881.0,,1,881.0,
20260728,293480,1232.0,1.0,1,1232.0,
20260728,294570,2249.0,,1,2249.0,
20260728,294870,5336.0,16.0,1,5336.0,
20260728,295310,1208.0,1.0,1,1208.0,
20260728,297090,,,0,,
20260728,298020,52742.0,4.0,1,52742.0,
20260728,298040,83552.0,10.0,1,83552.0,
20260728,298050,14674.0,5.0,1,14674.0,
20260728,299030,1226.0,,1,1226.0,
20260728,300720,952.0,2.0,1,952.0,
20260728,306200,23666.0,4.0,1,23666.0,
20260728,307950,7488.0,16.0,1,7488.0,
20260728,316140,4400.0,18.0,1,4400.0,
20260728,317400,1448.0,1.0,1,1448.0,
20260728,319400,,,0,,
20260728,319660,5236.0,7.0,1,5236.0,
20260728,322000,10464.0,2.0,1,10464.0,
20260728,322310,,,0,,
20260728,323410,1254.0,13.0,1,1254.0,
20260728,326030,4210.0,12.0,1,4210.0,
20260728,327260,644.0,2.0,1,644.0,
20260728,329180,29580.0,21.0,1,29580.0,
20260728,330860,1469.0,2.0,1,1469.0,
20260728,336370,1596.0,3.0,1,1596.0,
20260728,336570,525.0,1.0,1,525.0,
20260728,339770,416.0,1.0,1,416.0,
20260728,340450,262.0,,1,262.0,
20260728,340570,7231.0,3.0,1,7231.0,
20260728,347700,916.0,1.0,1,916.0,
20260728,348210,1887.0,3.0,1,1887.0,
20260728,352480,1343.0,,1,1343.0,
20260728,352820,4650.0,20.0,1,4650.0,
20260728,353200,4132.0,14.0,1,4132.0,
20260728,353810,,,0,,
20260728,354320,1200.0,1.0,1,1200.0,
20260728,355150,988.0,,1,988.0,
20260728,356860,1969.0,8.0,1,1969.0,
20260728,357780,18871.0,8.0,1,18871.0,
20260728,361390,229.0,1.0,1,229.0,
20260728,375500,10554.0,18.0,1,10554.0,
20260728,376270,1736.0,1.0,1,1736.0,
20260728,376300,1737.0,12.0,1,1737.0,
20260728,377300,861.0,6.0,1,861.0,
20260728,381970,1035.0,3.0,1,1035.0,
20260728,382800,754.0,,1,754.0,
20260728,383220,12837.0,10.0,1,12837.0,
20260728,383310,1333.0,1.0,1,1333.0,
20260728,383800,1955.0,2.0,1,1955.0,
20260728,388050,540.0,,1,540.0,
20260728,388210,6319.0,3.0,1,6319.0,
20260728,402340,296272.0,7.0,1,296272.0,
20260728,403550,83.0,1.0,1,83.0,
20260728,403870,1440.0,6.0,1,1440.0,
20260728,405100,1008.0,1.0,1,1008.0,
20260728,413630,124.0,,1,124.0,
20260728,415640,,,0,,
20260728,417840,1231.0,1.0,1,1231.0,
20260728,419530,2869.0,2.0,1,2869.0,
20260728,420770,1840.0,3.0,1,1840.0,
20260728,425040,,,0,,
20260728,425420,2620.0,,1,2620.0,
20260728,439260,7903.0,5.0,1,7903.0,
20260728,440110,1817.0,1.0,1,1817.0,
20260728,441270,610.0,,1,610.0,
20260728,443060,7884.0,9.0,1,7884.0,
20260728,445090,549.0,,1,549.0,
20260728,450950,177.0,2.0,1,177.0,
20260728,451760,457.0,1.0,1,457.0,
20260728,452430,419.0,1.0,1,419.0,
20260728,453340,3489.0,3.0,1,3489.0,
20260728,453450,768.0,,1,768.0,
20260728,454910,108.0,1.0,1,108.0,
20260728,456010,7.0,1.0,1,7.0,
20260728,456040,12816.0,3.0,1,12816.0,
20260728,458870,1618.0,4.0,1,1618.0,
20260728,460860,685.0,3.0,1,685.0,
20260728,462870,2176.0,9.0,1,2176.0,
20260728,473980,,,0,,
20260728,474170,87.0,1.0,1,87.0,
20260728,475150,890.0,4.0,1,890.0,
20260728,475430,560.0,,1,560.0,
20260728,475960,37.0,1.0,1,37.0,
20260728,476060,609.0,2.0,1,609.0,
20260728,482630,1028.0,2.0,1,1028.0,
20260728,483650,10290.0,14.0,1,10290.0,
20260728,484590,,,0,,
20260728,488280,148.0,,1,148.0,
20260728,489500,1479.0,,1,1479.0,
20260728,489790,2712.0,3.0,1,2712.0,
20260728,499790,2723.0,6.0,1,2723.0,
20260729,000080,1406.0,6.0,1,1406.0,
20260729,000100,1897.0,12.0,1,1897.0,
20260729,000120,10002.0,10.0,1,10002.0,
20260729,000150,20935.0,13.0,1,20935.0,
20260729,000210,12152.0,2.0,1,12152.0,
20260729,000240,,,0,,
20260729,000270,21844.0,25.0,1,21844.0,
20260729,000370,2152.0,7.0,1,2152.0,
20260729,000640,10694.0,2.0,1,10694.0,
20260729,000660,315006.0,23.0,1,315006.0,
20260729,000720,4791.0,20.0,1,4791.0,
20260729,0007C0,,,0,,
20260729,000810,46428.0,16.0,1,46428.0,
20260729,000880,9976.0,10.0,1,9976.0,
20260729,0008Z0,2119.0,1.0,1,2119.0,
20260729,000990,8413.0,3.0,1,8413.0,
20260729,001040,10171.0,9.0,1,10171.0,
20260729,001120,7916.0,6.0,1,7916.0,
20260729,0011A0,870.0,,1,870.0,
20260729,001230,179.0,1.0,1,179.0,
20260729,001250,246.0,1.0,1,246.0,
20260729,001340,229.0,1.0,1,229.0,
20260729,001430,2650.0,9.0,1,2650.0,
20260729,001440,496.0,6.0,1,496.0,
20260729,001450,,15.0,0,,
20260729,001530,657.0,1.0,1,657.0,
20260729,001680,2694.0,2.0,1,2694.0,
20260729,001740,430.0,3.0,1,430.0,
20260729,001940,988.0,1.0,1,988.0,
20260729,002020,4976.0,1.0,1,4976.0,
20260729,002320,-2390.0,1.0,0,-2390.0,
20260729,002350,1526.0,12.0,1,1526.0,
20260729,002380,186890.0,5.0,1,186890.0,
20260729,002990,1469.0,2.0,1,1469.0,
20260729,003030,18326.0,1.0,1,18326.0,
20260729,003070,2293.0,1.0,1,2293.0,
20260729,003160,1424.0,2.0,1,1424.0,
20260729,003220,756.0,2.0,1,756.0,
20260729,003230,74874.0,14.0,1,74874.0,
20260729,003490,930.0,11.0,1,930.0,
20260729,003540,4700.0,3.0,1,4700.0,
20260729,003550,7532.0,12.0,1,7532.0,
20260729,003570,2734.0,1.0,1,2734.0,
20260729,003670,275.0,19.0,1,275.0,
20260729,003850,772.0,1.0,1,772.0,
20260729,004000,7141.0,7.0,1,7141.0,
20260729,004020,896.0,13.0,1,896.0,
20260729,004170,40920.0,17.0,1,40920.0,
20260729,004370,32114.0,13.0,1,32114.0,
20260729,004690,37548.0,1.0,1,37548.0,
20260729,004800,19215.0,3.0,1,19215.0,
20260729,004990,897.0,4.0,1,897.0,
20260729,005070,121.0,2.0,1,121.0,
20260729,005090,1140.0,3.0,1,1140.0,
20260729,005180,8570.0,,1,8570.0,
20260729,005300,10455.0,10.0,1,10455.0,
20260729,005380,38148.0,25.0,1,38148.0,
20260729,005440,1850.0,4.0,1,1850.0,
20260729,005490,22008.0,18.0,1,22008.0,
20260729,005500,1719.0,1.0,1,1719.0,
20260729,005690,914.0,3.0,1,914.0,
20260729,005810,8601.0,1.0,1,8601.0,
20260729,005830,22759.0,15.0,1,22759.0,
20260729,005850,8294.0,7.0,1,8294.0,
20260729,005880,517.0,4.0,1,517.0,
20260729,005930,46635.0,24.0,1,46635.0,
20260729,005940,4481.0,17.0,1,4481.0,
20260729,006040,7716.0,4.0,1,7716.0,
20260729,006110,265.0,,1,265.0,
20260729,006260,19489.0,11.0,1,19489.0,
20260729,006280,13770.0,13.0,1,13770.0,
20260729,006360,2503.0,19.0,1,2503.0,
20260729,006400,4511.0,23.0,1,4511.0,
20260729,006650,14422.0,5.0,1,14422.0,
20260729,006730,648.0,4.0,1,648.0,
20260729,006800,4726.0,17.0,1,4726.0,
20260729,007070,2426.0,13.0,1,2426.0,
20260729,007340,5980.0,1.0,1,5980.0,
20260729,007660,3600.0,12.0,1,3600.0,
20260729,007690,6295.0,2.0,1,6295.0,
20260729,007810,4392.0,3.0,1,4392.0,
20260729,008730,516.0,,1,516.0,
20260729,008770,3015.0,11.0,1,3015.0,
20260729,009150,17397.0,21.0,1,17397.0,
20260729,009240,1091.0,7.0,1,1091.0,
20260729,009420,4.0,7.0,1,4.0,
20260729,009450,11851.0,2.0,1,11851.0,
20260729,009540,49868.0,15.0,1,49868.0,
20260729,009830,2287.0,11.0,1,2287.0,
20260729,009900,1534.0,1.0,1,1534.0,
20260729,010060,8632.0,7.0,1,8632.0,
20260729,010120,3608.0,15.0,1,3608.0,
20260729,010130,63195.0,4.0,1,63195.0,
20260729,010140,1078.0,21.0,1,1078.0,
20260729,010690,2520.0,1.0,1,2520.0,
20260729,010780,4901.0,5.0,1,4901.0,
20260729,010950,20978.0,17.0,1,20978.0,
20260729,011070,39030.0,20.0,1,39030.0,
20260729,011200,1703.0,12.0,1,1703.0,
20260729,011210,5462.0,15.0,1,5462.0,
20260729,011560,4622.0,1.0,1,4622.0,
20260729,011760,7017.0,3.0,1,7017.0,
20260729,011780,15121.0,13.0,1,15121.0,
20260729,011930,735.0,1.0,1,735.0,
20260729,012210,353.0,,1,353.0,
20260729,012330,45629.0,24.0,1,45629.0,
20260729,012450,42222.0,18.0,1,42222.0,
20260729,012630,3783.0,1.0,1,3783.0,
20260729,0126Z0,9510.0,3.0,1,9510.0,
20260729,012750,4175.0,4.0,1,4175.0,
20260729,013030,4754.0,1.0,1,4754.0,
20260729,013120,286.0,1.0,1,286.0,
20260729,013580,11757.0,1.0,1,11757.0,
20260729,014620,1544.0,3.0,1,1544.0,
20260729,014680,15383.0,7.0,1,15383.0,
20260729,014790,1081.0,3.0,1,1081.0,
20260729,014830,14045.0,6.0,1,14045.0,
20260729,015760,9011.0,15.0,1,9011.0,
20260729,016360,19653.0,18.0,1,19653.0,
20260729,016380,1383.0,3.0,1,1383.0,
20260729,016580,1108.0,1.0,1,1108.0,
20260729,017670,5858.0,19.0,1,5858.0,
20260729,017800,4221.0,1.0,1,4221.0,
20260729,017810,1284.0,2.0,1,1284.0,
20260729,017940,31166.0,1.0,1,31166.0,
20260729,017960,2230.0,3.0,1,2230.0,
20260729,018250,,,0,,
20260729,018260,9329.0,12.0,1,9329.0,
20260729,018290,1631.0,1.0,1,1631.0,
20260729,018670,54884.0,5.0,1,54884.0,
20260729,018880,236.0,17.0,1,236.0,
20260729,020000,3855.0,5.0,1,3855.0,
20260729,021240,10116.0,3.0,1,10116.0,
20260729,021320,1869.0,1.0,1,1869.0,
20260729,023160,1991.0,2.0,1,1991.0,
20260729,023530,13450.0,14.0,1,13450.0,
20260729,024110,3483.0,14.0,1,3483.0,
20260729,025320,105.0,,1,105.0,
20260729,025540,11854.0,1.0,1,11854.0,
20260729,027410,648.0,1.0,1,648.0,
20260729,028050,3776.0,21.0,1,3776.0,
20260729,028260,16042.0,14.0,1,16042.0,
20260729,028670,756.0,13.0,1,756.0,
20260729,029780,5262.0,4.0,1,5262.0,
20260729,030000,1943.0,11.0,1,1943.0,
20260729,030190,1591.0,1.0,1,1591.0,
20260729,030200,5690.0,18.0,1,5690.0,
20260729,030520,1747.0,3.0,1,1747.0,
20260729,031430,1554.0,6.0,1,1554.0,
20260729,031980,6303.0,5.0,1,6303.0,
20260729,032350,941.0,10.0,1,941.0,
20260729,032500,48.0,1.0,1,48.0,
20260729,032640,1695.0,18.0,1,1695.0,
20260729,032830,14346.0,14.0,1,14346.0,
20260729,033240,3878.0,1.0,1,3878.0,
20260729,033270,2808.0,2.0,1,2808.0,
20260729,033500,2568.0,1.0,1,2568.0,
20260729,033530,,,0,,
20260729,033640,230.0,1.0,1,230.0,
20260729,033780,12070.0,14.0,1,12070.0,
20260729,034020,476.0,16.0,1,476.0,
20260729,034120,249.0,6.0,1,249.0,
20260729,034220,221.0,8.0,1,221.0,
20260729,034230,982.0,11.0,1,982.0,
20260729,034730,125347.0,13.0,1,125347.0,
20260729,035150,2311.0,1.0,1,2311.0,
20260729,035250,1388.0,10.0,1,1388.0,
20260729,035420,11932.0,22.0,1,11932.0,
20260729,035600,2168.0,3.0,1,2168.0,
20260729,035720,1556.0,16.0,1,1556.0,
20260729,035760,2102.0,13.0,1,2102.0,
20260729,035900,3726.0,18.0,1,3726.0,
20260729,036010,722.0,,1,722.0,
20260729,036200,,,0,,
20260729,036460,10764.0,8.0,1,10764.0,
20260729,036530,8710.0,1.0,1,8710.0,
20260729,036540,18.0,1.0,1,18.0,
20260729,036570,21561.0,18.0,1,21561.0,
20260729,036620,512.0,2.0,1,512.0,
20260729,036800,5290.0,2.0,1,5290.0,
20260729,036810,,,0,,
20260729,036890,1589.0,,1,1589.0,
20260729,036930,1255.0,2.0,1,1255.0,
20260729,037030,915.0,,1,915.0,
20260729,037560,256.0,3.0,1,256.0,
20260729,039030,9574.0,2.0,1,9574.0,
20260729,039130,3499.0,5.0,1,3499.0,
20260729,039200,,,0,,
20260729,039440,4901.0,1.0,1,4901.0,
20260729,039490,66290.0,17.0,1,66290.0,
20260729,039570,1271.0,1.0,1,1271.0,
20260729,039830,3396.0,,1,3396.0,
20260729,039840,1706.0,1.0,1,1706.0,
20260729,041510,5735.0,18.0,1,5735.0,
20260729,041830,3568.0,2.0,1,3568.0,
20260729,041920,1048.0,1.0,1,1048.0,
20260729,042000,1632.0,1.0,1,1632.0,
20260729,042520,1085.0,1.0,1,1085.0,
20260729,042660,6375.0,20.0,1,6375.0,
20260729,042700,3627.0,1.0,1,3627.0,
20260729,043150,3277.0,4.0,1,3277.0,
20260729,043260,4016.0,2.0,1,4016.0,
20260729,044490,1484.0,,1,1484.0,
20260729,046440,889.0,1.0,1,889.0,
20260729,047040,1192.0,12.0,1,1192.0,
20260729,047050,5062.0,14.0,1,5062.0,
20260729,047810,3302.0,16.0,1,3302.0,
20260729,049070,1664.0,1.0,1,1664.0,
20260729,050890,738.0,3.0,1,738.0,
20260729,051370,1237.0,1.0,1,1237.0,
20260729,051500,4575.0,6.0,1,4575.0,
20260729,051600,3500.0,11.0,1,3500.0,
20260729,051900,11296.0,13.0,1,11296.0,
20260729,052400,7251.0,1.0,1,7251.0,
20260729,052690,1714.0,12.0,1,1714.0,
20260729,052710,530.0,2.0,1,530.0,
20260729,053210,462.0,5.0,1,462.0,
20260729,053610,6365.0,,1,6365.0,
20260729,053690,2099.0,2.0,1,2099.0,
20260729,054450,1061.0,1.0,1,1061.0,
20260729,054950,2859.0,3.0,1,2859.0,
20260729,055550,12446.0,18.0,1,12446.0,
20260729,056090,146.0,,1,146.0,
20260729,056190,2333.0,2.0,1,2333.0,
20260729,058430,408.0,2.0,1,408.0,
20260729,058470,2437.0,5.0,1,2437.0,
20260729,058610,824.0,2.0,1,824.0,
20260729,058650,19337.0,1.0,1,19337.0,
20260729,058970,146.0,1.0,1,146.0,
20260729,059210,613.0,,1,613.0,
20260729,060250,1424.0,4.0,1,1424.0,
20260729,060370,459.0,1.0,1,459.0,
20260729,060720,950.0,3.0,1,950.0,
20260729,060980,6345.0,3.0,1,6345.0,
20260729,061090,5706.0,1.0,1,5706.0,
20260729,062040,6761.0,8.0,1,6761.0,
20260729,063570,419.0,1.0,1,419.0,
20260729,064290,443.0,2.0,1,443.0,
20260729,064350,8323.0,16.0,1,8323.0,
20260729,064400,4920.0,10.0,1,4920.0,
20260729,064760,9718.0,5.0,1,9718.0,
20260729,064850,2191.0,,1,2191.0,
20260729,064960,3812.0,5.0,1,3812.0,
20260729,066570,12296.0,20.0,1,12296.0,
20260729,066980,21.0,,1,21.0,
20260729,067160,8217.0,7.0,1,8217.0,
20260729,067310,2440.0,4.0,1,2440.0,
20260729,068270,6672.0,18.0,1,6672.0,
20260729,068930,1012.0,1.0,1,1012.0,
20260729,069080,1213.0,1.0,1,1213.0,
20260729,069260,1868.0,3.0,1,1868.0,
20260729,069620,15957.0,11.0,1,15957.0,
20260729,069960,13186.0,17.0,1,13186.0,
20260729,070960,104.0,1.0,1,104.0,
20260729,071050,46408.0,16.0,1,46408.0,
20260729,071320,20089.0,2.0,1,20089.0,
20260729,071970,3730.0,5.0,1,3730.0,
20260729,073240,1405.0,10.0,1,1405.0,
20260729,073490,2117.0,2.0,1,2117.0,
20260729,074600,2440.0,2.0,1,2440.0,
20260729,075580,,,0,,
20260729,077360,,1.0,0,,
20260729,077970,2030.0,2.0,1,2030.0,
20260729,078340,1430.0,5.0,1,1430.0,
20260729,078600,1078.0,2.0,1,1078.0,
20260729,078930,16872.0,5.0,1,16872.0,
20260729,079430,412.0,3.0,1,412.0,
20260729,079550,16788.0,18.0,1,16788.0,
20260729,079900,2285.0,2.0,1,2285.0,
20260729,080160,307.0,1.0,1,307.0,
20260729,080580,1002.0,1.0,1,1002.0,
20260729,081660,5155.0,9.0,1,5155.0,
20260729,082740,2462.0,7.0,1,2462.0,
20260729,082920,1724.0,3.0,1,1724.0,
20260729,083450,3505.0,,1,3505.0,
20260729,083500,1669.0,3.0,1,1669.0,
20260729,083650,2556.0,3.0,1,2556.0,
20260729,084010,495.0,1.0,1,495.0,
20260729,084370,4060.0,3.0,1,4060.0,
20260729,084850,185.0,,1,185.0,
20260729,085910,819.0,1.0,1,819.0,
20260729,086280,22213.0,16.0,1,22213.0,
20260729,086390,961.0,2.0,1,961.0,
20260729,086450,1988.0,1.0,1,1988.0,
20260729,086790,16056.0,19.0,1,16056.0,
20260729,086900,3553.0,2.0,1,3553.0,
20260729,088350,950.0,12.0,1,950.0,
20260729,088980,710.0,2.0,1,710.0,
20260729,089010,2018.0,2.0,1,2018.0,
20260729,089030,,,0,,
20260729,089600,1573.0,3.0,1,1573.0,
20260729,089860,4236.0,10.0,1,4236.0,
20260729,089970,3354.0,3.0,1,3354.0,
20260729,089980,475.0,1.0,1,475.0,
20260729,090430,5176.0,18.0,1,5176.0,
20260729,090460,2798.0,10.0,1,2798.0,
20260729,091580,1399.0,1.0,1,1399.0,
20260729,091700,678.0,2.0,1,678.0,
20260729,092130,1146.0,1.0,1,1146.0,
20260729,092730,1757.0,1.0,1,1757.0,
20260729,092870,1532.0,,1,1532.0,
20260729,093370,206.0,1.0,1,206.0,
20260729,093520,2120.0,1.0,1,2120.0,
20260729,094170,478.0,,1,478.0,
20260729,094360,452.0,2.0,1,452.0,
20260729,094840,,,0,,
20260729,095340,4283.0,5.0,1,4283.0,
20260729,095570,501.0,3.0,1,501.0,
20260729,095610,5196.0,8.0,1,5196.0,
20260729,095660,1992.0,9.0,1,1992.0,
20260729,096530,1748.0,2.0,1,1748.0,
20260729,096770,13181.0,13.0,1,13181.0,
20260729,097230,1750.0,1.0,1,1750.0,
20260729,097520,2442.0,3.0,1,2442.0,
20260729,097950,23871.0,13.0,1,23871.0,
20260729,098070,3201.0,,1,3201.0,
20260729,098460,739.0,4.0,1,739.0,
20260729,099190,317.0,2.0,1,317.0,
20260729,099320,995.0,1.0,1,995.0,
20260729,099430,448.0,1.0,1,448.0,
20260729,100090,719.0,6.0,1,719.0,
20260729,100120,3562.0,3.0,1,3562.0,
20260729,100840,5295.0,2.0,1,5295.0,
20260729,102710,4532.0,2.0,1,4532.0,
20260729,103140,8995.0,10.0,1,8995.0,
20260729,103590,3352.0,3.0,1,3352.0,
20260729,104700,219.0,1.0,1,219.0,
20260729,104830,5084.0,2.0,1,5084.0,
20260729,105560,18392.0,18.0,1,18392.0,
20260729,105630,1308.0,9.0,1,1308.0,
20260729,105840,797.0,1.0,1,797.0,
20260729,107640,631.0,1.0,1,631.0,
20260729,108320,3843.0,2.0,1,3843.0,
20260729,108380,2728.0,1.0,1,2728.0,
20260729,108490,408.0,6.0,1,408.0,
20260729,108670,6614.0,5.0,1,6614.0,
20260729,111770,13369.0,9.0,1,13369.0,
20260729,112040,1355.0,1.0,1,1355.0,
20260729,112610,4297.0,9.0,1,4297.0,
20260729,114090,996.0,11.0,1,996.0,
20260729,114810,1191.0,1.0,1,1191.0,
20260729,114840,1119.0,1.0,1,1119.0,
20260729,119610,1869.0,1.0,1,1869.0,
20260729,120110,6788.0,5.0,1,6788.0,
20260729,121600,735.0,1.0,1,735.0,
20260729,122450,739.0,,1,739.0,
20260729,122640,997.0,2.0,1,997.0,
20260729,122870,2815.0,19.0,1,2815.0,
20260729,122900,1256.0,1.0,1,1256.0,
20260729,123330,2654.0,,1,2654.0,
20260729,125210,,,0,,
20260729,125490,205.0,2.0,1,205.0,
20260729,126340,281.0,1.0,1,281.0,
20260729,126700,1780.0,,1,1780.0,
20260729,126720,3850.0,1.0,1,3850.0,
20260729,128940,17988.0,17.0,1,17988.0,
20260729,131290,12087.0,3.0,1,12087.0,
20260729,131970,2185.0,7.0,1,2185.0,
20260729,138040,14254.0,4.0,1,14254.0,
20260729,138080,366.0,1.0,1,366.0,
20260729,138930,2693.0,17.0,1,2693.0,
20260729,139130,3040.0,16.0,1,3040.0,
20260729,139480,4814.0,9.0,1,4814.0,
20260729,140860,7256.0,7.0,1,7256.0,
20260729,142210,2496.0,,1,2496.0,
20260729,145020,14311.0,14.0,1,14311.0,
20260729,145720,7151.0,5.0,1,7151.0,
20260729,148150,287.0,1.0,1,287.0,
20260729,149950,585.0,1.0,1,585.0,
20260729,161390,10751.0,16.0,1,10751.0,
20260729,161890,7365.0,19.0,1,7365.0,
20260729,163730,481.0,,1,481.0,
20260729,166090,3926.0,2.0,1,3926.0,
20260729,170920,2262.0,1.0,1,2262.0,
20260729,171090,7937.0,3.0,1,7937.0,
20260729,175330,3959.0,16.0,1,3959.0,
20260729,178320,861.0,2.0,1,861.0,
20260729,178920,1755.0,4.0,1,1755.0,
20260729,181710,3485.0,9.0,1,3485.0,
20260729,183190,1193.0,3.0,1,1193.0,
20260729,183300,3173.0,2.0,1,3173.0,
20260729,185750,4564.0,8.0,1,4564.0,
20260729,187790,248.0,,1,248.0,
20260729,189300,3596.0,6.0,1,3596.0,
20260729,190510,1079.0,,1,1079.0,
20260729,192080,9227.0,13.0,1,9227.0,
20260729,192400,4330.0,1.0,1,4330.0,
20260729,192650,180.0,3.0,1,180.0,
20260729,192820,13166.0,18.0,1,13166.0,
20260729,194370,3753.0,1.0,1,3753.0,
20260729,195870,4392.0,10.0,1,4392.0,
20260729,195940,3361.0,12.0,1,3361.0,
20260729,196170,5002.0,4.0,1,5002.0,
20260729,200670,3939.0,2.0,1,3939.0,
20260729,200710,1549.0,2.0,1,1549.0,
20260729,204270,997.0,1.0,1,997.0,
20260729,204320,4134.0,19.0,1,4134.0,
20260729,204610,,,0,,
20260729,207940,40641.0,22.0,1,40641.0,
20260729,211050,,,0,,
20260729,213420,3132.0,7.0,1,3132.0,
20260729,213500,1311.0,2.0,1,1311.0,
20260729,214150,2654.0,16.0,1,2654.0,
20260729,214180,3075.0,2.0,1,3075.0,
20260729,214320,2829.0,9.0,1,2829.0,
20260729,214420,665.0,1.0,1,665.0,
20260729,214430,2682.0,,1,2682.0,
20260729,214450,19108.0,15.0,1,19108.0,
20260729,215000,7266.0,1.0,1,7266.0,
20260729,215200,9088.0,2.0,1,9088.0,
20260729,217590,249.0,,1,249.0,
20260729,218410,1762.0,4.0,1,1762.0,
20260729,219130,3310.0,,1,3310.0,
20260729,222040,923.0,1.0,1,923.0,
20260729,222800,3968.0,8.0,1,3968.0,
20260729,228850,1046.0,2.0,1,1046.0,
20260729,229640,1716.0,5.0,1,1716.0,
20260729,230240,1116.0,2.0,1,1116.0,
20260729,232140,431.0,4.0,1,431.0,
20260729,234080,1730.0,1.0,1,1730.0,
20260729,234340,1532.0,2.0,1,1532.0,
20260729,236200,5984.0,1.0,1,5984.0,
20260729,237690,3388.0,12.0,1,3388.0,
20260729,237880,1144.0,2.0,1,1144.0,
20260729,240810,3544.0,6.0,1,3544.0,
20260729,241560,5767.0,7.0,1,5767.0,
20260729,241590,407.0,4.0,1,407.0,
20260729,241710,6455.0,10.0,1,6455.0,
20260729,243840,304.0,2.0,1,304.0,
20260729,244920,,,0,,
20260729,247540,387.0,19.0,1,387.0,
20260729,248070,1022.0,5.0,1,1022.0,
20260729,251270,4922.0,14.0,1,4922.0,
20260729,251970,3698.0,4.0,1,3698.0,
20260729,252990,546.0,,1,546.0,
20260729,253450,1221.0,11.0,1,1221.0,
20260729,257720,3457.0,8.0,1,3457.0,
20260729,259630,1781.0,,1,1781.0,
20260729,259960,23576.0,18.0,1,23576.0,
20260729,263750,5716.0,9.0,1,5716.0,
20260729,263860,1267.0,,1,1267.0,
20260729,264660,1708.0,,1,1708.0,
20260729,267250,30580.0,5.0,1,30580.0,
20260729,267260,26966.0,14.0,1,26966.0,
20260729,267270,11311.0,4.0,1,11311.0,
20260729,271560,12153.0,14.0,1,12153.0,
20260729,272210,1111.0,13.0,1,1111.0,
20260729,272290,2869.0,1.0,1,2869.0,
20260729,277810,773.0,1.0,1,773.0,
20260729,278470,15081.0,19.0,1,15081.0,
20260729,279570,317.0,2.0,1,317.0,
20260729,280360,12548.0,11.0,1,12548.0,
20260729,281820,6467.0,1.0,1,6467.0,
20260729,282330,13077.0,14.0,1,13077.0,
20260729,282720,74.0,1.0,1,74.0,
20260729,282880,1334.0,1.0,1,1334.0,
20260729,285130,7719.0,2.0,1,7719.0,
20260729,286940,1685.0,3.0,1,1685.0,
20260729,290550,1800.0,1.0,1,1800.0,
20260729,290650,881.0,,1,881.0,
20260729,293480,1232.0,1.0,1,1232.0,
20260729,294570,2249.0,,1,2249.0,
20260729,294870,5336.0,16.0,1,5336.0,
20260729,295310,1208.0,1.0,1,1208.0,
20260729,297090,,,0,,
20260729,298020,52742.0,4.0,1,52742.0,
20260729,298040,83552.0,10.0,1,83552.0,
20260729,298050,13453.0,3.0,1,13453.0,
20260729,299030,1226.0,,1,1226.0,
20260729,300720,952.0,2.0,1,952.0,
20260729,306200,23666.0,4.0,1,23666.0,
20260729,307950,7488.0,16.0,1,7488.0,
20260729,316140,4400.0,18.0,1,4400.0,
20260729,317400,1448.0,1.0,1,1448.0,
20260729,319400,,,0,,
20260729,319660,5236.0,7.0,1,5236.0,
20260729,322000,10464.0,2.0,1,10464.0,
20260729,322310,,,0,,
20260729,323410,1254.0,13.0,1,1254.0,
20260729,326030,4210.0,12.0,1,4210.0,
20260729,327260,691.0,2.0,1,691.0,
20260729,329180,29580.0,21.0,1,29580.0,
20260729,330860,1469.0,2.0,1,1469.0,
20260729,336370,1596.0,3.0,1,1596.0,
20260729,336570,525.0,1.0,1,525.0,
20260729,339770,416.0,1.0,1,416.0,
20260729,340450,262.0,,1,262.0,
20260729,340570,7231.0,3.0,1,7231.0,
20260729,347700,916.0,1.0,1,916.0,
20260729,348210,1887.0,3.0,1,1887.0,
20260729,352480,1343.0,,1,1343.0,
20260729,352820,4650.0,20.0,1,4650.0,
20260729,353200,4132.0,14.0,1,4132.0,
20260729,353810,,,0,,
20260729,354320,1200.0,1.0,1,1200.0,
20260729,355150,988.0,,1,988.0,
20260729,356860,1969.0,8.0,1,1969.0,
20260729,357780,18871.0,8.0,1,18871.0,
20260729,361390,229.0,1.0,1,229.0,
20260729,375500,10554.0,18.0,1,10554.0,
20260729,376270,1735.0,1.0,1,1735.0,
20260729,376300,1737.0,12.0,1,1737.0,
20260729,377300,861.0,6.0,1,861.0,
20260729,381970,1035.0,3.0,1,1035.0,
20260729,382800,754.0,,1,754.0,
20260729,383220,12837.0,10.0,1,12837.0,
20260729,383310,1333.0,1.0,1,1333.0,
20260729,383800,1955.0,2.0,1,1955.0,
20260729,388050,540.0,,1,540.0,
20260729,388210,6319.0,3.0,1,6319.0,
20260729,402340,296272.0,7.0,1,296272.0,
20260729,403550,83.0,1.0,1,83.0,
20260729,403870,1440.0,6.0,1,1440.0,
20260729,405100,1008.0,1.0,1,1008.0,
20260729,413630,124.0,,1,124.0,
20260729,415640,,,0,,
20260729,417840,1231.0,1.0,1,1231.0,
20260729,419530,2869.0,2.0,1,2869.0,
20260729,420770,1840.0,3.0,1,1840.0,
20260729,425040,,,0,,
20260729,425420,2620.0,,1,2620.0,
20260729,439260,7903.0,5.0,1,7903.0,
20260729,440110,1817.0,1.0,1,1817.0,
20260729,441270,610.0,,1,610.0,
20260729,443060,7838.0,11.0,1,7838.0,
20260729,445090,549.0,,1,549.0,
20260729,450950,97.0,2.0,1,97.0,
20260729,451760,457.0,1.0,1,457.0,
20260729,452430,419.0,1.0,1,419.0,
20260729,453340,3489.0,3.0,1,3489.0,
20260729,453450,768.0,,1,768.0,
20260729,454910,108.0,1.0,1,108.0,
20260729,456010,7.0,1.0,1,7.0,
20260729,456040,12816.0,3.0,1,12816.0,
20260729,458870,1618.0,4.0,1,1618.0,
20260729,460860,765.0,2.0,1,765.0,
20260729,462870,2176.0,10.0,1,2176.0,
20260729,473980,,,0,,
20260729,474170,118.0,1.0,1,118.0,
20260729,475150,890.0,4.0,1,890.0,
20260729,475430,560.0,,1,560.0,
20260729,475960,37.0,1.0,1,37.0,
20260729,476060,609.0,2.0,1,609.0,
20260729,482630,1028.0,2.0,1,1028.0,
20260729,483650,10290.0,14.0,1,10290.0,
20260729,484590,,,0,,
20260729,488280,148.0,,1,148.0,
20260729,489500,1479.0,,1,1479.0,
20260729,489790,2712.0,3.0,1,2712.0,
20260729,499790,2723.0,6.0,1,2723.0,
20260731,000080,1369.0,5.0,1,1369.0,
20260731,000100,1897.0,12.0,1,1897.0,
20260731,000120,9792.0,10.0,1,9792.0,
20260731,000150,20935.0,13.0,1,20935.0,
20260731,000210,12152.0,2.0,1,12152.0,
20260731,000240,,,0,,
20260731,000270,21865.0,25.0,1,21865.0,
20260731,000370,,6.0,0,,
20260731,000640,10694.0,2.0,1,10694.0,
20260731,000660,341331.0,24.0,1,341331.0,
20260731,000720,4741.0,18.0,1,4741.0,
20260731,0007C0,,,0,,
20260731,000810,46458.0,15.0,1,46458.0,
20260731,000880,10175.0,11.0,1,10175.0,
20260731,0008Z0,2119.0,1.0,1,2119.0,
20260731,000990,8413.0,3.0,1,8413.0,
20260731,001040,10842.0,10.0,1,10842.0,
20260731,001120,7916.0,6.0,1,7916.0,
20260731,0011A0,870.0,,1,870.0,
20260731,001230,179.0,1.0,1,179.0,
20260731,001250,246.0,1.0,1,246.0,
20260731,001340,229.0,1.0,1,229.0,
20260731,001430,2650.0,9.0,1,2650.0,
20260731,001440,496.0,6.0,1,496.0,
20260731,001450,,14.0,0,,
20260731,001530,657.0,1.0,1,657.0,
20260731,001680,2694.0,2.0,1,2694.0,
20260731,001740,430.0,4.0,1,430.0,
20260731,001940,988.0,1.0,1,988.0,
20260731,002020,4976.0,1.0,1,4976.0,
20260731,002320,-2390.0,1.0,0,-2390.0,
20260731,002350,1240.0,14.0,1,1240.0,
20260731,002380,186890.0,5.0,1,186890.0,
20260731,002990,1469.0,2.0,1,1469.0,
20260731,003030,18326.0,1.0,1,18326.0,
20260731,003070,2293.0,1.0,1,2293.0,
20260731,003160,1424.0,2.0,1,1424.0,
20260731,003220,664.0,3.0,1,664.0,
20260731,003230,74874.0,14.0,1,74874.0,
20260731,003490,930.0,11.0,1,930.0,
20260731,003540,4700.0,3.0,1,4700.0,
20260731,003550,7615.0,13.0,1,7615.0,
20260731,003570,2734.0,1.0,1,2734.0,
20260731,003670,275.0,19.0,1,275.0,
20260731,003850,772.0,1.0,1,772.0,
20260731,004000,6618.0,4.0,1,6618.0,
20260731,004020,896.0,13.0,1,896.0,
20260731,004170,41089.0,18.0,1,41089.0,
20260731,004370,32114.0,13.0,1,32114.0,
20260731,004690,37548.0,1.0,1,37548.0,
20260731,004800,19215.0,3.0,1,19215.0,
20260731,004990,897.0,4.0,1,897.0,
20260731,005070,121.0,2.0,1,121.0,
20260731,005090,1140.0,3.0,1,1140.0,
20260731,005180,8570.0,,1,8570.0,
20260731,005300,10455.0,10.0,1,10455.0,
20260731,005380,38148.0,25.0,1,38148.0,
20260731,005440,1850.0,4.0,1,1850.0,
20260731,005490,22008.0,18.0,1,22008.0,
20260731,005500,1719.0,1.0,1,1719.0,
20260731,005690,914.0,3.0,1,914.0,
20260731,005810,8601.0,1.0,1,8601.0,
20260731,005830,,14.0,0,,
20260731,005850,8294.0,7.0,1,8294.0,
20260731,005880,517.0,4.0,1,517.0,
20260731,005930,46635.0,24.0,1,46635.0,
20260731,005940,4481.0,17.0,1,4481.0,
20260731,006040,7716.0,4.0,1,7716.0,
20260731,006110,265.0,,1,265.0,
20260731,006260,19639.0,12.0,1,19639.0,
20260731,006280,13770.0,13.0,1,13770.0,
20260731,006360,1828.0,19.0,1,1828.0,
20260731,006400,4264.0,17.0,1,4264.0,
20260731,006650,14422.0,5.0,1,14422.0,
20260731,006730,648.0,4.0,1,648.0,
20260731,006800,4726.0,17.0,1,4726.0,
20260731,007070,2426.0,14.0,1,2426.0,
20260731,007340,5980.0,1.0,1,5980.0,
20260731,007660,3600.0,12.0,1,3600.0,
20260731,007690,6295.0,2.0,1,6295.0,
20260731,007810,4392.0,3.0,1,4392.0,
20260731,008730,516.0,,1,516.0,
20260731,008770,2951.0,12.0,1,2951.0,
20260731,009150,17397.0,21.0,1,17397.0,
20260731,009240,1091.0,7.0,1,1091.0,
20260731,009420,4.0,7.0,1,4.0,
20260731,009450,11851.0,2.0,1,11851.0,
20260731,009540,53174.0,15.0,1,53174.0,
20260731,009830,1684.0,12.0,1,1684.0,
20260731,009900,1534.0,1.0,1,1534.0,
20260731,010060,8632.0,7.0,1,8632.0,
20260731,010120,3608.0,15.0,1,3608.0,
20260731,010130,63195.0,4.0,1,63195.0,
20260731,010140,1078.0,21.0,1,1078.0,
20260731,010690,2520.0,1.0,1,2520.0,
20260731,010780,4901.0,5.0,1,4901.0,
20260731,010950,20978.0,17.0,1,20978.0,
20260731,011070,39030.0,20.0,1,39030.0,
20260731,011200,1707.0,12.0,1,1707.0,
20260731,011210,5477.0,16.0,1,5477.0,
20260731,011560,4622.0,1.0,1,4622.0,
20260731,011760,7017.0,3.0,1,7017.0,
20260731,011780,15121.0,13.0,1,15121.0,
20260731,011930,735.0,1.0,1,735.0,
20260731,012210,353.0,,1,353.0,
20260731,012330,45629.0,24.0,1,45629.0,
20260731,012450,42173.0,17.0,1,42173.0,
20260731,012630,3783.0,1.0,1,3783.0,
20260731,0126Z0,9510.0,3.0,1,9510.0,
20260731,012750,4175.0,4.0,1,4175.0,
20260731,013030,4754.0,1.0,1,4754.0,
20260731,013120,286.0,1.0,1,286.0,
20260731,013580,11757.0,1.0,1,11757.0,
20260731,014620,1544.0,3.0,1,1544.0,
20260731,014680,15383.0,7.0,1,15383.0,
20260731,014790,1081.0,3.0,1,1081.0,
20260731,014830,14045.0,6.0,1,14045.0,
20260731,015760,9011.0,15.0,1,9011.0,
20260731,016360,19653.0,18.0,1,19653.0,
20260731,016380,1722.0,3.0,1,1722.0,
20260731,016580,,,0,,
20260731,017670,5858.0,19.0,1,5858.0,
20260731,017800,4221.0,1.0,1,4221.0,
20260731,017810,1241.0,2.0,1,1241.0,
20260731,017940,31166.0,1.0,1,31166.0,
20260731,017960,2230.0,3.0,1,2230.0,
20260731,018250,,,0,,
20260731,018260,9329.0,12.0,1,9329.0,
20260731,018290,1631.0,1.0,1,1631.0,
20260731,018670,54884.0,5.0,1,54884.0,
20260731,018880,236.0,17.0,1,236.0,
20260731,020000,3855.0,5.0,1,3855.0,
20260731,021240,10272.0,2.0,1,10272.0,
20260731,021320,1869.0,1.0,1,1869.0,
20260731,023160,1991.0,2.0,1,1991.0,
20260731,023530,13389.0,15.0,1,13389.0,
20260731,024110,3484.0,15.0,1,3484.0,
20260731,025320,105.0,,1,105.0,
20260731,025540,11854.0,1.0,1,11854.0,
20260731,027410,648.0,1.0,1,648.0,
20260731,028050,3776.0,21.0,1,3776.0,
20260731,028260,16357.0,14.0,1,16357.0,
20260731,028670,753.0,13.0,1,753.0,
20260731,029780,5262.0,4.0,1,5262.0,
20260731,030000,1943.0,11.0,1,1943.0,
20260731,030190,1591.0,1.0,1,1591.0,
20260731,030200,5690.0,18.0,1,5690.0,
20260731,030520,1747.0,3.0,1,1747.0,
20260731,031430,1554.0,6.0,1,1554.0,
20260731,031980,6303.0,5.0,1,6303.0,
20260731,032350,941.0,10.0,1,941.0,
20260731,032500,48.0,1.0,1,48.0,
20260731,032640,1695.0,18.0,1,1695.0,
20260731,032830,14506.0,13.0,1,14506.0,
20260731,033240,3878.0,1.0,1,3878.0,
20260731,033270,2808.0,2.0,1,2808.0,
20260731,033500,2568.0,1.0,1,2568.0,
20260731,033530,,,0,,
20260731,033640,230.0,1.0,1,230.0,
20260731,033780,12070.0,14.0,1,12070.0,
20260731,034020,493.0,16.0,1,493.0,
20260731,034120,249.0,6.0,1,249.0,
20260731,034220,221.0,8.0,1,221.0,
20260731,034230,982.0,11.0,1,982.0,
20260731,034730,125347.0,13.0,1,125347.0,
20260731,035150,2311.0,1.0,1,2311.0,
20260731,035250,1388.0,10.0,1,1388.0,
20260731,035420,11992.0,22.0,1,11992.0,
20260731,035600,2217.0,2.0,1,2217.0,
20260731,035720,1556.0,16.0,1,1556.0,
20260731,035760,2102.0,13.0,1,2102.0,
20260731,035900,3726.0,18.0,1,3726.0,
20260731,036010,722.0,,1,722.0,
20260731,036200,,,0,,
20260731,036460,10764.0,8.0,1,10764.0,
20260731,036530,8710.0,1.0,1,8710.0,
20260731,036540,18.0,1.0,1,18.0,
20260731,036570,21561.0,18.0,1,21561.0,
20260731,036620,512.0,2.0,1,512.0,
20260731,036800,5522.0,1.0,1,5522.0,
20260731,036810,,,0,,
20260731,036890,1589.0,,1,1589.0,
20260731,036930,1052.0,1.0,1,1052.0,
20260731,037030,915.0,,1,915.0,
20260731,037560,256.0,3.0,1,256.0,
20260731,039030,9574.0,2.0,1,9574.0,
20260731,039130,3499.0,5.0,1,3499.0,
20260731,039200,,,0,,
20260731,039440,4901.0,1.0,1,4901.0,
20260731,039490,66290.0,17.0,1,66290.0,
20260731,039570,1271.0,1.0,1,1271.0,
20260731,039830,3396.0,,1,3396.0,
20260731,039840,1706.0,1.0,1,1706.0,
20260731,041510,5735.0,18.0,1,5735.0,
20260731,041830,3568.0,2.0,1,3568.0,
20260731,041920,1048.0,1.0,1,1048.0,
20260731,042000,1632.0,1.0,1,1632.0,
20260731,042520,1085.0,1.0,1,1085.0,
20260731,042660,6381.0,20.0,1,6381.0,
20260731,042700,3627.0,1.0,1,3627.0,
20260731,043150,3277.0,4.0,1,3277.0,
20260731,043260,3976.0,2.0,1,3976.0,
20260731,044490,1484.0,,1,1484.0,
20260731,046440,,,0,,
20260731,047040,1192.0,12.0,1,1192.0,
20260731,047050,5062.0,14.0,1,5062.0,
20260731,047810,2842.0,19.0,1,2842.0,
20260731,049070,1664.0,1.0,1,1664.0,
20260731,050890,738.0,3.0,1,738.0,
20260731,051370,1237.0,1.0,1,1237.0,
20260731,051500,4575.0,6.0,1,4575.0,
20260731,051600,3500.0,11.0,1,3500.0,
20260731,051900,13190.0,14.0,1,13190.0,
20260731,052400,7251.0,1.0,1,7251.0,
20260731,052690,1714.0,12.0,1,1714.0,
20260731,052710,530.0,2.0,1,530.0,
20260731,053210,462.0,5.0,1,462.0,
20260731,053610,6365.0,,1,6365.0,
20260731,053690,2099.0,2.0,1,2099.0,
20260731,054450,1061.0,1.0,1,1061.0,
20260731,054950,2859.0,3.0,1,2859.0,
20260731,055550,12446.0,18.0,1,12446.0,
20260731,056090,146.0,,1,146.0,
20260731,056190,2333.0,2.0,1,2333.0,
20260731,058430,408.0,2.0,1,408.0,
20260731,058470,2437.0,5.0,1,2437.0,
20260731,058610,824.0,2.0,1,824.0,
20260731,058650,19337.0,1.0,1,19337.0,
20260731,058970,146.0,1.0,1,146.0,
20260731,059210,613.0,,1,613.0,
20260731,060250,1424.0,4.0,1,1424.0,
20260731,060370,459.0,1.0,1,459.0,
20260731,060720,950.0,3.0,1,950.0,
20260731,060980,6345.0,3.0,1,6345.0,
20260731,061090,5706.0,1.0,1,5706.0,
20260731,062040,6761.0,8.0,1,6761.0,
20260731,063570,419.0,1.0,1,419.0,
20260731,064290,443.0,2.0,1,443.0,
20260731,064350,8323.0,16.0,1,8323.0,
20260731,064400,4920.0,10.0,1,4920.0,
20260731,064760,9718.0,5.0,1,9718.0,
20260731,064850,2191.0,,1,2191.0,
20260731,064960,3812.0,5.0,1,3812.0,
20260731,066570,12296.0,20.0,1,12296.0,
20260731,066980,21.0,,1,21.0,
20260731,067160,8217.0,7.0,1,8217.0,
20260731,067310,2440.0,4.0,1,2440.0,
20260731,068270,6686.0,18.0,1,6686.0,
20260731,068930,1012.0,1.0,1,1012.0,
20260731,069080,1213.0,1.0,1,1213.0,
20260731,069260,1868.0,3.0,1,1868.0,
20260731,069620,16217.0,12.0,1,16217.0,
20260731,069960,13167.0,18.0,1,13167.0,
20260731,070960,104.0,1.0,1,104.0,
20260731,071050,46408.0,16.0,1,46408.0,
20260731,071320,20089.0,2.0,1,20089.0,
20260731,071970,3759.0,5.0,1,3759.0,
20260731,073240,1321.0,7.0,1,1321.0,
20260731,073490,2117.0,2.0,1,2117.0,
20260731,074600,2440.0,2.0,1,2440.0,
20260731,075580,,,0,,
20260731,077360,,1.0,0,,
20260731,077970,2030.0,2.0,1,2030.0,
20260731,078340,1430.0,5.0,1,1430.0,
20260731,078600,1078.0,2.0,1,1078.0,
20260731,078930,16872.0,5.0,1,16872.0,
20260731,079430,412.0,3.0,1,412.0,
20260731,079550,17051.0,17.0,1,17051.0,
20260731,079900,2285.0,2.0,1,2285.0,
20260731,080160,307.0,1.0,1,307.0,
20260731,080580,1002.0,1.0,1,1002.0,
20260731,081660,5155.0,9.0,1,5155.0,
20260731,082740,2504.0,6.0,1,2504.0,
20260731,082920,1724.0,3.0,1,1724.0,
20260731,083450,3505.0,,1,3505.0,
20260731,083500,1669.0,3.0,1,1669.0,
20260731,083650,2556.0,3.0,1,2556.0,
20260731,084010,495.0,1.0,1,495.0,
20260731,084370,4060.0,3.0,1,4060.0,
20260731,084850,185.0,,1,185.0,
20260731,085910,819.0,1.0,1,819.0,
20260731,086280,22213.0,16.0,1,22213.0,
20260731,086390,961.0,2.0,1,961.0,
20260731,086450,1988.0,1.0,1,1988.0,
20260731,086790,16056.0,19.0,1,16056.0,
20260731,086900,3553.0,2.0,1,3553.0,
20260731,088350,950.0,12.0,1,950.0,
20260731,088980,710.0,2.0,1,710.0,
20260731,089010,2018.0,2.0,1,2018.0,
20260731,089030,,,0,,
20260731,089600,1573.0,3.0,1,1573.0,
20260731,089860,4236.0,10.0,1,4236.0,
20260731,089970,3354.0,3.0,1,3354.0,
20260731,089980,475.0,1.0,1,475.0,
20260731,090430,5183.0,17.0,1,5183.0,
20260731,090460,2798.0,10.0,1,2798.0,
20260731,091580,1399.0,1.0,1,1399.0,
20260731,091700,678.0,2.0,1,678.0,
20260731,092130,1146.0,1.0,1,1146.0,
20260731,092730,1757.0,1.0,1,1757.0,
20260731,092870,1532.0,,1,1532.0,
20260731,093370,206.0,1.0,1,206.0,
20260731,093520,2120.0,1.0,1,2120.0,
20260731,094170,478.0,,1,478.0,
20260731,094360,469.0,2.0,1,469.0,
20260731,094840,,,0,,
20260731,095340,4283.0,5.0,1,4283.0,
20260731,095570,501.0,3.0,1,501.0,
20260731,095610,5196.0,8.0,1,5196.0,
20260731,095660,2014.0,8.0,1,2014.0,
20260731,096530,1748.0,2.0,1,1748.0,
20260731,096770,13181.0,13.0,1,13181.0,
20260731,097230,1750.0,1.0,1,1750.0,
20260731,097520,2442.0,3.0,1,2442.0,
20260731,097950,23871.0,13.0,1,23871.0,
20260731,098070,3021.0,,1,3021.0,
20260731,098460,816.0,6.0,1,816.0,
20260731,099190,317.0,2.0,1,317.0,
20260731,099320,995.0,1.0,1,995.0,
20260731,099430,448.0,1.0,1,448.0,
20260731,100090,719.0,6.0,1,719.0,
20260731,100120,3562.0,3.0,1,3562.0,
20260731,100840,5295.0,2.0,1,5295.0,
20260731,102710,4532.0,2.0,1,4532.0,
20260731,103140,8995.0,10.0,1,8995.0,
20260731,103590,3352.0,3.0,1,3352.0,
20260731,104700,219.0,1.0,1,219.0,
20260731,104830,5084.0,2.0,1,5084.0,
20260731,105560,18392.0,18.0,1,18392.0,
20260731,105630,1321.0,10.0,1,1321.0,
20260731,105840,797.0,1.0,1,797.0,
20260731,107640,631.0,1.0,1,631.0,
20260731,108320,3843.0,2.0,1,3843.0,
20260731,108380,2728.0,1.0,1,2728.0,
20260731,108490,408.0,6.0,1,408.0,
20260731,108670,6614.0,5.0,1,6614.0,
20260731,111770,13504.0,10.0,1,13504.0,
20260731,112040,1355.0,1.0,1,1355.0,
20260731,112610,4297.0,9.0,1,4297.0,
20260731,114090,996.0,11.0,1,996.0,
20260731,114810,1191.0,1.0,1,1191.0,
20260731,114840,1119.0,1.0,1,1119.0,
20260731,119610,1774.0,1.0,1,1774.0,
20260731,120110,6904.0,4.0,1,6904.0,
20260731,121600,735.0,1.0,1,735.0,
20260731,122450,739.0,,1,739.0,
20260731,122640,997.0,2.0,1,997.0,
20260731,122870,2815.0,19.0,1,2815.0,
20260731,122900,1256.0,1.0,1,1256.0,
20260731,123330,2654.0,,1,2654.0,
20260731,125210,,,0,,
20260731,125490,205.0,2.0,1,205.0,
20260731,126340,281.0,1.0,1,281.0,
20260731,126700,1780.0,,1,1780.0,
20260731,126720,3850.0,1.0,1,3850.0,
20260731,128940,16486.0,18.0,1,16486.0,
20260731,131290,12087.0,3.0,1,12087.0,
20260731,131970,2185.0,7.0,1,2185.0,
20260731,138040,14254.0,4.0,1,14254.0,
20260731,138080,366.0,1.0,1,366.0,
20260731,138930,2577.0,17.0,1,2577.0,
20260731,139130,3009.0,16.0,1,3009.0,
20260731,139480,4566.0,10.0,1,4566.0,
20260731,140860,7185.0,8.0,1,7185.0,
20260731,142210,2496.0,,1,2496.0,
20260731,145020,14311.0,14.0,1,14311.0,
20260731,145720,7151.0,5.0,1,7151.0,
20260731,148150,287.0,1.0,1,287.0,
20260731,149950,585.0,1.0,1,585.0,
20260731,161390,10751.0,16.0,1,10751.0,
20260731,161890,7365.0,19.0,1,7365.0,
20260731,163730,481.0,,1,481.0,
20260731,166090,3926.0,2.0,1,3926.0,
20260731,170920,2262.0,1.0,1,2262.0,
20260731,171090,7937.0,3.0,1,7937.0,
20260731,175330,3959.0,16.0,1,3959.0,
20260731,178320,861.0,2.0,1,861.0,
20260731,178920,1762.0,3.0,1,1762.0,
20260731,181710,3485.0,9.0,1,3485.0,
20260731,183190,1110.0,3.0,1,1110.0,
20260731,183300,3173.0,2.0,1,3173.0,
20260731,185750,4564.0,8.0,1,4564.0,
20260731,187790,248.0,,1,248.0,
20260731,189300,3596.0,6.0,1,3596.0,
20260731,190510,1079.0,,1,1079.0,
20260731,192080,9227.0,13.0,1,9227.0,
20260731,192400,4330.0,1.0,1,4330.0,
20260731,192650,180.0,3.0,1,180.0,
20260731,192820,13166.0,18.0,1,13166.0,
20260731,194370,3753.0,1.0,1,3753.0,
20260731,195870,4503.0,11.0,1,4503.0,
20260731,195940,3278.0,13.0,1,3278.0,
20260731,196170,5002.0,4.0,1,5002.0,
20260731,200670,3939.0,2.0,1,3939.0,
20260731,200710,1549.0,2.0,1,1549.0,
20260731,204270,997.0,1.0,1,997.0,
20260731,204320,4134.0,19.0,1,4134.0,
20260731,204610,,,0,,
20260731,207940,40641.0,22.0,1,40641.0,
20260731,211050,,,0,,
20260731,213420,3132.0,7.0,1,3132.0,
20260731,213500,1311.0,2.0,1,1311.0,
20260731,214150,2654.0,16.0,1,2654.0,
20260731,214180,3075.0,2.0,1,3075.0,
20260731,214320,2829.0,9.0,1,2829.0,
20260731,214420,665.0,1.0,1,665.0,
20260731,214430,2682.0,,1,2682.0,
20260731,214450,19052.0,15.0,1,19052.0,
20260731,215000,7266.0,1.0,1,7266.0,
20260731,215200,9088.0,2.0,1,9088.0,
20260731,217590,249.0,,1,249.0,
20260731,218410,1762.0,4.0,1,1762.0,
20260731,219130,3310.0,,1,3310.0,
20260731,222040,923.0,1.0,1,923.0,
20260731,222800,3968.0,8.0,1,3968.0,
20260731,228850,1046.0,2.0,1,1046.0,
20260731,229640,1716.0,5.0,1,1716.0,
20260731,230240,1116.0,2.0,1,1116.0,
20260731,232140,431.0,4.0,1,431.0,
20260731,234080,1730.0,1.0,1,1730.0,
20260731,234340,1532.0,2.0,1,1532.0,
20260731,236200,5984.0,1.0,1,5984.0,
20260731,237690,3298.0,14.0,1,3298.0,
20260731,237880,1144.0,2.0,1,1144.0,
20260731,240810,3544.0,6.0,1,3544.0,
20260731,241560,5767.0,7.0,1,5767.0,
20260731,241590,407.0,4.0,1,407.0,
20260731,241710,6455.0,10.0,1,6455.0,
20260731,243840,304.0,2.0,1,304.0,
20260731,244920,,,0,,
20260731,247540,396.0,18.0,1,396.0,
20260731,248070,1022.0,5.0,1,1022.0,
20260731,251270,5013.0,13.0,1,5013.0,
20260731,251970,3698.0,4.0,1,3698.0,
20260731,252990,546.0,,1,546.0,
20260731,253450,1221.0,11.0,1,1221.0,
20260731,257720,3457.0,8.0,1,3457.0,
20260731,259630,1781.0,,1,1781.0,
20260731,259960,20687.0,19.0,1,20687.0,
20260731,263750,5667.0,8.0,1,5667.0,
20260731,263860,1267.0,,1,1267.0,
20260731,264660,1708.0,,1,1708.0,
20260731,267250,31117.0,6.0,1,31117.0,
20260731,267260,26620.0,13.0,1,26620.0,
20260731,267270,12291.0,6.0,1,12291.0,
20260731,271560,12153.0,14.0,1,12153.0,
20260731,272210,829.0,14.0,1,829.0,
20260731,272290,2869.0,1.0,1,2869.0,
20260731,277810,773.0,1.0,1,773.0,
20260731,278470,15081.0,19.0,1,15081.0,
20260731,279570,317.0,2.0,1,317.0,
20260731,280360,12548.0,11.0,1,12548.0,
20260731,281820,6467.0,1.0,1,6467.0,
20260731,282330,13073.0,15.0,1,13073.0,
20260731,282720,74.0,1.0,1,74.0,
20260731,282880,1334.0,1.0,1,1334.0,
20260731,285130,7719.0,2.0,1,7719.0,
20260731,286940,1685.0,3.0,1,1685.0,
20260731,290550,1800.0,1.0,1,1800.0,
20260731,290650,881.0,,1,881.0,
20260731,293480,1232.0,1.0,1,1232.0,
20260731,294570,2249.0,,1,2249.0,
20260731,294870,5336.0,16.0,1,5336.0,
20260731,295310,1208.0,1.0,1,1208.0,
20260731,297090,,,0,,
20260731,298020,52742.0,4.0,1,52742.0,
20260731,298040,81477.0,9.0,1,81477.0,
20260731,298050,13453.0,3.0,1,13453.0,
20260731,299030,1226.0,,1,1226.0,
20260731,300720,952.0,2.0,1,952.0,
20260731,306200,23666.0,4.0,1,23666.0,
20260731,307950,7660.0,16.0,1,7660.0,
20260731,316140,4400.0,18.0,1,4400.0,
20260731,317400,1448.0,1.0,1,1448.0,
20260731,319400,,,0,,
20260731,319660,5236.0,7.0,1,5236.0,
20260731,322000,10464.0,2.0,1,10464.0,
20260731,322310,,,0,,
20260731,323410,1254.0,13.0,1,1254.0,
20260731,326030,4210.0,12.0,1,4210.0,
20260731,327260,691.0,2.0,1,691.0,
20260731,329180,30400.0,21.0,1,30400.0,
20260731,330860,1469.0,2.0,1,1469.0,
20260731,336370,1206.0,2.0,1,1206.0,
20260731,336570,525.0,1.0,1,525.0,
20260731,339770,416.0,1.0,1,416.0,
20260731,340450,262.0,,1,262.0,
20260731,340570,7231.0,3.0,1,7231.0,
20260731,347700,916.0,1.0,1,916.0,
20260731,348210,1887.0,3.0,1,1887.0,
20260731,352480,1343.0,,1,1343.0,
20260731,352820,4500.0,20.0,1,4500.0,
20260731,353200,4132.0,14.0,1,4132.0,
20260731,353810,,,0,,
20260731,354320,1200.0,1.0,1,1200.0,
20260731,355150,988.0,,1,988.0,
20260731,356860,1969.0,8.0,1,1969.0,
20260731,357780,18895.0,9.0,1,18895.0,
20260731,361390,229.0,1.0,1,229.0,
20260731,375500,10554.0,19.0,1,10554.0,
20260731,376270,1735.0,1.0,1,1735.0,
20260731,376300,1737.0,12.0,1,1737.0,
20260731,377300,861.0,6.0,1,861.0,
20260731,381970,1035.0,3.0,1,1035.0,
20260731,382800,764.0,,1,764.0,
20260731,383220,12837.0,10.0,1,12837.0,
20260731,383310,1333.0,1.0,1,1333.0,
20260731,383800,1955.0,2.0,1,1955.0,
20260731,388050,540.0,,1,540.0,
20260731,388210,6319.0,3.0,1,6319.0,
20260731,402340,296272.0,7.0,1,296272.0,
20260731,403550,83.0,1.0,1,83.0,
20260731,403870,1440.0,6.0,1,1440.0,
20260731,405100,1008.0,1.0,1,1008.0,
20260731,413630,124.0,,1,124.0,
20260731,415640,,,0,,
20260731,417840,1231.0,1.0,1,1231.0,
20260731,419530,2869.0,2.0,1,2869.0,
20260731,420770,1840.0,3.0,1,1840.0,
20260731,425040,,,0,,
20260731,425420,2620.0,,1,2620.0,
20260731,439260,7866.0,5.0,1,7866.0,
20260731,440110,1817.0,1.0,1,1817.0,
20260731,441270,610.0,,1,610.0,
20260731,443060,7838.0,11.0,1,7838.0,
20260731,445090,549.0,,1,549.0,
20260731,450950,97.0,2.0,1,97.0,
20260731,451760,457.0,1.0,1,457.0,
20260731,452430,419.0,1.0,1,419.0,
20260731,453340,3489.0,3.0,1,3489.0,
20260731,453450,768.0,,1,768.0,
20260731,454910,108.0,1.0,1,108.0,
20260731,456010,7.0,1.0,1,7.0,
20260731,456040,12816.0,3.0,1,12816.0,
20260731,458870,1618.0,4.0,1,1618.0,
20260731,460860,765.0,2.0,1,765.0,
20260731,462870,2225.0,9.0,1,2225.0,
20260731,473980,,,0,,
20260731,474170,118.0,1.0,1,118.0,
20260731,475150,890.0,4.0,1,890.0,
20260731,475430,560.0,,1,560.0,
20260731,475960,37.0,1.0,1,37.0,
20260731,476060,609.0,2.0,1,609.0,
20260731,482630,1028.0,2.0,1,1028.0,
20260731,483650,10290.0,14.0,1,10290.0,
20260731,484590,,,0,,
20260731,488280,148.0,,1,148.0,
20260731,489500,1479.0,,1,1479.0,
20260731,489790,2712.0,3.0,1,2712.0,
20260731,499790,2723.0,6.0,1,2723.0,
20260803,005930,47929.0,24.0,1,,
20260803,000660,343207.0,24.0,1,,
20260803,402340,296272.0,7.0,1,,
20260803,009150,19742.0,20.0,1,,
20260803,005380,38148.0,25.0,1,,
20260803,373220,-2627.0,22.0,0,,
20260803,207940,40521.0,21.0,1,,
20260803,105560,18392.0,18.0,1,,
20260803,032830,14506.0,13.0,1,,
20260803,028260,16458.0,15.0,1,,
20260803,000270,21865.0,25.0,1,,
20260803,329180,30527.0,21.0,1,,
20260803,055550,12446.0,18.0,1,,
20260803,012450,42268.0,16.0,1,,
20260803,012330,45680.0,25.0,1,,
20260803,034020,493.0,16.0,1,,
20260803,068270,6689.0,18.0,1,,
20260803,034730,125347.0,13.0,1,,
20260803,086790,16056.0,19.0,1,,
20260803,035420,11992.0,22.0,1,,
20260803,006400,8550.0,17.0,1,,
20260803,010120,3608.0,15.0,1,,
20260803,000810,46458.0,15.0,1,,
20260803,009540,53747.0,15.0,1,,
20260803,066570,12631.0,17.0,1,,
20260803,042660,6381.0,20.0,1,,
20260803,316140,4400.0,18.0,1,,
20260803,267260,26620.0,13.0,1,,
20260803,005490,23211.0,18.0,1,,
20260803,298040,81477.0,9.0,1,,
20260803,015760,9011.0,15.0,1,,
20260803,010130,63195.0,4.0,1,,
20260803,138040,14254.0,4.0,1,,
20260803,000150,22687.0,12.0,1,,
20260803,011200,1796.0,12.0,1,,
20260803,042700,3627.0,1.0,1,,
20260803,006800,4726.0,17.0,1,,
20260803,010140,1078.0,21.0,1,,
20260803,096770,16283.0,14.0,1,,
20260803,033780,12070.0,14.0,1,,
20260803,017670,5858.0,19.0,1,,
20260803,051910,-1763.0,16.0,0,,
20260803,196170,5002.0,4.0,1,,
20260803,035720,1556.0,16.0,1,,
20260803,024110,3494.0,15.0,1,,
20260803,018260,9137.0,13.0,1,,
20260803,267250,31117.0,6.0,1,,
20260803,079550,17051.0,17.0,1,,
20260803,003550,7615.0,13.0,1,,
20260803,086280,22213.0,16.0,1,,
20260803,064350,8278.0,16.0,1,,
20260803,010950,20978.0,17.0,1,,
20260803,030200,5690.0,18.0,1,,
20260803,278470,15081.0,19.0,1,,
20260803,003670,266.0,20.0,1,,
20260803,011070,39030.0,20.0,1,,
20260803,047810,2749.0,19.0,1,,
20260803,272210,829.0,14.0,1,,
20260803,071050,46408.0,16.0,1,,
20260803,259960,20296.0,18.0,1,,
20260803,000720,4741.0,18.0,1,,
20260803,086520,,,0,,
20260803,307950,7708.0,16.0,1,,
20260803,323410,1254.0,13.0,1,,
20260803,005830,,14.0,0,,
20260803,005940,4481.0,17.0,1,,
20260803,003490,964.0,10.0,1,,
20260803,247540,350.0,11.0,1,,
20260803,0126Z0,9510.0,3.0,1,,
20260803,047050,5227.0,13.0,1,,
20260803,277810,773.0,1.0,1,,
20260803,028050,3776.0,21.0,1,,
20260803,003230,74874.0,14.0,1,,
20260803,016360,19653.0,18.0,1,,
20260803,006260,19639.0,12.0,1,,
20260803,161390,10751.0,16.0,1,,
20260803,443060,7838.0,11.0,1,,
20260803,180640,,,0,,
20260803,078930,16872.0,5.0,1,,
20260803,090430,5384.0,17.0,1,,
20260803,352820,4388.0,19.0,1,,
20260803,039490,68574.0,17.0,1,,
20260803,021240,10272.0,2.0,1,,
20260803,032640,1695.0,18.0,1,,
20260803,326030,4210.0,12.0,1,,
20260803,267270,12291.0,6.0,1,,
20260803,064400,4888.0,10.0,1,,
20260803,036930,1052.0,1.0,1,,
20260803,000880,10175.0,11.0,1,,
20260803,000100,1986.0,14.0,1,,
20260803,377300,861.0,6.0,1,,
20260803,241560,5767.0,7.0,1,,
20260803,007660,3600.0,12.0,1,,
20260803,047040,1192.0,12.0,1,,
20260803,029780,5262.0,4.0,1,,
20260803,271560,12153.0,13.0,1,,
20260803,175330,3959.0,16.0,1,,
20260803,036570,21561.0,18.0,1,,
20260803,353200,4176.0,12.0,1,,
20260803,088980,710.0,2.0,1,,
20260803,001440,472.0,7.0,1,,
20260803,138930,2568.0,17.0,1,,
20260803,058470,2437.0,5.0,1,,
20260803,240810,3544.0,6.0,1,,
20260803,034220,62.0,7.0,1,,
20260803,062040,6761.0,8.0,1,,
20260803,128940,16486.0,18.0,1,,
20260803,009830,1614.0,13.0,1,,
20260803,051900,13190.0,14.0,1,,
20260803,454910,108.0,1.0,1,,
20260803,028300,,,0,,
20260803,000500,2357.0,,1,,
20260803,298380,-1254.0,2.0,0,,
20260803,111770,13504.0,10.0,1,,
20260803,087010,,,0,,
20260803,214450,19052.0,15.0,1,,
20260803,004170,41089.0,18.0,1,,
20260803,001040,10842.0,10.0,1,,
20260803,000250,,,0,,
20260803,088350,950.0,12.0,1,,
20260803,010060,8632.0,7.0,1,,
20260803,319660,5236.0,7.0,1,,
20260803,011790,-5905.0,2.0,0,,
20260803,039030,9574.0,2.0,1,,
20260803,141080,-1602.0,5.0,0,,
20260803,000990,8413.0,3.0,1,,
20260803,052690,1714.0,12.0,1,,
20260803,018880,235.0,16.0,1,,
20260803,004020,896.0,13.0,1,,
20260803,023530,13389.0,15.0,1,,
20260803,222800,3968.0,8.0,1,,
20260803,002380,186890.0,5.0,1,,
20260803,001450,,14.0,0,,
20260803,440110,1817.0,1.0,1,,
20260803,082740,2504.0,6.0,1,,
20260803,036460,10764.0,8.0,1,,
20260803,214370,,,0,,
20260803,108490,408.0,6.0,1,,
20260803,251270,5113.0,12.0,1,,
20260803,035250,1388.0,10.0,1,,
20260803,145020,14311.0,14.0,1,,
20260803,066970,-578.0,19.0,0,,
20260803,031210,,1.0,0,,
20260803,022100,,,0,,
20260803,097950,23871.0,13.0,1,,
20260803,011780,15121.0,13.0,1,,
20260803,403870,1440.0,6.0,1,,
20260803,483650,10290.0,14.0,1,,
20260803,214150,2645.0,16.0,1,,
20260803,012750,4175.0,4.0,1,,
20260803,139130,3003.0,16.0,1,,
20260803,302440,-1020.0,3.0,0,,
20260803,017800,4221.0,1.0,1,,
20260803,028670,753.0,13.0,1,,
20260803,095340,4283.0,5.0,1,,
20260803,084370,4060.0,3.0,1,,
20260803,347850,,,0,,
20260803,319400,,,0,,
20260803,026960,,,0,,
20260803,103590,3352.0,3.0,1,,
20260803,005850,8294.0,7.0,1,,
20260803,069960,13167.0,18.0,1,,
20260803,008930,,,0,,
20260803,095610,5196.0,8.0,1,,
20260803,009970,,,0,,
20260803,058610,824.0,2.0,1,,
20260803,009420,4.0,7.0,1,,
20260803,003690,,3.0,0,,
20260803,004800,19215.0,3.0,1,,
20260803,007340,5980.0,1.0,1,,
20260803,000240,,,0,,
20260803,375500,11520.0,19.0,1,,
20260803,383220,12837.0,10.0,1,,
20260803,011170,-3914.0,13.0,0,,
20260803,081660,5155.0,9.0,1,,
20260803,001720,,,0,,
20260803,450080,,,0,,
20260803,161890,7365.0,19.0,1,,
20260803,004370,32114.0,13.0,1,,
20260803,257720,3457.0,8.0,1,,
20260803,279570,283.0,2.0,1,,
20260803,080220,,,0,,
20260803,004990,897.0,4.0,1,,
20260803,014680,15383.0,7.0,1,,
20260803,226950,,,0,,
20260803,204320,4283.0,19.0,1,,
20260803,489790,2830.0,3.0,1,,
20260803,030000,1943.0,11.0,1,,
20260803,005440,1850.0,4.0,1,,
20260803,139480,4566.0,10.0,1,,
20260803,310210,,,0,,
20260803,263750,5667.0,8.0,1,,
20260803,178320,861.0,2.0,1,,
20260803,282330,13073.0,15.0,1,,
20260803,192820,13166.0,18.0,1,,
20260803,131290,12087.0,3.0,1,,
20260803,031980,6303.0,5.0,1,,
20260803,006360,1828.0,19.0,1,,
20260803,007070,2426.0,14.0,1,,
20260803,085620,,1.0,0,,
20260803,051600,3500.0,11.0,1,,
20260803,067310,2440.0,4.0,1,,
20260803,140410,,,0,,
20260803,005290,,,0,,
20260803,357780,18895.0,9.0,1,,
20260803,237690,3291.0,14.0,1,,
20260803,002790,,,0,,
20260803,073240,1417.0,11.0,1,,
20260803,064760,9640.0,5.0,1,,
20260803,103140,8994.0,8.0,1,,
20260803,098460,816.0,6.0,1,,
20260803,018670,54884.0,5.0,1,,
20260803,462870,2225.0,9.0,1,,
20260803,439260,8150.0,5.0,1,,
20260803,068760,,,0,,
20260803,089030,,,0,,
20260803,336260,-1036.0,7.0,0,,
20260803,071970,3786.0,5.0,1,,
20260803,000120,9792.0,10.0,1,,
20260803,395400,,,0,,
20260803,089970,3354.0,3.0,1,,
20260803,032820,,,0,,
20260803,140860,7185.0,8.0,1,,
20260803,041510,5735.0,18.0,1,,
20260803,457190,,,0,,
20260803,008770,2951.0,12.0,1,,
20260803,011210,5477.0,16.0,1,,
20260803,112610,4297.0,9.0,1,,
20260803,023590,,,0,,
20260803,475150,890.0,4.0,1,,
20260803,035900,3726.0,18.0,1,,
20260803,006040,7716.0,4.0,1,,
20260803,001800,,,0,,
20260803,030530,,,0,,
20260803,420770,1930.0,4.0,1,,
20260803,120110,6904.0,4.0,1,,
20260803,020560,-2859.0,,0,,
20260803,020150,-483.0,11.0,0,,
20260803,010170,-21.0,,0,,
20260803,001740,430.0,4.0,1,,
20260803,089860,4236.0,10.0,1,,
20260803,060370,459.0,1.0,1,,
20260803,097230,1750.0,1.0,1,,
20260803,096530,1748.0,2.0,1,,
20260803,281820,6467.0,1.0,1,,
20260803,007390,,,0,,
20260803,298020,52742.0,4.0,1,,
20260803,0009K0,,,0,,
20260803,322000,10464.0,2.0,1,,
20260803,006280,13770.0,13.0,1,,
20260803,294870,5336.0,16.0,1,,
20260803,069620,15931.0,13.0,1,,
20260803,083650,2556.0,3.0,1,,
20260803,290650,881.0,,1,,
20260803,415640,,,0,,
20260803,001120,7720.0,4.0,1,,
20260803,437730,,,0,,
20260803,007310,,,0,,
20260803,082920,1724.0,3.0,1,,
20260803,082640,,,0,,
20260803,192080,9227.0,13.0,1,,
20260803,001430,2721.0,10.0,1,,
20260803,131970,2001.0,6.0,1,,
20260803,229640,1716.0,5.0,1,,
20260803,003540,4700.0,3.0,1,,
20260803,181710,3485.0,9.0,1,,
20260803,950160,-461.0,1.0,0,,
20260803,039200,,,0,,
20260803,012630,3783.0,1.0,1,,
20260803,218410,1762.0,4.0,1,,
20260803,323280,,,0,,
20260803,078600,1078.0,2.0,1,,
20260803,043260,3976.0,2.0,1,,
20260803,003380,2518.0,1.0,1,,
20260803,004000,7779.0,6.0,1,,
20260803,183300,3173.0,2.0,1,,
20260803,007810,4392.0,3.0,1,,
20260803,017960,2230.0,3.0,1,,
20260803,361610,-4583.0,9.0,0,,
20260803,030610,,,0,,
20260803,005070,121.0,2.0,1,,
20260803,166090,3926.0,2.0,1,,
20260803,000080,1369.0,5.0,1,,
20260803,475830,,,0,,
20260803,491000,-1072.0,1.0,0,,
20260803,330590,,1.0,0,,
20260803,195940,3266.0,14.0,1,,
20260803,006340,,,0,,
20260803,093370,206.0,1.0,1,,
20260803,003570,2734.0,1.0,1,,
20260803,300720,952.0,2.0,1,,
20260803,127120,,,0,,
20260803,003240,,,0,,
20260803,000210,12152.0,2.0,1,,
20260803,009450,11851.0,2.0,1,,
20260803,005300,10455.0,10.0,1,,
20260803,003090,,,0,,
20260803,192400,4330.0,1.0,1,,
20260803,032350,941.0,10.0,1,,
20260803,280360,12548.0,11.0,1,,
20260803,077970,2030.0,2.0,1,,
20260803,458870,1618.0,4.0,1,,
20260803,185750,4564.0,6.0,1,,
20260803,451800,,,0,,
20260803,003530,,,0,,
20260803,009240,1091.0,7.0,1,,
20260803,034230,982.0,11.0,1,,
20260803,006120,,,0,,
20260803,031330,,,0,,
20260803,101490,,,0,,
20260803,065350,,,0,,
20260803,293490,-1092.0,2.0,0,,
20260803,241710,6455.0,10.0,1,,
20260803,204270,997.0,1.0,1,,
20260803,003470,,,0,,
20260803,030190,1591.0,1.0,1,,
20260803,195870,4634.0,11.0,1,,
20260803,085660,,,0,,
20260803,079160,-274.0,4.0,0,,
20260803,347700,916.0,1.0,1,,
20260803,083450,3505.0,,1,,
20260803,365550,,1.0,0,,
20260803,086450,1988.0,1.0,1,,
20260803,090710,,,0,,
20260803,036540,18.0,1.0,1,,
20260803,100090,719.0,6.0,1,,
20260803,388720,,,0,,
20260803,137310,,,0,,
20260803,001820,,,0,,
20260803,036530,8710.0,1.0,1,,
20260803,214320,2829.0,9.0,1,,
20260803,038500,,,0,,
20260803,499790,2723.0,6.0,1,,
20260803,476830,,,0,,
20260803,328130,-708.0,,0,,
20260803,213420,3132.0,7.0,1,,
20260803,071320,20089.0,2.0,1,,
20260803,099320,995.0,1.0,1,,
20260803,281740,,,0,,
20260803,122870,2815.0,19.0,1,,
20260803,417200,,,0,,
20260803,298050,16172.0,4.0,1,,
20260803,232140,431.0,4.0,1,,
20260803,056190,2333.0,2.0,1,,
20260803,032190,,,0,,
20260803,252990,546.0,,1,,
20260803,064960,3827.0,5.0,1,,
20260803,100790,,,0,,
20260803,004490,,,0,,
20260803,388210,6319.0,3.0,1,,
20260803,003850,772.0,1.0,1,,
20260803,119850,2535.0,,1,,
20260803,285130,7719.0,2.0,1,,
20260803,137400,,,0,,
20260803,035760,2102.0,13.0,1,,
20260803,014620,1544.0,3.0,1,,
20260803,189300,3798.0,6.0,1,,
20260803,041830,3568.0,2.0,1,,
20260803,074600,2440.0,2.0,1,,
20260803,033100,,,0,,
20260803,093320,,,0,,
20260803,445680,-687.0,,0,,
20260803,000370,,6.0,0,,
20260803,248070,1022.0,5.0,1,,
20260803,466100,,,0,,
20260803,115180,,,0,,
20260803,006730,661.0,5.0,1,,
20260803,093050,,,0,,
20260803,253450,1221.0,11.0,1,,
20260803,002960,,,0,,
20260803,036830,,,0,,
20260803,293940,,1.0,0,,
20260803,005090,1140.0,3.0,1,,
20260803,090360,,,0,,
20260803,032500,48.0,1.0,1,,
20260803,001570,,,0,,
20260803,079940,,,0,,
20260803,000670,,,0,,
20260803,456040,12816.0,3.0,1,,
20260803,005180,8570.0,,1,,
20260803,006380,,,0,,
20260803,005690,914.0,3.0,1,,
20260803,171090,7937.0,3.0,1,,
20260803,317450,,,0,,
20260803,025540,11854.0,1.0,1,,
20260803,001680,2694.0,2.0,1,,
20260803,053800,,,0,,
20260803,019210,,,0,,
20260803,069260,1868.0,3.0,1,,
20260803,014820,,,0,,
20260803,048410,,,0,,
20260803,003160,1424.0,2.0,1,,
20260803,002350,1262.0,14.0,1,,
20260803,225570,,,0,,
20260803,000400,,,0,,
20260803,161580,,,0,,
20260803,005880,517.0,4.0,1,,
20260803,383800,1955.0,2.0,1,,
20260803,268280,,,0,,
20260803,439960,,,0,,
20260803,000640,10694.0,2.0,1,,
20260803,453340,3489.0,3.0,1,,
20260803,094800,,,0,,
20260803,052400,6832.0,1.0,1,,
20260803,102710,4532.0,2.0,1,,
20260803,114090,996.0,11.0,1,,
20260803,490470,-85.0,1.0,0,,
20260803,017940,31166.0,1.0,1,,
20260803,075580,,,0,,
20260803,251970,3698.0,4.0,1,,
20260803,006650,12604.0,4.0,1,,
20260803,397030,37.0,2.0,1,,
20260803,007700,,,0,,
20260803,023160,1991.0,2.0,1,,
20260803,399720,,,0,,
20260803,016380,1781.0,3.0,1,,
20260803,094170,478.0,,1,,
20260803,003300,,,0,,
20260803,108320,3843.0,2.0,1,,
20260803,003620,312.0,,1,,
20260803,037460,,,0,,
20260803,100840,5295.0,2.0,1,,
20260803,010780,4901.0,5.0,1,,
20260803,050890,738.0,3.0,1,,
20260803,376900,-348.0,,0,,
20260803,001060,,,0,,
20260803,002840,,,0,,
20260803,044490,1484.0,,1,,
20260803,001270,,,0,,
20260803,041960,,,0,,
20260803,124500,,,0,,
20260803,112040,1355.0,1.0,1,,
20260803,222080,,,0,,
20260803,006110,265.0,,1,,
20260803,090460,2798.0,10.0,1,,
20260803,086900,3553.0,2.0,1,,
20260803,052020,,,0,,
20260803,053610,6365.0,,1,,
20260803,178920,1762.0,3.0,1,,
20260803,033240,3878.0,1.0,1,,
20260803,476060,609.0,2.0,1,,
20260803,456160,,,0,,
20260803,058650,19337.0,1.0,1,,
20260803,045100,,,0,,
20260803,060250,1424.0,4.0,1,,
20260803,005810,8601.0,1.0,1,,
20260803,059090,,,0,,
20260803,121600,735.0,1.0,1,,
20260803,082270,,,0,,
20260803,046890,,,0,,
20260803,448730,,,0,,
20260803,358570,,,0,,
20260803,001530,657.0,1.0,1,,
20260803,101160,,,0,,
20260803,383310,1333.0,1.0,1,,
20260803,067160,8217.0,7.0,1,,
20260803,211050,,,0,,
20260803,009410,,,0,,
20260803,099190,317.0,2.0,1,,
20260803,033500,2568.0,1.0,1,,
20260803,460930,,,0,,
20260803,376300,1737.0,12.0,1,,
20260803,034310,,,0,,
20260803,295310,1208.0,1.0,1,,
20260803,160190,,,0,,
20260803,001510,,,0,,
20260803,340570,7231.0,3.0,1,,
20260803,284740,,,0,,
20260803,122640,997.0,2.0,1,,
20260803,039130,3499.0,5.0,1,,
20260803,377740,,,0,,
20260803,079900,2285.0,2.0,1,,
20260803,034950,,,0,,
20260803,001500,,,0,,
20260803,015750,,,0,,
20260803,002240,,,0,,
20260803,336370,1206.0,2.0,1,,
20260803,000070,,,0,,
20260803,145990,,,0,,
20260803,249420,,2.0,0,,
20260803,475960,37.0,1.0,1,,
20260803,214430,2682.0,,1,,
20260803,005250,,,0,,
20260803,056080,,,0,,
20260803,035890,,,0,,
20260803,174900,,,0,,
20260803,003030,18326.0,1.0,1,,
20260803,460860,833.0,3.0,1,,
20260803,033790,,,0,,
20260803,336570,525.0,1.0,1,,
20260803,126340,281.0,1.0,1,,
20260803,009520,,,0,,
20260803,417310,,,0,,
20260803,008060,,,0,,
20260803,215200,9088.0,2.0,1,,
20260803,042000,1632.0,1.0,1,,
20260803,144960,1005.0,1.0,1,,
20260803,004690,37548.0,1.0,1,,
20260803,030520,1927.0,3.0,1,,
20260803,004700,,,0,,
20260803,484870,1868.0,1.0,1,,
20260803,036810,,,0,,
20260803,018290,1631.0,1.0,1,,
20260803,072710,,,0,,
20260803,078130,,,0,,
20260803,002810,,,0,,
20260803,019170,,,0,,
20260803,077360,,2.0,0,,
20260803,095660,2014.0,8.0,1,,
20260803,348370,,,0,,
20260803,014830,14045.0,6.0,1,,
20260803,161000,,,0,,
20260803,357120,,,0,,
20260803,003000,,,0,,
20260803,486990,-187.0,1.0,0,,
20260803,272290,2869.0,1.0,1,,
20260803,278280,-1550.0,2.0,0,,
20260803,001200,,,0,,
20260803,219130,3310.0,,1,,
20260803,104830,5084.0,2.0,1,,
20260803,001940,988.0,1.0,1,,
20260803,029530,,,0,,
20260803,194370,3753.0,1.0,1,,
20260803,031430,1554.0,6.0,1,,
20260803,403550,83.0,1.0,1,,
20260803,372320,,,0,,
20260803,002030,,,0,,
20260803,027410,648.0,1.0,1,,
20260803,036620,512.0,2.0,1,,
20260803,389470,,,0,,
20260803,016590,,,0,,
20260803,003280,,,0,,
20260803,015360,,,0,,
20260803,020000,3855.0,5.0,1,,
20260803,253590,,,0,,
20260803,425420,2620.0,,1,,
20260803,170920,2262.0,1.0,1,,
20260803,016610,,,0,,
20260803,027360,,,0,,
20260803,368770,493.0,,1,,
20260803,306200,23666.0,4.0,1,,
20260803,452260,,,0,,
20260803,365340,-209.0,2.0,0,,
20260803,271940,,,0,,
20260803,069080,,,0,,
20260803,448900,,,0,,
20260803,236200,5984.0,1.0,1,,
20260803,041190,,,0,,
20260803,013030,4754.0,1.0,1,,
20260803,078340,1430.0,5.0,1,,
20260803,199800,,,0,,
20260803,105630,1321.0,10.0,1,,
20260803,332570,822.0,,1,,
20260803,290550,1800.0,1.0,1,,
20260803,950210,,,0,,
20260803,007690,6295.0,2.0,1,,
20260803,200710,1549.0,2.0,1,,
20260803,381970,1035.0,3.0,1,,
20260803,477850,,,0,,
20260803,003800,,,0,,
20260803,092230,,,0,,
20260803,064290,443.0,2.0,1,,
20260803,060280,,,0,,
20260803,344820,,,0,,
20260803,025980,,,0,,
20260803,455900,,,0,,
20260803,033160,,1.0,0,,
20260803,126560,,,0,,
20260803,170900,4013.0,3.0,1,,
20260803,241770,,,0,,
20260803,064260,,,0,,
20260803,033640,230.0,1.0,1,,
20260803,005420,,,0,,
20260803,348340,,,0,,
20260803,009900,1534.0,1.0,1,,
20260803,204620,,,0,,
20260803,078020,,,0,,
20260803,089590,-578.0,8.0,0,,
20260803,104700,219.0,1.0,1,,
20260803,060980,6345.0,3.0,1,,
20260803,130660,,,0,,
20260803,005610,,,0,,
20260803,006220,,,0,,
20260803,011760,7927.0,3.0,1,,
20260803,017810,1241.0,2.0,1,,
20260803,002990,1469.0,2.0,1,,
20260803,089010,2018.0,2.0,1,,
20260803,089890,1990.0,1.0,1,,
20260803,145720,7151.0,5.0,1,,
20260803,008730,516.0,,1,,
20260803,078160,,,0,,
20260803,039440,4901.0,1.0,1,,
20260803,025320,105.0,,1,,
20260803,183190,1110.0,3.0,1,,
20260803,005950,,,0,,
20260803,092730,1802.0,2.0,1,,
20260803,097520,2442.0,3.0,1,,
20260803,348210,1887.0,3.0,1,,
20260803,017900,,,0,,
20260803,024720,,,0,,
20260803,160980,,,0,,
20260803,356860,1969.0,8.0,1,,
20260803,029460,,,0,,
20260803,002020,4976.0,1.0,1,,
20260803,005720,,,0,,
20260803,441270,610.0,,1,,
20260803,009290,,,0,,
20260803,126720,3850.0,1.0,1,,
20260803,243070,,,0,,
20260803,389650,-376.0,2.0,0,,
20260803,009160,,,0,,
20260803,018250,,,0,,
20260803,011930,735.0,1.0,1,,
20260803,025770,,,0,,
20260803,215600,,,0,,
20260803,026890,,,0,,
20260803,084110,,,0,,
20260803,200880,,,0,,
20260803,0120G0,,,0,,
20260803,025900,-146.0,1.0,0,,
20260803,092460,,,0,,
20260803,900290,,,0,,
20260803,036890,1589.0,,1,,
20260803,101930,,,0,,
20260803,376270,1735.0,1.0,1,,
20260803,001750,,,0,,
20260803,228760,,,0,,
20260803,016800,,,0,,
20260803,091810,-348.0,2.0,0,,
20260803,125490,205.0,2.0,1,,
20260803,037710,,,0,,
20260803,117730,,,0,,
20260803,206650,,,0,,
20260803,002310,,,0,,
20260803,108670,7754.0,5.0,1,,
20260803,006910,,,0,,
20260803,330860,1469.0,2.0,1,,
20260803,121440,,,0,,
20260803,110990,,,0,,
20260803,012030,,,0,,
20260803,054950,2782.0,3.0,1,,
20260803,049070,1664.0,1.0,1,,
20260803,024850,,,0,,
20260803,356680,,,0,,
20260803,033270,2808.0,2.0,1,,
20260803,004710,,,0,,
20260803,005430,,,0,,
20260803,136480,,,0,,
20260803,192650,180.0,3.0,1,,
20260803,244920,,,0,,
20260803,078350,,,0,,
20260803,472850,,,0,,
20260803,034830,305.0,1.0,1,,
20260803,123890,,,0,,
20260803,078520,1161.0,,1,,
20260803,092790,,,0,,
20260803,015860,,,0,,
20260803,003960,,,0,,
20260803,265520,,,0,,
20260803,096760,,,0,,
20260803,200670,3939.0,2.0,1,,
20260803,272450,-828.0,7.0,0,,
20260803,101730,,,0,,
20260803,084690,,,0,,
20260803,017890,,,0,,
20260803,105840,797.0,1.0,1,,
20260803,084010,495.0,1.0,1,,
20260803,001390,,,0,,
20260803,047920,,,0,,
20260803,419530,2869.0,2.0,1,,
20260803,484810,,,0,,
20260803,091700,678.0,2.0,1,,
20260803,286940,1685.0,3.0,1,,
20260803,107640,631.0,1.0,1,,
20260803,004430,,,0,,
20260803,003120,,,0,,
20260803,309710,,,0,,
20260803,035810,,,0,,
20260803,025860,,,0,,
20260803,051500,4575.0,6.0,1,,
20260803,042520,1085.0,1.0,1,,
20260803,098070,3021.0,,1,,
20260803,182400,,,0,,
20260803,482630,1028.0,2.0,1,,
20260803,017390,,,0,,
20260803,035600,2217.0,2.0,1,,
20260803,079370,,,0,,
20260803,001230,179.0,1.0,1,,
20260803,267980,8821.0,1.0,1,,
20260803,003920,,,0,,
20260803,108860,,,0,,
20260803,005680,,,0,,
20260803,010820,,,0,,
20260803,099440,,,0,,
20260803,010690,2520.0,1.0,1,,
20260803,317400,1448.0,1.0,1,,
20260803,439090,,,0,,
20260803,168360,,,0,,
20260803,287840,,,0,,
20260803,121800,,,0,,
20260803,036800,5522.0,1.0,1,,
20260803,058430,408.0,2.0,1,,
20260803,043150,3277.0,4.0,1,,
20260803,151860,,,0,,
20260803,377460,,,0,,
20260803,002900,,,0,,
20260803,217590,249.0,,1,,
20260803,093520,2120.0,1.0,1,,
20260803,481070,,,0,,
20260803,067630,,,0,,
20260803,114810,1191.0,1.0,1,,
20260803,194700,2688.0,1.0,1,,
20260803,352480,1343.0,,1,,
20260803,298690,,,0,,
20260803,298000,,,0,,
20260803,424870,,,0,,
20260803,394280,-22.0,,0,,
20260803,003650,,,0,,
20260803,206640,,,0,,
20260803,004360,,,0,,
20260803,023410,,,0,,
20260803,060720,950.0,3.0,1,,
20260803,064820,,,0,,
20260803,122900,1256.0,1.0,1,,
20260803,007160,,,0,,
20260803,404990,,,0,,
20260803,314930,,,0,,
20260803,008490,,,0,,
20260803,493280,,,0,,
20260803,234340,1532.0,2.0,1,,
20260803,180400,,,0,,
20260803,187660,,,0,,
20260803,200130,,,0,,
20260803,475400,-1044.0,,0,,
20260803,900140,,,0,,
20260803,005500,1719.0,1.0,1,,
20260803,484590,,,0,,
20260803,468530,,,0,,
20260803,039830,3396.0,,1,,
20260803,348950,,,0,,
20260803,003200,,,0,,
20260803,028100,,,0,,
20260803,194480,-2548.0,1.0,0,,
20260803,334890,,,0,,
20260803,002320,-2390.0,1.0,0,,
20260803,002710,,,0,,
20260803,001790,,,0,,
20260803,043370,,,0,,
20260803,215000,7266.0,1.0,1,,
20260803,005710,,,0,,
20260803,061090,5706.0,1.0,1,,
20260803,488900,,,0,,
20260803,092190,,,0,,
20260803,080580,1002.0,1.0,1,,
20260803,000050,,,0,,
20260803,036200,,,0,,
20260803,069540,,,0,,
20260803,085910,819.0,1.0,1,,
20260803,136490,,,0,,
20260803,950170,,,0,,
20260803,044450,,,0,,
20260803,065710,,,0,,
20260803,134380,,,0,,
20260803,068930,1012.0,1.0,1,,
20260803,000430,,,0,,
20260803,000680,,,0,,
20260803,389260,1384.0,,1,,
20260803,389500,-989.0,2.0,0,,
20260803,036030,,,0,,
20260803,073490,2117.0,2.0,1,,
20260803,099430,448.0,1.0,1,,
20260803,100120,3562.0,3.0,1,,
20260803,0030R0,,,0,,
20260803,393890,-2140.0,4.0,0,,
20260803,003720,,,0,,
20260803,138080,366.0,1.0,1,,
20260803,304360,-593.0,1.0,0,,
20260803,052710,508.0,2.0,1,,
20260803,000480,,,0,,
20260803,003070,2293.0,1.0,1,,
20260803,377450,,,0,,
20260803,009680,,,0,,
20260803,144510,,,0,,
20260803,025000,,,0,,
20260803,459510,,,0,,
20260803,033920,,,0,,
20260803,290690,,,0,,
20260803,450950,97.0,2.0,1,,
20260803,094360,469.0,2.0,1,,
20260803,071200,,,0,,
20260803,003520,,,0,,
20260803,023760,,,0,,
20260803,272110,3364.0,,1,,
20260803,052330,,,0,,
20260803,030210,,,0,,
20260803,053030,-185.0,2.0,0,,
20260803,001340,229.0,1.0,1,,
20260803,200470,,,0,,
20260803,327260,691.0,2.0,1,,
20260803,034120,249.0,6.0,1,,
20260803,380540,,,0,,
20260803,461300,,,0,,
20260803,452430,419.0,1.0,1,,
20260803,089980,475.0,1.0,1,,
20260803,0008Z0,2119.0,1.0,1,,
20260803,001460,,,0,,
20260803,254490,,,0,,
20260803,000320,,,0,,
20260803,001250,246.0,1.0,1,,
20260803,417840,1231.0,1.0,1,,
20260803,318060,-17.0,1.0,0,,
20260803,226320,,,0,,
20260803,000540,,,0,,
20260803,448280,,,0,,
20260803,298830,,,0,,
20260803,042370,,,0,,
20260803,034810,,,0,,
20260803,037270,,,0,,
20260803,011560,4622.0,1.0,1,,
20260803,452280,,,0,,
20260803,095500,,,0,,
20260803,018310,,,0,,
20260803,353810,,,0,,
20260803,061970,,,0,,
20260803,462350,-1136.0,1.0,0,,
20260803,378340,,,0,,
20260803,0001A0,,,0,,
20260803,217730,,,0,,
20260803,065680,,,0,,
20260803,432320,,,0,,
20260803,000650,,,0,,
20260803,014940,,,0,,
20260803,035150,2311.0,1.0,1,,
20260803,230240,1116.0,2.0,1,,
20260803,042420,,,0,,
20260803,241520,,,0,,
20260803,475560,,,0,,
20260803,0011T0,-404.0,,0,,
20260803,102940,,,0,,
20260803,237880,1144.0,2.0,1,,
20260803,064850,2191.0,,1,,
20260803,456010,7.0,1.0,1,,
20260803,114190,,,0,,
20260803,053210,462.0,5.0,1,,
20260803,001630,,,0,,
20260803,094480,,,0,,
20260803,005010,,,0,,
20260803,044820,,,0,,
20260803,039570,1271.0,1.0,1,,
20260803,241590,407.0,4.0,1,,
20260803,017860,,,0,,
20260803,317330,,,0,,
20260803,001130,,,0,,
20260803,013890,-1180.0,1.0,0,,
20260803,036190,,,0,,
20260803,445090,549.0,,1,,
20260803,013120,286.0,1.0,1,,
20260803,095570,501.0,3.0,1,,
20260803,000140,,,0,,
20260803,016790,,,0,,
20260803,018000,,,0,,
20260803,067390,,,0,,
20260803,000490,,,0,,
20260803,112290,396.0,,1,,
20260803,365270,-696.0,,0,,
20260803,088260,,,0,,
20260803,176750,,,0,,
20260803,016580,,,0,,
20260803,100250,,,0,,
20260803,004980,,,0,,
20260803,190510,1079.0,,1,,
20260803,068790,,,0,,
20260803,102460,,,0,,
20260803,019010,,,0,,
20260803,339770,416.0,1.0,1,,
20260803,484120,1305.0,,1,,
20260803,036560,,,0,,
20260803,357550,,,0,,
20260803,192440,,,0,,
20260803,117580,,,0,,
20260803,014710,,,0,,
20260803,003350,,,0,,
20260803,084850,185.0,,1,,
20260803,123330,2654.0,,1,,
20260803,377190,,,0,,
20260803,214180,3075.0,2.0,1,,
20260803,402030,,,0,,
20260803,058970,146.0,1.0,1,,
20260803,011500,,,0,,
20260803,049430,,,0,,
20260803,203650,,,0,,
20260803,128820,,,0,,
20260803,294570,2249.0,,1,,
20260803,033530,,,0,,
20260803,220100,,,0,,
20260803,092200,,,0,,
20260803,002100,,,0,,
20260803,446540,,,0,,
20260803,234080,1730.0,1.0,1,,
20260803,102260,,,0,,
20260803,425040,,,0,,
20260803,007860,,,0,,
20260803,046970,,,0,,
20260803,159010,,,0,,
20260803,143240,,,0,,
20260803,098120,,,0,,
20260803,053300,,,0,,
20260803,035510,,,0,,
20260803,000300,,,0,,
20260803,066620,,,0,,
20260803,016450,,,0,,
20260803,092870,1532.0,,1,,
20260803,004310,,,0,,
20260803,086390,961.0,2.0,1,,
20260803,053690,2099.0,2.0,1,,
20260803,270660,,,0,,
20260803,054210,,,0,,
20260803,213500,2193.0,2.0,1,,
20260803,204610,,,0,,
20260803,003460,,,0,,
20260803,078150,,,0,,
20260803,092130,1146.0,1.0,1,,
20260803,064550,,,0,,
20260803,025560,,,0,,
20260803,126600,,,0,,
20260803,138360,,,0,,
20260803,091580,1399.0,1.0,1,,
20260803,003610,,,0,,
20260803,045390,,,0,,
20260803,004380,,,0,,
20260803,003220,664.0,3.0,1,,
20260803,093190,,,0,,
20260803,245620,,,0,,
20260803,002210,,,0,,
20260803,002150,,,0,,
20260803,403850,,,0,,
20260803,394800,,,0,,
20260803,308430,,,0,,
20260803,012860,,,0,,
20260803,199430,,,0,,
20260803,416180,,,0,,
20260803,256840,,,0,,
20260803,036710,,,0,,
20260803,004560,,,0,,
20260803,950140,,,0,,
20260803,080160,307.0,1.0,1,,
20260803,067080,,,0,,
20260803,304100,,,0,,
20260803,065660,,,0,,
20260803,000700,,,0,,
20260803,143160,,,0,,
20260803,462520,,,0,,
20260803,243840,304.0,2.0,1,,
20260803,013580,11757.0,1.0,1,,
20260803,038390,,,0,,
20260803,010580,,,0,,
20260803,400760,,,0,,
20260803,002170,,,0,,
20260803,489460,644.0,,1,,
20260803,101530,,,0,,
20260803,001080,,,0,,
20260803,007570,,,0,,
20260803,039840,1706.0,1.0,1,,
20260803,066410,,,0,,
20260803,307180,,,0,,
20260803,487570,,,0,,
20260803,138610,,,0,,
20260803,125020,,,0,,
20260803,046070,,,0,,
20260803,094820,,,0,,
20260803,000390,,,0,,
20260803,216080,,,0,,
20260803,024840,,,0,,
20260803,000860,,,0,,
20260803,354320,1200.0,1.0,1,,
20260803,023910,,,0,,
20260803,314130,,,0,,
20260803,108380,2728.0,1.0,1,,
20260803,024800,,,0,,
20260803,086670,,,0,,
20260803,0015G0,,,0,,
20260803,041920,1048.0,1.0,1,,
20260803,179290,,,0,,
20260803,036170,,,0,,
20260803,293480,1232.0,1.0,1,,
20260803,072870,,,0,,
20260803,051370,1237.0,1.0,1,,
20260803,054800,,,0,,
20260803,115450,,,0,,
20260803,001780,,,0,,
20260803,119610,1774.0,1.0,1,,
20260803,123860,,,0,,
20260803,083930,,,0,,
20260803,048550,,,0,,
20260803,264850,,,0,,
20260803,187870,,,0,,
20260803,015230,,,0,,
20260803,016880,,,0,,
20260803,460850,,1.0,0,,
20260803,007330,,,0,,
20260803,086820,,,0,,
20260803,011040,,,0,,
20260803,032620,,,0,,
20260803,090350,,,0,,
20260803,0082N0,,,0,,
20260803,003830,,,0,,
20260803,123410,,,0,,
20260803,013990,,,0,,
20260803,000970,,,0,,
20260803,046440,,,0,,
20260803,004970,,,0,,
20260803,024060,,,0,,
20260803,334970,,,0,,
20260803,413630,124.0,,1,,
20260803,079960,,,0,,
20260803,031440,,,0,,
20260803,094840,,,0,,
20260803,464080,,,0,,
20260803,046120,,,0,,
20260803,071840,-1885.0,2.0,0,,
20260803,067280,,,0,,
20260803,037070,,,0,,
20260803,126700,1780.0,,1,,
20260803,092070,,,0,,
20260803,122990,,,0,,
20260803,078070,,,0,,
20260803,084990,,,0,,
20260803,082800,,,0,,
20260803,199820,,,0,,
20260803,234690,,,0,,
20260803,264450,,1.0,0,,
20260803,049960,,,0,,
20260803,009470,,,0,,
20260803,005990,,,0,,
20260803,475040,,,0,,
20260803,271980,,,0,,
20260803,293780,,,0,,
20260803,005960,,,0,,
20260803,041020,,,0,,
20260803,251370,,,0,,
20260803,126640,,,0,,
20260803,222040,923.0,1.0,1,,
20260803,000520,-830.0,1.0,0,,
20260803,083310,,,0,,
20260803,094280,,,0,,
20260803,338840,,,0,,
20260803,0039P0,,,0,,
20260803,104480,,,0,,
20260803,003480,,,0,,
20260803,212560,,,0,,
20260803,101970,,,0,,
20260803,260970,,,0,,
20260803,001540,,,0,,
20260803,006060,,,0,,
20260803,462860,,,0,,
20260803,012210,353.0,,1,,
20260803,048870,,,0,,
20260803,023600,,,0,,
20260803,310200,,,0,,
20260803,069510,,,0,,
20260803,039860,,,0,,
20260803,015890,,,0,,
20260803,090850,,,0,,
20260803,255220,,,0,,
20260803,272550,,,0,,
20260803,060150,,,0,,
20260803,382800,764.0,,1,,
20260803,000020,,,0,,
20260803,408920,,,0,,
20260803,049630,,,0,,
20260803,269620,,,0,,
20260803,355150,988.0,,1,,
20260803,119830,,,0,,
20260803,293580,,,0,,
20260803,389020,-148.0,1.0,0,,
20260803,054450,1061.0,1.0,1,,
20260803,004080,,,0,,
20260803,088800,,,0,,
20260803,005160,,,0,,
20260803,025820,,,0,,
20260803,086890,,,0,,
20260803,950190,,,0,,
20260803,049720,,,0,,
20260803,457550,,,0,,
20260803,004090,,,0,,
20260803,339950,,,0,,
20260803,013520,,,0,,
20260803,004150,-24.0,1.0,0,,
20260803,035610,,,0,,
20260803,246710,,,0,,
20260803,322310,,,0,,
20260803,018470,,,0,,
20260803,008350,,,0,,
20260803,003100,,,0,,
20260803,322510,,,0,,
20260803,205500,,,0,,
20260803,020120,,,0,,
20260803,388050,540.0,,1,,
20260803,114840,1119.0,1.0,1,,
20260803,136540,,,0,,
20260803,040350,,,0,,
20260803,418550,,,0,,
20260803,382900,,,0,,
20260803,036690,,,0,,
20260803,024090,,,0,,
20260803,002390,,,0,,
20260803,007540,,,0,,
20260803,263860,1267.0,,1,,
20260803,321550,,,0,,
20260803,038290,,,0,,
20260803,300080,,,0,,
20260803,405100,1008.0,1.0,1,,
20260803,107590,,,0,,
20260803,037560,256.0,3.0,1,,
20260803,086980,,,0,,
20260803,214390,,,0,,
20260803,051160,,,0,,
20260803,095190,,,0,,
20260803,274090,,,0,,
20260803,005800,,,0,,
20260803,242040,,,0,,
20260803,0007C0,,,0,,
20260803,333430,,,0,,
20260803,297890,,,0,,
20260803,0088M0,,,0,,
20260803,146320,336.0,1.0,1,,
20260803,350520,,,0,,
20260803,372170,,,0,,
20260803,214420,665.0,1.0,1,,
20260803,264660,1708.0,,1,,
20260803,089470,,,0,,
20260803,445180,,,0,,
20260803,081000,,,0,,
20260803,093640,,,0,,
20260803,012610,,,0,,
20260803,147830,,,0,,
20260803,226590,,,0,,
20260803,089600,1573.0,3.0,1,,
20260803,014280,,,0,,
20260803,080420,,,0,,
20260803,140670,,,0,,
20260803,267290,,,0,,
20260803,118990,,,0,,
20260803,210540,,,0,,
20260803,001360,,,0,,
20260803,102120,,,0,,
20260803,474650,,,0,,
20260803,041520,,,0,,
20260803,027710,,,0,,
20260803,011280,,,0,,
20260803,041590,,,0,,
20260803,009270,,,0,,
20260803,009070,,,0,,
20260803,489500,1479.0,,1,,
20260803,361390,229.0,1.0,1,,
20260803,458650,,,0,,
20260803,232680,,,0,,
20260803,340450,262.0,,1,,
20260803,078000,,,0,,
20260803,011690,,,0,,
20260803,034590,,,0,,
20260803,451760,457.0,1.0,1,,
20260803,473980,,,0,,
20260803,240550,,,0,,
20260803,002460,,,0,,
20260803,049520,,,0,,
20260803,285490,,,0,,
20260803,004960,,,0,,
20260803,142210,2496.0,,1,,
20260803,032580,,,0,,
20260803,122450,739.0,,1,,
20260803,256940,,,0,,
20260803,079430,412.0,3.0,1,,
20260803,095700,,,0,,
20260803,067990,,,0,,
20260803,227840,,,0,,
20260803,038540,,,0,,
20260803,021320,1869.0,1.0,1,,
20260803,001520,,,0,,
20260803,059120,,,0,,
20260803,008970,,,0,,
20260803,002620,,,0,,
20260803,106190,,,0,,
20260803,108230,,,0,,
20260803,016710,,,0,,
20260803,101360,,,0,,
20260803,307750,,,0,,
20260803,083420,,,0,,
20260803,478340,,,0,,
20260803,002780,,,0,,
20260803,149950,585.0,1.0,1,,
20260803,018120,,,0,,
20260803,289080,,,0,,
20260803,006620,,,0,,
20260803,011810,,,0,,
20260803,009780,,,0,,
20260803,290720,,,0,,
20260803,013570,,,0,,
20260803,051360,,,0,,
20260803,396300,264.0,,1,,
20260803,067290,,,0,,
20260803,041440,,,0,,
20260803,432720,,,0,,
20260803,037350,,,0,,
20260803,010100,,,0,,
20260803,362320,,,0,,
20260803,014530,,,0,,
20260803,371950,,,0,,
20260803,077500,,,0,,
20260803,402490,,,0,,
20260803,259630,1781.0,,1,,
20260803,265740,840.0,,1,,
20260803,054050,,,0,,
20260803,211270,,,0,,
20260803,014580,,,0,,
20260803,063570,419.0,1.0,1,,
20260803,469610,,,0,,
20260803,126730,,,0,,
20260803,148150,287.0,1.0,1,,
20260803,357880,,,0,,
20260803,053080,,,0,,
20260803,053700,,,0,,
20260803,217270,,,0,,
20260803,282880,1334.0,1.0,1,,
20260803,338220,,,0,,
20260803,039340,,,0,,
20260803,067900,,,0,,
20260803,120030,,,0,,
20260803,267320,,,0,,
20260803,012320,,,0,,
20260803,035000,,,0,,
20260803,035080,,,0,,
20260803,058820,,,0,,
20260803,052260,,,0,,
20260803,109740,,,0,,
20260803,101170,,,0,,
20260803,044340,,,0,,
20260803,331920,,,0,,
20260803,394420,-202.0,1.0,0,,
20260803,115310,,,0,,
20260803,248170,,,0,,
20260803,220260,,,0,,
20260803,047310,,,0,,
20260803,120240,,,0,,
20260803,452450,,,0,,
20260803,054920,,,0,,
20260803,051980,,,0,,
20260803,070960,104.0,1.0,1,,
20260803,488280,148.0,,1,,
20260803,073560,,,0,,
20260803,021080,,,0,,
20260803,027970,,,0,,
20260803,032940,,,0,,
20260803,192410,,,0,,
20260803,059210,613.0,,1,,
20260803,388790,,,0,,
20260803,019180,,,0,,
20260803,226400,484.0,1.0,1,,
20260803,021820,,,0,,
20260803,119650,,,0,,
20260803,264900,,,0,,
20260803,008040,,,0,,
20260803,042600,,,0,,
20260803,166480,,,0,,
20260803,100700,,,0,,
20260803,017550,,,0,,
20260803,267850,,,0,,
20260803,023450,,,0,,
20260803,002450,,,0,,
20260803,366030,,,0,,
20260803,309960,,,0,,
20260803,009580,,,0,,
20260804,000080,1369.0,5.0,1,1369.0,
20260804,000100,1995.0,15.0,1,1995.0,
20260804,000120,9792.0,10.0,1,9792.0,
20260804,000150,22687.0,12.0,1,22687.0,
20260804,000210,12152.0,2.0,1,12152.0,
20260804,000270,21865.0,25.0,1,21865.0,
20260804,000500,2357.0,,1,2357.0,
20260804,000640,10793.0,3.0,1,10793.0,
20260804,000660,345914.0,24.0,1,345914.0,
20260804,000720,4606.0,19.0,1,4606.0,
20260804,000810,46458.0,15.0,1,46458.0,
20260804,000880,10175.0,11.0,1,10175.0,
20260804,0008Z0,2119.0,1.0,1,2119.0,
20260804,000990,8413.0,3.0,1,8413.0,
20260804,001040,10842.0,11.0,1,10842.0,
20260804,001120,7720.0,4.0,1,7720.0,
20260804,001230,179.0,1.0,1,179.0,
20260804,001250,246.0,1.0,1,246.0,
20260804,001340,229.0,1.0,1,229.0,
20260804,001430,2779.0,10.0,1,2779.0,
20260804,001440,472.0,7.0,1,472.0,
20260804,001450,,14.0,0,,
20260804,001530,657.0,1.0,1,657.0,
20260804,001680,2694.0,2.0,1,2694.0,
20260804,001740,430.0,4.0,1,430.0,
20260804,001940,988.0,1.0,1,988.0,
20260804,002020,4976.0,1.0,1,4976.0,
20260804,002350,1262.0,14.0,1,1262.0,
20260804,002380,186890.0,5.0,1,186890.0,
20260804,002990,1469.0,2.0,1,1469.0,
20260804,003030,18326.0,1.0,1,18326.0,
20260804,003070,2293.0,1.0,1,2293.0,
20260804,003160,1424.0,2.0,1,1424.0,
20260804,003220,664.0,3.0,1,664.0,
20260804,003230,74874.0,14.0,1,74874.0,
20260804,003380,2518.0,1.0,1,2518.0,
20260804,003490,964.0,10.0,1,964.0,
20260804,003540,4700.0,3.0,1,4700.0,
20260804,003550,7615.0,13.0,1,7615.0,
20260804,003570,2734.0,1.0,1,2734.0,
20260804,003620,312.0,,1,312.0,
20260804,003670,267.0,20.0,1,267.0,
20260804,003850,772.0,1.0,1,772.0,
20260804,004000,8050.0,6.0,1,8050.0,
20260804,004020,896.0,14.0,1,896.0,
20260804,004170,41089.0,18.0,1,41089.0,
20260804,004370,32114.0,13.0,1,32114.0,
20260804,004690,37548.0,1.0,1,37548.0,
20260804,004800,19215.0,3.0,1,19215.0,
20260804,004990,897.0,4.0,1,897.0,
20260804,005070,121.0,2.0,1,121.0,
20260804,005090,1140.0,3.0,1,1140.0,
20260804,005180,8570.0,,1,8570.0,
20260804,005300,10455.0,10.0,1,10455.0,
20260804,005380,38148.0,25.0,1,38148.0,
20260804,005440,1850.0,4.0,1,1850.0,
20260804,005490,23149.0,18.0,1,23149.0,
20260804,005500,1719.0,1.0,1,1719.0,
20260804,005690,914.0,3.0,1,914.0,
20260804,005810,8601.0,1.0,1,8601.0,
20260804,005850,8294.0,7.0,1,8294.0,
20260804,005880,517.0,4.0,1,517.0,
20260804,005930,47929.0,24.0,1,47929.0,
20260804,005940,4481.0,17.0,1,4481.0,
20260804,006040,7716.0,4.0,1,7716.0,
20260804,006110,265.0,,1,265.0,
20260804,006260,19854.0,12.0,1,19854.0,
20260804,006280,13775.0,13.0,1,13775.0,
20260804,006360,1817.0,20.0,1,1817.0,
20260804,006400,8068.0,18.0,1,8068.0,
20260804,006650,12852.0,5.0,1,12852.0,
20260804,006730,661.0,5.0,1,661.0,
20260804,006800,4726.0,17.0,1,4726.0,
20260804,007070,2426.0,14.0,1,2426.0,
20260804,007340,5980.0,1.0,1,5980.0,
20260804,007660,3600.0,12.0,1,3600.0,
20260804,007690,6295.0,2.0,1,6295.0,
20260804,007810,4392.0,3.0,1,4392.0,
20260804,008730,516.0,,1,516.0,
20260804,008770,2847.0,13.0,1,2847.0,
20260804,009150,19742.0,20.0,1,19742.0,
20260804,009240,1091.0,7.0,1,1091.0,
20260804,009420,4.0,7.0,1,4.0,
20260804,009450,11851.0,2.0,1,11851.0,
20260804,009540,53747.0,15.0,1,53747.0,
20260804,009830,1614.0,13.0,1,1614.0,
20260804,009900,1534.0,1.0,1,1534.0,
20260804,010060,8632.0,7.0,1,8632.0,
20260804,010120,3608.0,15.0,1,3608.0,
20260804,010130,63195.0,4.0,1,63195.0,
20260804,010140,1078.0,21.0,1,1078.0,
20260804,010690,2520.0,1.0,1,2520.0,
20260804,010780,4901.0,5.0,1,4901.0,
20260804,010950,20978.0,17.0,1,20978.0,
20260804,011070,39030.0,20.0,1,39030.0,
20260804,011200,1796.0,12.0,1,1796.0,
20260804,011210,5477.0,16.0,1,5477.0,
20260804,011560,4622.0,1.0,1,4622.0,
20260804,011760,7927.0,3.0,1,7927.0,
20260804,011780,15121.0,13.0,1,15121.0,
20260804,011930,735.0,1.0,1,735.0,
20260804,012210,234.0,,1,234.0,
20260804,012330,45680.0,25.0,1,45680.0,
20260804,012450,44474.0,19.0,1,44474.0,
20260804,012630,3783.0,1.0,1,3783.0,
20260804,0126Z0,9510.0,3.0,1,9510.0,
20260804,012750,4118.0,4.0,1,4118.0,
20260804,013030,4754.0,1.0,1,4754.0,
20260804,013120,286.0,1.0,1,286.0,
20260804,013580,11757.0,1.0,1,11757.0,
20260804,014620,1544.0,3.0,1,1544.0,
20260804,014680,15383.0,7.0,1,15383.0,
20260804,014830,14045.0,6.0,1,14045.0,
20260804,015760,9011.0,15.0,1,9011.0,
20260804,016360,19653.0,18.0,1,19653.0,
20260804,016380,1781.0,3.0,1,1781.0,
20260804,017670,5858.0,19.0,1,5858.0,
20260804,017800,4221.0,1.0,1,4221.0,
20260804,017810,1241.0,2.0,1,1241.0,
20260804,017940,31166.0,1.0,1,31166.0,
20260804,017960,2230.0,3.0,1,2230.0,
20260804,018260,9137.0,13.0,1,9137.0,
20260804,018290,1631.0,1.0,1,1631.0,
20260804,018670,54884.0,5.0,1,54884.0,
20260804,018880,244.0,20.0,1,244.0,
20260804,020000,3855.0,5.0,1,3855.0,
20260804,021240,10272.0,2.0,1,10272.0,
20260804,021320,1869.0,1.0,1,1869.0,
20260804,023160,1991.0,2.0,1,1991.0,
20260804,023530,13389.0,15.0,1,13389.0,
20260804,024110,3496.0,15.0,1,3496.0,
20260804,025320,105.0,,1,105.0,
20260804,025540,11854.0,1.0,1,11854.0,
20260804,027410,648.0,1.0,1,648.0,
20260804,028050,3776.0,21.0,1,3776.0,
20260804,028260,16458.0,15.0,1,16458.0,
20260804,028670,845.0,13.0,1,845.0,
20260804,029780,5262.0,4.0,1,5262.0,
20260804,030000,1943.0,11.0,1,1943.0,
20260804,030190,1591.0,1.0,1,1591.0,
20260804,030200,5690.0,18.0,1,5690.0,
20260804,030520,1927.0,3.0,1,1927.0,
20260804,031430,1554.0,6.0,1,1554.0,
20260804,031980,6303.0,5.0,1,6303.0,
20260804,032350,941.0,10.0,1,941.0,
20260804,032500,48.0,1.0,1,48.0,
20260804,032640,1695.0,18.0,1,1695.0,
20260804,032830,14506.0,13.0,1,14506.0,
20260804,033240,3878.0,1.0,1,3878.0,
20260804,033270,2808.0,2.0,1,2808.0,
20260804,033500,2568.0,1.0,1,2568.0,
20260804,033640,230.0,1.0,1,230.0,
20260804,033780,12070.0,14.0,1,12070.0,
20260804,034020,493.0,16.0,1,493.0,
20260804,034120,249.0,6.0,1,249.0,
20260804,034220,62.0,7.0,1,62.0,
20260804,034230,982.0,11.0,1,982.0,
20260804,034730,125347.0,13.0,1,125347.0,
20260804,034830,305.0,1.0,1,305.0,
20260804,035150,2311.0,1.0,1,2311.0,
20260804,035250,1388.0,10.0,1,1388.0,
20260804,035420,11992.0,22.0,1,11992.0,
20260804,035600,2217.0,2.0,1,2217.0,
20260804,035720,1556.0,16.0,1,1556.0,
20260804,035760,2102.0,13.0,1,2102.0,
20260804,035900,3726.0,18.0,1,3726.0,
20260804,036460,10764.0,8.0,1,10764.0,
20260804,036530,8710.0,1.0,1,8710.0,
20260804,036540,18.0,1.0,1,18.0,
20260804,036570,21561.0,18.0,1,21561.0,
20260804,036620,512.0,2.0,1,512.0,
20260804,036800,5522.0,1.0,1,5522.0,
20260804,036890,1589.0,,1,1589.0,
20260804,036930,1052.0,1.0,1,1052.0,
20260804,037560,282.0,4.0,1,282.0,
20260804,039030,9574.0,2.0,1,9574.0,
20260804,039130,3499.0,5.0,1,3499.0,
20260804,039440,4901.0,1.0,1,4901.0,
20260804,039490,68574.0,17.0,1,68574.0,
20260804,039570,1271.0,1.0,1,1271.0,
20260804,039830,3396.0,,1,3396.0,
20260804,039840,1706.0,1.0,1,1706.0,
20260804,041510,5735.0,18.0,1,5735.0,
20260804,041830,3568.0,2.0,1,3568.0,
20260804,041920,1048.0,1.0,1,1048.0,
20260804,042000,1632.0,1.0,1,1632.0,
20260804,042520,1085.0,1.0,1,1085.0,
20260804,042660,6381.0,20.0,1,6381.0,
20260804,042700,3627.0,1.0,1,3627.0,
20260804,043150,3277.0,4.0,1,3277.0,
20260804,043260,3976.0,2.0,1,3976.0,
20260804,044490,1484.0,,1,1484.0,
20260804,047040,1192.0,12.0,1,1192.0,
20260804,047050,5227.0,13.0,1,5227.0,
20260804,047810,2749.0,19.0,1,2749.0,
20260804,049070,1664.0,1.0,1,1664.0,
20260804,050890,738.0,3.0,1,738.0,
20260804,051370,1237.0,1.0,1,1237.0,
20260804,051500,4575.0,6.0,1,4575.0,
20260804,051600,3500.0,11.0,1,3500.0,
20260804,051900,13190.0,14.0,1,13190.0,
20260804,052400,6832.0,1.0,1,6832.0,
20260804,052690,1714.0,12.0,1,1714.0,
20260804,052710,508.0,2.0,1,508.0,
20260804,053210,462.0,5.0,1,462.0,
20260804,053610,6365.0,,1,6365.0,
20260804,053690,2099.0,2.0,1,2099.0,
20260804,054450,1061.0,1.0,1,1061.0,
20260804,054950,2782.0,3.0,1,2782.0,
20260804,055550,12446.0,18.0,1,12446.0,
20260804,056190,2333.0,2.0,1,2333.0,
20260804,058430,408.0,2.0,1,408.0,
20260804,058470,2437.0,5.0,1,2437.0,
20260804,058610,824.0,2.0,1,824.0,
20260804,058650,19337.0,1.0,1,19337.0,
20260804,058970,146.0,1.0,1,146.0,
20260804,059210,613.0,,1,613.0,
20260804,060250,1424.0,4.0,1,1424.0,
20260804,060370,459.0,1.0,1,459.0,
20260804,060720,950.0,3.0,1,950.0,
20260804,060980,6345.0,3.0,1,6345.0,
20260804,061090,5706.0,1.0,1,5706.0,
20260804,062040,6761.0,8.0,1,6761.0,
20260804,063570,419.0,1.0,1,419.0,
20260804,064290,443.0,2.0,1,443.0,
20260804,064350,8278.0,16.0,1,8278.0,
20260804,064400,4903.0,10.0,1,4903.0,
20260804,064760,9640.0,5.0,1,9640.0,
20260804,064850,2191.0,,1,2191.0,
20260804,064960,3674.0,5.0,1,3674.0,
20260804,066570,12631.0,17.0,1,12631.0,
20260804,067160,7350.0,7.0,1,7350.0,
20260804,067310,2440.0,4.0,1,2440.0,
20260804,068270,6713.0,18.0,1,6713.0,
20260804,068930,1012.0,1.0,1,1012.0,
20260804,069260,1868.0,3.0,1,1868.0,
20260804,069620,15931.0,13.0,1,15931.0,
20260804,069960,13167.0,18.0,1,13167.0,
20260804,070960,104.0,1.0,1,104.0,
20260804,071050,46408.0,16.0,1,46408.0,
20260804,071320,20089.0,2.0,1,20089.0,
20260804,071970,3786.0,5.0,1,3786.0,
20260804,073240,1417.0,11.0,1,1417.0,
20260804,073490,2117.0,2.0,1,2117.0,
20260804,074600,2607.0,3.0,1,2607.0,
20260804,077970,2030.0,2.0,1,2030.0,
20260804,078340,1430.0,5.0,1,1430.0,
20260804,078520,1161.0,,1,1161.0,
20260804,078600,1078.0,2.0,1,1078.0,
20260804,078930,16872.0,5.0,1,16872.0,
20260804,079430,412.0,3.0,1,412.0,
20260804,079550,17051.0,17.0,1,17051.0,
20260804,079900,2285.0,2.0,1,2285.0,
20260804,080160,307.0,1.0,1,307.0,
20260804,080580,1002.0,1.0,1,1002.0,
20260804,081660,5155.0,9.0,1,5155.0,
20260804,082740,2388.0,6.0,1,2388.0,
20260804,082920,1724.0,3.0,1,1724.0,
20260804,083450,3505.0,,1,3505.0,
20260804,083650,2556.0,3.0,1,2556.0,
20260804,084010,495.0,1.0,1,495.0,
20260804,084370,4060.0,3.0,1,4060.0,
20260804,084850,185.0,,1,185.0,
20260804,085910,819.0,1.0,1,819.0,
20260804,086280,22213.0,16.0,1,22213.0,
20260804,086390,961.0,2.0,1,961.0,
20260804,086450,1965.0,2.0,1,1965.0,
20260804,086790,16056.0,19.0,1,16056.0,
20260804,086900,3553.0,2.0,1,3553.0,
20260804,088350,950.0,12.0,1,950.0,
20260804,088980,710.0,2.0,1,710.0,
20260804,089010,2018.0,2.0,1,2018.0,
20260804,089600,1573.0,3.0,1,1573.0,
20260804,089860,4236.0,10.0,1,4236.0,
20260804,089890,1990.0,1.0,1,1990.0,
20260804,089970,3354.0,3.0,1,3354.0,
20260804,089980,475.0,1.0,1,475.0,
20260804,090430,5399.0,17.0,1,5399.0,
20260804,090460,2798.0,10.0,1,2798.0,
20260804,091580,1399.0,1.0,1,1399.0,
20260804,091700,633.0,2.0,1,633.0,
20260804,092130,1146.0,1.0,1,1146.0,
20260804,092730,1802.0,2.0,1,1802.0,
20260804,092870,1532.0,,1,1532.0,
20260804,093370,206.0,1.0,1,206.0,
20260804,093520,2120.0,1.0,1,2120.0,
20260804,094170,478.0,,1,478.0,
20260804,094360,469.0,2.0,1,469.0,
20260804,095340,4283.0,5.0,1,4283.0,
20260804,095570,501.0,3.0,1,501.0,
20260804,095610,5196.0,8.0,1,5196.0,
20260804,095660,2014.0,8.0,1,2014.0,
20260804,096530,1748.0,2.0,1,1748.0,
20260804,096770,16283.0,15.0,1,16283.0,
20260804,097230,1750.0,1.0,1,1750.0,
20260804,097520,2442.0,3.0,1,2442.0,
20260804,097950,23871.0,13.0,1,23871.0,
20260804,098070,3021.0,,1,3021.0,
20260804,098460,860.0,6.0,1,860.0,
20260804,099190,317.0,2.0,1,317.0,
20260804,099320,995.0,1.0,1,995.0,
20260804,099430,448.0,1.0,1,448.0,
20260804,100090,719.0,6.0,1,719.0,
20260804,100120,3562.0,3.0,1,3562.0,
20260804,100840,5295.0,2.0,1,5295.0,
20260804,102710,4532.0,2.0,1,4532.0,
20260804,103140,10215.0,12.0,1,10215.0,
20260804,103590,3352.0,3.0,1,3352.0,
20260804,104700,219.0,1.0,1,219.0,
20260804,104830,5084.0,2.0,1,5084.0,
20260804,105560,18392.0,18.0,1,18392.0,
20260804,105630,1321.0,10.0,1,1321.0,
20260804,105840,797.0,1.0,1,797.0,
20260804,107640,631.0,1.0,1,631.0,
20260804,108320,3843.0,2.0,1,3843.0,
20260804,108380,2728.0,1.0,1,2728.0,
20260804,108490,408.0,6.0,1,408.0,
20260804,108670,8402.0,5.0,1,8402.0,
20260804,111770,13504.0,10.0,1,13504.0,
20260804,112040,1355.0,1.0,1,1355.0,
20260804,112290,396.0,,1,396.0,
20260804,112610,4297.0,9.0,1,4297.0,
20260804,114090,996.0,11.0,1,996.0,
20260804,114810,1191.0,1.0,1,1191.0,
20260804,114840,1119.0,1.0,1,1119.0,
20260804,119610,1754.0,1.0,1,1754.0,
20260804,119850,2535.0,,1,2535.0,
20260804,120110,6904.0,4.0,1,6904.0,
20260804,121600,735.0,1.0,1,735.0,
20260804,122450,739.0,,1,739.0,
20260804,122640,997.0,2.0,1,997.0,
20260804,122870,2815.0,19.0,1,2815.0,
20260804,122900,1256.0,1.0,1,1256.0,
20260804,123330,2654.0,,1,2654.0,
20260804,125490,205.0,2.0,1,205.0,
20260804,126340,281.0,1.0,1,281.0,
20260804,126700,1780.0,,1,1780.0,
20260804,126720,3850.0,1.0,1,3850.0,
20260804,128940,16486.0,18.0,1,16486.0,
20260804,131290,12087.0,3.0,1,12087.0,
20260804,131970,2001.0,6.0,1,2001.0,
20260804,138040,14254.0,4.0,1,14254.0,
20260804,138080,366.0,1.0,1,366.0,
20260804,138930,2566.0,17.0,1,2566.0,
20260804,139130,3003.0,16.0,1,3003.0,
20260804,139480,4566.0,10.0,1,4566.0,
20260804,140860,7185.0,8.0,1,7185.0,
20260804,142210,2496.0,,1,2496.0,
20260804,144960,1005.0,1.0,1,1005.0,
20260804,145020,14311.0,14.0,1,14311.0,
20260804,145720,7151.0,5.0,1,7151.0,
20260804,146320,336.0,1.0,1,336.0,
20260804,148150,287.0,1.0,1,287.0,
20260804,149950,585.0,1.0,1,585.0,
20260804,161390,10751.0,16.0,1,10751.0,
20260804,161890,7384.0,20.0,1,7384.0,
20260804,166090,3926.0,2.0,1,3926.0,
20260804,170900,4013.0,3.0,1,4013.0,
20260804,170920,2262.0,1.0,1,2262.0,
20260804,171090,7937.0,3.0,1,7937.0,
20260804,175330,3959.0,16.0,1,3959.0,
20260804,178320,861.0,2.0,1,861.0,
20260804,178920,1762.0,3.0,1,1762.0,
20260804,181710,3485.0,9.0,1,3485.0,
20260804,183190,1110.0,3.0,1,1110.0,
20260804,183300,3173.0,2.0,1,3173.0,
20260804,185750,4564.0,7.0,1,4564.0,
20260804,189300,3798.0,6.0,1,3798.0,
20260804,190510,1079.0,,1,1079.0,
20260804,192080,9227.0,13.0,1,9227.0,
20260804,192400,4330.0,1.0,1,4330.0,
20260804,192650,180.0,3.0,1,180.0,
20260804,192820,13201.0,19.0,1,13201.0,
20260804,194370,3753.0,1.0,1,3753.0,
20260804,194700,2688.0,1.0,1,2688.0,
20260804,195870,4634.0,11.0,1,4634.0,
20260804,195940,3253.0,14.0,1,3253.0,
20260804,196170,5002.0,4.0,1,5002.0,
20260804,200670,3939.0,2.0,1,3939.0,
20260804,200710,1549.0,2.0,1,1549.0,
20260804,204270,997.0,1.0,1,997.0,
20260804,204320,4308.0,21.0,1,4308.0,
20260804,207940,40521.0,21.0,1,40521.0,
20260804,213420,3132.0,7.0,1,3132.0,
20260804,213500,2813.0,2.0,1,2813.0,
20260804,214150,2645.0,16.0,1,2645.0,
20260804,214180,3075.0,2.0,1,3075.0,
20260804,214320,2829.0,9.0,1,2829.0,
20260804,214420,665.0,1.0,1,665.0,
20260804,214430,2682.0,,1,2682.0,
20260804,214450,19052.0,15.0,1,19052.0,
20260804,215000,7266.0,1.0,1,7266.0,
20260804,215200,9088.0,2.0,1,9088.0,
20260804,217590,249.0,,1,249.0,
20260804,218410,1762.0,4.0,1,1762.0,
20260804,219130,3310.0,,1,3310.0,
20260804,222040,923.0,1.0,1,923.0,
20260804,222800,3968.0,8.0,1,3968.0,
20260804,226400,501.0,2.0,1,501.0,
20260804,229640,1716.0,5.0,1,1716.0,
20260804,230240,1116.0,2.0,1,1116.0,
20260804,232140,431.0,4.0,1,431.0,
20260804,234080,1730.0,1.0,1,1730.0,
20260804,234340,1532.0,2.0,1,1532.0,
20260804,236200,5984.0,1.0,1,5984.0,
20260804,237690,3291.0,14.0,1,3291.0,
20260804,237880,1144.0,2.0,1,1144.0,
20260804,240810,3544.0,6.0,1,3544.0,
20260804,241560,5767.0,7.0,1,5767.0,
20260804,241590,407.0,4.0,1,407.0,
20260804,241710,6455.0,10.0,1,6455.0,
20260804,243840,304.0,2.0,1,304.0,
20260804,247540,195.0,15.0,1,195.0,
20260804,248070,1022.0,5.0,1,1022.0,
20260804,251270,5113.0,12.0,1,5113.0,
20260804,251970,3698.0,4.0,1,3698.0,
20260804,252990,546.0,,1,546.0,
20260804,253450,1221.0,11.0,1,1221.0,
20260804,257720,3457.0,8.0,1,3457.0,
20260804,259630,1781.0,,1,1781.0,
20260804,259960,20296.0,18.0,1,20296.0,
20260804,263750,5667.0,8.0,1,5667.0,
20260804,263860,1267.0,,1,1267.0,
20260804,264660,1708.0,,1,1708.0,
20260804,265740,840.0,,1,840.0,
20260804,267250,43327.0,6.0,1,43327.0,
20260804,267260,26555.0,14.0,1,26555.0,
20260804,267270,12291.0,6.0,1,12291.0,
20260804,267980,8821.0,1.0,1,8821.0,
20260804,271560,12153.0,13.0,1,12153.0,
20260804,272110,3364.0,,1,3364.0,
20260804,272210,829.0,14.0,1,829.0,
20260804,272290,2869.0,1.0,1,2869.0,
20260804,277810,773.0,1.0,1,773.0,
20260804,278470,15121.0,20.0,1,15121.0,
20260804,279570,283.0,2.0,1,283.0,
20260804,280360,12548.0,11.0,1,12548.0,
20260804,281820,6467.0,1.0,1,6467.0,
20260804,282330,13073.0,15.0,1,13073.0,
20260804,282880,1334.0,1.0,1,1334.0,
20260804,285130,7719.0,2.0,1,7719.0,
20260804,286940,1685.0,3.0,1,1685.0,
20260804,290550,1800.0,1.0,1,1800.0,
20260804,290650,881.0,,1,881.0,
20260804,293480,1232.0,1.0,1,1232.0,
20260804,294570,2249.0,,1,2249.0,
20260804,294870,5546.0,16.0,1,5546.0,
20260804,295310,1208.0,1.0,1,1208.0,
20260804,298020,61734.0,6.0,1,61734.0,
20260804,298040,82401.0,13.0,1,82401.0,
20260804,298050,16172.0,4.0,1,16172.0,
20260804,300720,952.0,2.0,1,952.0,
20260804,306200,23666.0,4.0,1,23666.0,
20260804,307950,7708.0,16.0,1,7708.0,
20260804,316140,4400.0,18.0,1,4400.0,
20260804,317400,1448.0,1.0,1,1448.0,
20260804,319660,5236.0,7.0,1,5236.0,
20260804,322000,10464.0,2.0,1,10464.0,
20260804,323410,1254.0,13.0,1,1254.0,
20260804,326030,4210.0,12.0,1,4210.0,
20260804,327260,691.0,2.0,1,691.0,
20260804,329180,30527.0,21.0,1,30527.0,
20260804,330860,1469.0,2.0,1,1469.0,
20260804,332570,822.0,,1,822.0,
20260804,336370,1206.0,2.0,1,1206.0,
20260804,336570,525.0,1.0,1,525.0,
20260804,339770,416.0,1.0,1,416.0,
20260804,340450,262.0,,1,262.0,
20260804,340570,7231.0,3.0,1,7231.0,
20260804,347700,916.0,1.0,1,916.0,
20260804,348210,1887.0,3.0,1,1887.0,
20260804,352480,1343.0,,1,1343.0,
20260804,352820,4386.0,19.0,1,4386.0,
20260804,353200,4465.0,12.0,1,4465.0,
20260804,354320,1200.0,1.0,1,1200.0,
20260804,355150,988.0,,1,988.0,
20260804,356860,1969.0,8.0,1,1969.0,
20260804,357780,18895.0,9.0,1,18895.0,
20260804,361390,229.0,1.0,1,229.0,
20260804,368770,493.0,,1,493.0,
20260804,375500,11520.0,19.0,1,11520.0,
20260804,376270,1735.0,1.0,1,1735.0,
20260804,376300,1737.0,12.0,1,1737.0,
20260804,377300,861.0,6.0,1,861.0,
20260804,381970,1035.0,3.0,1,1035.0,
20260804,382800,764.0,,1,764.0,
20260804,383220,12905.0,10.0,1,12905.0,
20260804,383310,1333.0,1.0,1,1333.0,
20260804,383800,1955.0,2.0,1,1955.0,
20260804,388050,540.0,,1,540.0,
20260804,388210,6319.0,3.0,1,6319.0,
20260804,389260,1384.0,,1,1384.0,
20260804,396300,264.0,,1,264.0,
20260804,397030,37.0,2.0,1,37.0,
20260804,402340,296272.0,7.0,1,296272.0,
20260804,403550,83.0,1.0,1,83.0,
20260804,403870,1440.0,6.0,1,1440.0,
20260804,405100,1008.0,1.0,1,1008.0,
20260804,413630,124.0,,1,124.0,
20260804,417840,1231.0,1.0,1,1231.0,
20260804,419530,2869.0,2.0,1,2869.0,
20260804,420770,1930.0,4.0,1,1930.0,
20260804,425420,2620.0,,1,2620.0,
20260804,439260,8017.0,5.0,1,8017.0,
20260804,440110,1817.0,1.0,1,1817.0,
20260804,441270,610.0,,1,610.0,
20260804,443060,7838.0,11.0,1,7838.0,
20260804,445090,549.0,,1,549.0,
20260804,450950,97.0,2.0,1,97.0,
20260804,451760,457.0,1.0,1,457.0,
20260804,452430,419.0,1.0,1,419.0,
20260804,453340,3489.0,3.0,1,3489.0,
20260804,454910,108.0,1.0,1,108.0,
20260804,456010,7.0,1.0,1,7.0,
20260804,456040,12816.0,3.0,1,12816.0,
20260804,458870,1618.0,4.0,1,1618.0,
20260804,460860,833.0,3.0,1,833.0,
20260804,462870,2225.0,9.0,1,2225.0,
20260804,475150,890.0,4.0,1,890.0,
20260804,475960,37.0,1.0,1,37.0,
20260804,476060,609.0,2.0,1,609.0,
20260804,482630,1028.0,2.0,1,1028.0,
20260804,483650,10305.0,15.0,1,10305.0,
20260804,484120,1305.0,,1,1305.0,
20260804,484870,1868.0,1.0,1,1868.0,
20260804,488280,148.0,,1,148.0,
20260804,489460,644.0,,1,644.0,
20260804,489500,1479.0,,1,1479.0,
20260804,489790,2830.0,3.0,1,2830.0,
20260804,499790,2723.0,6.0,1,2723.0,
20260805,000080,1377.0,6.0,1,1377.0,
20260805,000100,2046.0,14.0,1,2046.0,
20260805,000120,9792.0,10.0,1,9792.0,
20260805,000150,22687.0,12.0,1,22687.0,
20260805,000210,11589.0,2.0,1,11589.0,
20260805,000270,21865.0,25.0,1,21865.0,
20260805,000500,2357.0,,1,2357.0,
20260805,000640,10793.0,3.0,1,10793.0,
20260805,000660,345914.0,24.0,1,345914.0,
20260805,000720,4596.0,20.0,1,4596.0,
20260805,000810,46458.0,15.0,1,46458.0,
20260805,000880,10175.0,11.0,1,10175.0,
20260805,0008Z0,2119.0,1.0,1,2119.0,
20260805,000990,8413.0,3.0,1,8413.0,
20260805,001040,10862.0,11.0,1,10862.0,
20260805,001120,7001.0,6.0,1,7001.0,
20260805,001230,179.0,1.0,1,179.0,
20260805,001250,246.0,1.0,1,246.0,
20260805,001340,229.0,1.0,1,229.0,
20260805,001430,2779.0,10.0,1,2779.0,
20260805,001440,472.0,7.0,1,472.0,
20260805,001450,,14.0,0,,
20260805,001530,657.0,1.0,1,657.0,
20260805,001680,2694.0,2.0,1,2694.0,
20260805,001740,430.0,4.0,1,430.0,
20260805,001940,988.0,1.0,1,988.0,
20260805,002020,4976.0,1.0,1,4976.0,
20260805,002350,1262.0,14.0,1,1262.0,
20260805,002380,186890.0,5.0,1,186890.0,
20260805,002990,1469.0,2.0,1,1469.0,
20260805,003030,18326.0,1.0,1,18326.0,
20260805,003070,2293.0,1.0,1,2293.0,
20260805,003160,1424.0,2.0,1,1424.0,
20260805,003220,664.0,3.0,1,664.0,
20260805,003230,74874.0,14.0,1,74874.0,
20260805,003380,2518.0,1.0,1,2518.0,
20260805,003490,964.0,10.0,1,964.0,
20260805,003540,4700.0,3.0,1,4700.0,
20260805,003550,7615.0,13.0,1,7615.0,
20260805,003570,2734.0,1.0,1,2734.0,
20260805,003620,312.0,,1,312.0,
20260805,003670,263.0,16.0,1,263.0,
20260805,003850,772.0,1.0,1,772.0,
20260805,004000,8050.0,6.0,1,8050.0,
20260805,004020,845.0,17.0,1,845.0,
20260805,004170,41089.0,18.0,1,41089.0,
20260805,004370,32143.0,13.0,1,32143.0,
20260805,004690,37548.0,1.0,1,37548.0,
20260805,004800,19215.0,3.0,1,19215.0,
20260805,004990,897.0,4.0,1,897.0,
20260805,005070,121.0,2.0,1,121.0,
20260805,005090,1140.0,3.0,1,1140.0,
20260805,005180,8570.0,,1,8570.0,
20260805,005300,10275.0,10.0,1,10275.0,
20260805,005380,38148.0,25.0,1,38148.0,
20260805,005440,1850.0,4.0,1,1850.0,
20260805,005490,23149.0,18.0,1,23149.0,
20260805,005500,1719.0,1.0,1,1719.0,
20260805,005690,914.0,3.0,1,914.0,
20260805,005810,8518.0,2.0,1,8518.0,
20260805,005850,8294.0,7.0,1,8294.0,
20260805,005880,517.0,4.0,1,517.0,
20260805,005930,47929.0,24.0,1,47929.0,
20260805,005940,4481.0,17.0,1,4481.0,
20260805,006040,7716.0,4.0,1,7716.0,
20260805,006110,265.0,,1,265.0,
20260805,006260,19854.0,12.0,1,19854.0,
20260805,006280,15423.0,13.0,1,15423.0,
20260805,006360,1772.0,20.0,1,1772.0,
20260805,006400,8068.0,18.0,1,8068.0,
20260805,006650,12852.0,5.0,1,12852.0,
20260805,006730,661.0,5.0,1,661.0,
20260805,006800,4726.0,17.0,1,4726.0,
20260805,007070,2426.0,14.0,1,2426.0,
20260805,007340,5980.0,1.0,1,5980.0,
20260805,007660,3600.0,12.0,1,3600.0,
20260805,007690,6295.0,2.0,1,6295.0,
20260805,007810,4392.0,3.0,1,4392.0,
20260805,008730,516.0,,1,516.0,
20260805,008770,2878.0,13.0,1,2878.0,
20260805,009150,19742.0,20.0,1,19742.0,
20260805,009240,1091.0,7.0,1,1091.0,
20260805,009420,4.0,7.0,1,4.0,
20260805,009450,11851.0,2.0,1,11851.0,
20260805,009540,53747.0,15.0,1,53747.0,
20260805,009830,1614.0,13.0,1,1614.0,
20260805,009900,1534.0,1.0,1,1534.0,
20260805,010060,8632.0,7.0,1,8632.0,
20260805,010120,3608.0,15.0,1,3608.0,
20260805,010130,63195.0,4.0,1,63195.0,
20260805,010140,1068.0,20.0,1,1068.0,
20260805,010690,2520.0,1.0,1,2520.0,
20260805,010780,4901.0,5.0,1,4901.0,
20260805,010950,24109.0,17.0,1,24109.0,
20260805,011070,39030.0,20.0,1,39030.0,
20260805,011200,1796.0,12.0,1,1796.0,
20260805,011210,5544.0,16.0,1,5544.0,
20260805,011560,4622.0,1.0,1,4622.0,
20260805,011760,7927.0,3.0,1,7927.0,
20260805,011780,15121.0,13.0,1,15121.0,
20260805,011930,735.0,1.0,1,735.0,
20260805,012210,234.0,,1,234.0,
20260805,012330,45680.0,25.0,1,45680.0,
20260805,012450,44528.0,17.0,1,44528.0,
20260805,012630,3783.0,1.0,1,3783.0,
20260805,0126Z0,9510.0,3.0,1,9510.0,
20260805,012750,4326.0,3.0,1,4326.0,
20260805,013030,4754.0,1.0,1,4754.0,
20260805,013120,286.0,1.0,1,286.0,
20260805,013580,11757.0,1.0,1,11757.0,
20260805,014620,1544.0,3.0,1,1544.0,
20260805,014680,15383.0,7.0,1,15383.0,
20260805,014830,14045.0,6.0,1,14045.0,
20260805,015760,9011.0,15.0,1,9011.0,
20260805,016360,19653.0,18.0,1,19653.0,
20260805,016380,1781.0,3.0,1,1781.0,
20260805,017670,5858.0,19.0,1,5858.0,
20260805,017800,4221.0,1.0,1,4221.0,
20260805,017810,1241.0,2.0,1,1241.0,
20260805,017940,31166.0,1.0,1,31166.0,
20260805,017960,2230.0,3.0,1,2230.0,
20260805,018260,9137.0,13.0,1,9137.0,
20260805,018290,1631.0,1.0,1,1631.0,
20260805,018670,54884.0,5.0,1,54884.0,
20260805,018880,246.0,19.0,1,246.0,
20260805,020000,3490.0,5.0,1,3490.0,
20260805,021240,10272.0,2.0,1,10272.0,
20260805,021320,1869.0,1.0,1,1869.0,
20260805,023160,1991.0,2.0,1,1991.0,
20260805,023530,13389.0,15.0,1,13389.0,
20260805,024110,3496.0,15.0,1,3496.0,
20260805,025320,105.0,,1,105.0,
20260805,025540,11854.0,1.0,1,11854.0,
20260805,027410,648.0,1.0,1,648.0,
20260805,028050,3777.0,21.0,1,3777.0,
20260805,028260,16458.0,15.0,1,16458.0,
20260805,028670,857.0,13.0,1,857.0,
20260805,029780,5262.0,4.0,1,5262.0,
20260805,030000,1943.0,11.0,1,1943.0,
20260805,030190,1591.0,1.0,1,1591.0,
20260805,030200,5690.0,18.0,1,5690.0,
20260805,030520,1927.0,3.0,1,1927.0,
20260805,031430,1554.0,6.0,1,1554.0,
20260805,031980,6303.0,5.0,1,6303.0,
20260805,032350,937.0,9.0,1,937.0,
20260805,032500,48.0,1.0,1,48.0,
20260805,032640,1695.0,18.0,1,1695.0,
20260805,032830,14506.0,13.0,1,14506.0,
20260805,033240,3878.0,1.0,1,3878.0,
20260805,033270,2808.0,2.0,1,2808.0,
20260805,033500,2568.0,1.0,1,2568.0,
20260805,033640,230.0,1.0,1,230.0,
20260805,033780,12070.0,14.0,1,12070.0,
20260805,034020,493.0,16.0,1,493.0,
20260805,034120,249.0,6.0,1,249.0,
20260805,034220,62.0,7.0,1,62.0,
20260805,034230,982.0,11.0,1,982.0,
20260805,034730,125347.0,13.0,1,125347.0,
20260805,034830,305.0,1.0,1,305.0,
20260805,035150,2311.0,1.0,1,2311.0,
20260805,035250,1512.0,9.0,1,1512.0,
20260805,035420,11837.0,20.0,1,11837.0,
20260805,035600,2106.0,3.0,1,2106.0,
20260805,035720,1556.0,16.0,1,1556.0,
20260805,035760,2102.0,13.0,1,2102.0,
20260805,035900,3726.0,18.0,1,3726.0,
20260805,036460,10764.0,8.0,1,10764.0,
20260805,036530,8710.0,1.0,1,8710.0,
20260805,036540,18.0,1.0,1,18.0,
20260805,036570,21561.0,18.0,1,21561.0,
20260805,036620,512.0,2.0,1,512.0,
20260805,036800,5522.0,1.0,1,5522.0,
20260805,036890,1589.0,,1,1589.0,
20260805,036930,1052.0,1.0,1,1052.0,
20260805,037560,282.0,4.0,1,282.0,
20260805,039030,9574.0,2.0,1,9574.0,
20260805,039130,3499.0,5.0,1,3499.0,
20260805,039440,4901.0,1.0,1,4901.0,
20260805,039490,69082.0,16.0,1,69082.0,
20260805,039570,1271.0,1.0,1,1271.0,
20260805,039830,3396.0,,1,3396.0,
20260805,039840,1706.0,1.0,1,1706.0,
20260805,041510,5735.0,18.0,1,5735.0,
20260805,041830,3568.0,2.0,1,3568.0,
20260805,041920,1048.0,1.0,1,1048.0,
20260805,042000,1632.0,1.0,1,1632.0,
20260805,042520,1085.0,1.0,1,1085.0,
20260805,042660,6381.0,20.0,1,6381.0,
20260805,042700,3627.0,1.0,1,3627.0,
20260805,043150,3277.0,4.0,1,3277.0,
20260805,043260,3976.0,2.0,1,3976.0,
20260805,044490,1484.0,,1,1484.0,
20260805,047040,1192.0,12.0,1,1192.0,
20260805,047050,5227.0,13.0,1,5227.0,
20260805,047810,2749.0,19.0,1,2749.0,
20260805,049070,1693.0,1.0,1,1693.0,
20260805,050890,738.0,3.0,1,738.0,
20260805,051370,1237.0,1.0,1,1237.0,
20260805,051500,4575.0,6.0,1,4575.0,
20260805,051600,3500.0,11.0,1,3500.0,
20260805,051900,13260.0,13.0,1,13260.0,
20260805,052400,6832.0,1.0,1,6832.0,
20260805,052690,1714.0,12.0,1,1714.0,
20260805,052710,508.0,2.0,1,508.0,
20260805,053210,462.0,5.0,1,462.0,
20260805,053610,6365.0,,1,6365.0,
20260805,053690,2099.0,2.0,1,2099.0,
20260805,054450,1061.0,1.0,1,1061.0,
20260805,054950,2684.0,2.0,1,2684.0,
20260805,055550,12446.0,18.0,1,12446.0,
20260805,056190,2333.0,2.0,1,2333.0,
20260805,058430,408.0,2.0,1,408.0,
20260805,058470,2437.0,5.0,1,2437.0,
20260805,058610,824.0,2.0,1,824.0,
20260805,058650,19337.0,1.0,1,19337.0,
20260805,058970,146.0,1.0,1,146.0,
20260805,059210,613.0,,1,613.0,
20260805,060250,1422.0,4.0,1,1422.0,
20260805,060370,459.0,1.0,1,459.0,
20260805,060720,950.0,3.0,1,950.0,
20260805,060980,6345.0,3.0,1,6345.0,
20260805,061090,5706.0,1.0,1,5706.0,
20260805,062040,6740.0,7.0,1,6740.0,
20260805,063570,419.0,1.0,1,419.0,
20260805,064290,443.0,2.0,1,443.0,
20260805,064350,8278.0,16.0,1,8278.0,
20260805,064400,4903.0,10.0,1,4903.0,
20260805,064760,9640.0,5.0,1,9640.0,
20260805,064850,2191.0,,1,2191.0,
20260805,064960,3674.0,5.0,1,3674.0,
20260805,066570,12631.0,17.0,1,12631.0,
20260805,067160,6974.0,5.0,1,6974.0,
20260805,067310,2440.0,4.0,1,2440.0,
20260805,068270,6713.0,18.0,1,6713.0,
20260805,068930,1114.0,1.0,1,1114.0,
20260805,069260,1868.0,3.0,1,1868.0,
20260805,069620,15931.0,13.0,1,15931.0,
20260805,069960,13167.0,18.0,1,13167.0,
20260805,070960,104.0,1.0,1,104.0,
20260805,071050,46408.0,16.0,1,46408.0,
20260805,071320,20089.0,2.0,1,20089.0,
20260805,071970,3786.0,5.0,1,3786.0,
20260805,073240,1417.0,11.0,1,1417.0,
20260805,073490,2117.0,2.0,1,2117.0,
20260805,074600,2607.0,3.0,1,2607.0,
20260805,077970,2030.0,2.0,1,2030.0,
20260805,078340,1430.0,5.0,1,1430.0,
20260805,078520,1161.0,,1,1161.0,
20260805,078600,1078.0,2.0,1,1078.0,
20260805,078930,16872.0,5.0,1,16872.0,
20260805,079430,412.0,3.0,1,412.0,
20260805,079550,17051.0,17.0,1,17051.0,
20260805,079900,2285.0,2.0,1,2285.0,
20260805,080160,307.0,1.0,1,307.0,
20260805,080580,1002.0,1.0,1,1002.0,
20260805,081660,5155.0,9.0,1,5155.0,
20260805,082740,2388.0,6.0,1,2388.0,
20260805,082920,1724.0,3.0,1,1724.0,
20260805,083450,3505.0,,1,3505.0,
20260805,083650,2556.0,3.0,1,2556.0,
20260805,084010,495.0,1.0,1,495.0,
20260805,084370,4060.0,3.0,1,4060.0,
20260805,084850,185.0,,1,185.0,
20260805,085910,819.0,1.0,1,819.0,
20260805,086280,22213.0,16.0,1,22213.0,
20260805,086390,961.0,2.0,1,961.0,
20260805,086450,1965.0,2.0,1,1965.0,
20260805,086790,16056.0,19.0,1,16056.0,
20260805,086900,3553.0,2.0,1,3553.0,
20260805,088350,950.0,12.0,1,950.0,
20260805,088980,710.0,2.0,1,710.0,
20260805,089010,2018.0,2.0,1,2018.0,
20260805,089600,1573.0,3.0,1,1573.0,
20260805,089860,4236.0,10.0,1,4236.0,
20260805,089890,1990.0,1.0,1,1990.0,
20260805,089970,3354.0,3.0,1,3354.0,
20260805,089980,475.0,1.0,1,475.0,
20260805,090430,5399.0,17.0,1,5399.0,
20260805,090460,2740.0,11.0,1,2740.0,
20260805,091580,1399.0,1.0,1,1399.0,
20260805,091700,633.0,2.0,1,633.0,
20260805,092130,1146.0,1.0,1,1146.0,
20260805,092730,1802.0,2.0,1,1802.0,
20260805,092870,1532.0,,1,1532.0,
20260805,093370,206.0,1.0,1,206.0,
20260805,093520,2120.0,1.0,1,2120.0,
20260805,094170,478.0,,1,478.0,
20260805,094360,445.0,2.0,1,445.0,
20260805,095340,4283.0,5.0,1,4283.0,
20260805,095570,501.0,3.0,1,501.0,
20260805,095610,5196.0,8.0,1,5196.0,
20260805,095660,2014.0,8.0,1,2014.0,
20260805,096530,1748.0,2.0,1,1748.0,
20260805,096770,15839.0,15.0,1,15839.0,
20260805,097230,1750.0,1.0,1,1750.0,
20260805,097520,2442.0,3.0,1,2442.0,
20260805,097950,23833.0,13.0,1,23833.0,
20260805,098070,3021.0,,1,3021.0,
20260805,098460,860.0,6.0,1,860.0,
20260805,099190,317.0,2.0,1,317.0,
20260805,099320,995.0,1.0,1,995.0,
20260805,099430,448.0,1.0,1,448.0,
20260805,100090,719.0,6.0,1,719.0,
20260805,100120,4016.0,3.0,1,4016.0,
20260805,100840,5295.0,2.0,1,5295.0,
20260805,102710,4532.0,2.0,1,4532.0,
20260805,103140,10506.0,12.0,1,10506.0,
20260805,103590,3352.0,3.0,1,3352.0,
20260805,104700,219.0,1.0,1,219.0,
20260805,104830,5084.0,2.0,1,5084.0,
20260805,105560,18392.0,18.0,1,18392.0,
20260805,105630,1321.0,10.0,1,1321.0,
20260805,105840,797.0,1.0,1,797.0,
20260805,107640,631.0,1.0,1,631.0,
20260805,108320,3843.0,2.0,1,3843.0,
20260805,108380,2728.0,1.0,1,2728.0,
20260805,108490,408.0,6.0,1,408.0,
20260805,108670,8402.0,5.0,1,8402.0,
20260805,111770,13504.0,10.0,1,13504.0,
20260805,112040,1355.0,1.0,1,1355.0,
20260805,112290,396.0,,1,396.0,
20260805,112610,4297.0,9.0,1,4297.0,
20260805,114090,996.0,11.0,1,996.0,
20260805,114810,1191.0,1.0,1,1191.0,
20260805,114840,1119.0,1.0,1,1119.0,
20260805,119610,1754.0,1.0,1,1754.0,
20260805,119850,2535.0,,1,2535.0,
20260805,120110,6904.0,4.0,1,6904.0,
20260805,121600,735.0,1.0,1,735.0,
20260805,122450,739.0,,1,739.0,
20260805,122640,997.0,2.0,1,997.0,
20260805,122870,2815.0,19.0,1,2815.0,
20260805,122900,1256.0,1.0,1,1256.0,
20260805,123330,2654.0,,1,2654.0,
20260805,125490,205.0,2.0,1,205.0,
20260805,126340,281.0,1.0,1,281.0,
20260805,126700,1780.0,,1,1780.0,
20260805,126720,3850.0,1.0,1,3850.0,
20260805,128940,16486.0,18.0,1,16486.0,
20260805,131290,12087.0,3.0,1,12087.0,
20260805,131970,2001.0,6.0,1,2001.0,
20260805,138040,14254.0,4.0,1,14254.0,
20260805,138080,366.0,1.0,1,366.0,
20260805,138930,2553.0,16.0,1,2553.0,
20260805,139130,3003.0,16.0,1,3003.0,
20260805,139480,4566.0,10.0,1,4566.0,
20260805,140860,7185.0,8.0,1,7185.0,
20260805,142210,2496.0,,1,2496.0,
20260805,144960,1005.0,1.0,1,1005.0,
20260805,145020,14311.0,14.0,1,14311.0,
20260805,145720,7151.0,5.0,1,7151.0,
20260805,146320,336.0,1.0,1,336.0,
20260805,148150,287.0,1.0,1,287.0,
20260805,149950,585.0,1.0,1,585.0,
20260805,161390,10751.0,16.0,1,10751.0,
20260805,161890,7384.0,20.0,1,7384.0,
20260805,166090,3926.0,2.0,1,3926.0,
20260805,170900,4013.0,3.0,1,4013.0,
20260805,170920,2262.0,1.0,1,2262.0,
20260805,171090,7937.0,3.0,1,7937.0,
20260805,175330,3959.0,16.0,1,3959.0,
20260805,178320,861.0,2.0,1,861.0,
20260805,178920,1788.0,2.0,1,1788.0,
20260805,181710,3485.0,9.0,1,3485.0,
20260805,183190,1110.0,3.0,1,1110.0,
20260805,183300,3173.0,2.0,1,3173.0,
20260805,185750,4564.0,9.0,1,4564.0,
20260805,189300,3798.0,6.0,1,3798.0,
20260805,190510,1079.0,,1,1079.0,
20260805,192080,9227.0,13.0,1,9227.0,
20260805,192400,4330.0,1.0,1,4330.0,
20260805,192650,180.0,3.0,1,180.0,
20260805,192820,13201.0,19.0,1,13201.0,
20260805,194370,3753.0,1.0,1,3753.0,
20260805,194700,2688.0,1.0,1,2688.0,
20260805,195870,4634.0,11.0,1,4634.0,
20260805,195940,3253.0,14.0,1,3253.0,
20260805,196170,3848.0,4.0,1,3848.0,
20260805,200670,3939.0,2.0,1,3939.0,
20260805,200710,1549.0,2.0,1,1549.0,
20260805,204270,997.0,1.0,1,997.0,
20260805,204320,4308.0,21.0,1,4308.0,
20260805,207940,40521.0,21.0,1,40521.0,
20260805,213420,3132.0,7.0,1,3132.0,
20260805,213500,2813.0,2.0,1,2813.0,
20260805,214150,2645.0,16.0,1,2645.0,
20260805,214180,3075.0,2.0,1,3075.0,
20260805,214320,2829.0,9.0,1,2829.0,
20260805,214420,665.0,1.0,1,665.0,
20260805,214430,2682.0,,1,2682.0,
20260805,214450,19052.0,15.0,1,19052.0,
20260805,215000,7266.0,1.0,1,7266.0,
20260805,215200,9088.0,2.0,1,9088.0,
20260805,217590,249.0,,1,249.0,
20260805,218410,1762.0,4.0,1,1762.0,
20260805,219130,3310.0,,1,3310.0,
20260805,222040,923.0,1.0,1,923.0,
20260805,222800,3968.0,8.0,1,3968.0,
20260805,226400,501.0,2.0,1,501.0,
20260805,229640,1716.0,5.0,1,1716.0,
20260805,230240,1116.0,2.0,1,1116.0,
20260805,232140,431.0,4.0,1,431.0,
20260805,234080,1730.0,1.0,1,1730.0,
20260805,234340,1596.0,2.0,1,1596.0,
20260805,236200,5984.0,1.0,1,5984.0,
20260805,237690,3291.0,14.0,1,3291.0,
20260805,237880,1144.0,2.0,1,1144.0,
20260805,240810,3544.0,6.0,1,3544.0,
20260805,241560,5767.0,7.0,1,5767.0,
20260805,241590,407.0,4.0,1,407.0,
20260805,241710,6455.0,10.0,1,6455.0,
20260805,243840,304.0,2.0,1,304.0,
20260805,247540,195.0,15.0,1,195.0,
20260805,248070,1022.0,5.0,1,1022.0,
20260805,251270,5113.0,12.0,1,5113.0,
20260805,251970,3698.0,4.0,1,3698.0,
20260805,252990,546.0,,1,546.0,
20260805,253450,1221.0,11.0,1,1221.0,
20260805,257720,3457.0,8.0,1,3457.0,
20260805,259630,1781.0,,1,1781.0,
20260805,259960,20065.0,17.0,1,20065.0,
20260805,263750,5667.0,8.0,1,5667.0,
20260805,263860,1267.0,,1,1267.0,
20260805,264660,1708.0,,1,1708.0,
20260805,265740,840.0,,1,840.0,
20260805,267250,43327.0,6.0,1,43327.0,
20260805,267260,26555.0,14.0,1,26555.0,
20260805,267270,12291.0,6.0,1,12291.0,
20260805,267980,8821.0,1.0,1,8821.0,
20260805,271560,12153.0,13.0,1,12153.0,
20260805,272110,3364.0,,1,3364.0,
20260805,272210,829.0,14.0,1,829.0,
20260805,272290,2869.0,1.0,1,2869.0,
20260805,277810,773.0,1.0,1,773.0,
20260805,278470,15121.0,20.0,1,15121.0,
20260805,279570,291.0,1.0,1,291.0,
20260805,280360,12548.0,11.0,1,12548.0,
20260805,281820,6467.0,1.0,1,6467.0,
20260805,282330,13073.0,15.0,1,13073.0,
20260805,282880,1334.0,1.0,1,1334.0,
20260805,285130,7719.0,2.0,1,7719.0,
20260805,286940,1685.0,3.0,1,1685.0,
20260805,290550,1822.0,2.0,1,1822.0,
20260805,290650,881.0,,1,881.0,
20260805,293480,1232.0,1.0,1,1232.0,
20260805,294570,2249.0,,1,2249.0,
20260805,294870,5546.0,16.0,1,5546.0,
20260805,295310,1204.0,1.0,1,1204.0,
20260805,298020,61734.0,6.0,1,61734.0,
20260805,298040,82830.0,13.0,1,82830.0,
20260805,298050,17906.0,5.0,1,17906.0,
20260805,300720,952.0,2.0,1,952.0,
20260805,306200,23666.0,4.0,1,23666.0,
20260805,307950,7745.0,15.0,1,7745.0,
20260805,316140,4400.0,18.0,1,4400.0,
20260805,317400,1448.0,1.0,1,1448.0,
20260805,319660,5236.0,7.0,1,5236.0,
20260805,322000,10464.0,2.0,1,10464.0,
20260805,323410,1254.0,13.0,1,1254.0,
20260805,326030,4210.0,12.0,1,4210.0,
20260805,327260,691.0,2.0,1,691.0,
20260805,329180,30527.0,21.0,1,30527.0,
20260805,330860,1469.0,2.0,1,1469.0,
20260805,332570,822.0,,1,822.0,
20260805,336370,1206.0,2.0,1,1206.0,
20260805,336570,525.0,1.0,1,525.0,
20260805,339770,416.0,1.0,1,416.0,
20260805,340450,262.0,,1,262.0,
20260805,340570,7231.0,3.0,1,7231.0,
20260805,347700,916.0,1.0,1,916.0,
20260805,348210,1887.0,3.0,1,1887.0,
20260805,352480,1343.0,,1,1343.0,
20260805,352820,4370.0,20.0,1,4370.0,
20260805,353200,4465.0,12.0,1,4465.0,
20260805,354320,1200.0,1.0,1,1200.0,
20260805,355150,988.0,,1,988.0,
20260805,356860,1969.0,8.0,1,1969.0,
20260805,357780,18895.0,9.0,1,18895.0,
20260805,361390,229.0,1.0,1,229.0,
20260805,368770,493.0,,1,493.0,
20260805,375500,11520.0,19.0,1,11520.0,
20260805,376270,1735.0,1.0,1,1735.0,
20260805,376300,1737.0,12.0,1,1737.0,
20260805,377300,861.0,6.0,1,861.0,
20260805,381970,1035.0,3.0,1,1035.0,
20260805,382800,764.0,,1,764.0,
20260805,383220,12701.0,8.0,1,12701.0,
20260805,383310,1333.0,1.0,1,1333.0,
20260805,383800,1955.0,2.0,1,1955.0,
20260805,388050,540.0,,1,540.0,
20260805,388210,6326.0,3.0,1,6326.0,
20260805,389260,1384.0,,1,1384.0,
20260805,396300,264.0,,1,264.0,
20260805,397030,37.0,2.0,1,37.0,
20260805,402340,296272.0,7.0,1,296272.0,
20260805,403550,83.0,1.0,1,83.0,
20260805,403870,1440.0,6.0,1,1440.0,
20260805,405100,1008.0,1.0,1,1008.0,
20260805,413630,124.0,,1,124.0,
20260805,417840,1231.0,1.0,1,1231.0,
20260805,419530,2869.0,2.0,1,2869.0,
20260805,420770,1930.0,4.0,1,1930.0,
20260805,425420,2620.0,,1,2620.0,
20260805,439260,7937.0,4.0,1,7937.0,
20260805,440110,1817.0,1.0,1,1817.0,
20260805,441270,546.0,1.0,1,546.0,
20260805,443060,7838.0,11.0,1,7838.0,
20260805,445090,549.0,,1,549.0,
20260805,450950,97.0,2.0,1,97.0,
20260805,451760,457.0,1.0,1,457.0,
20260805,452430,419.0,1.0,1,419.0,
20260805,453340,3497.0,3.0,1,3497.0,
20260805,454910,108.0,1.0,1,108.0,
20260805,456010,7.0,1.0,1,7.0,
20260805,456040,12816.0,3.0,1,12816.0,
20260805,458870,1618.0,4.0,1,1618.0,
20260805,460860,833.0,3.0,1,833.0,
20260805,462870,2225.0,9.0,1,2225.0,
20260805,475150,890.0,4.0,1,890.0,
20260805,475960,37.0,1.0,1,37.0,
20260805,476060,609.0,2.0,1,609.0,
20260805,482630,1028.0,2.0,1,1028.0,
20260805,483650,10305.0,15.0,1,10305.0,
20260805,484120,1305.0,,1,1305.0,
20260805,484870,1868.0,1.0,1,1868.0,
20260805,488280,148.0,,1,148.0,
20260805,489460,644.0,,1,644.0,
20260805,489500,1479.0,,1,1479.0,
20260805,489790,3471.0,3.0,1,3471.0,
20260805,499790,2723.0,6.0,1,2723.0,
20260806,000080,1377.0,6.0,1,1377.0,
20260806,000100,2046.0,14.0,1,2046.0,
20260806,000120,9792.0,10.0,1,9792.0,
20260806,000150,22687.0,12.0,1,22687.0,
20260806,000210,11589.0,2.0,1,11589.0,
20260806,000270,21865.0,25.0,1,21865.0,
20260806,000500,2357.0,,1,2357.0,
20260806,000640,10793.0,3.0,1,10793.0,
20260806,000660,345914.0,24.0,1,345914.0,
20260806,000720,4596.0,20.0,1,4596.0,
20260806,000810,46458.0,15.0,1,46458.0,
20260806,000880,10175.0,11.0,1,10175.0,
20260806,0008Z0,2119.0,1.0,1,2119.0,
20260806,000990,8413.0,3.0,1,8413.0,
20260806,001040,10862.0,11.0,1,10862.0,
20260806,001120,7001.0,6.0,1,7001.0,
20260806,001230,179.0,1.0,1,179.0,
20260806,001250,246.0,1.0,1,246.0,
20260806,001340,229.0,1.0,1,229.0,
20260806,001430,2779.0,10.0,1,2779.0,
20260806,001440,472.0,7.0,1,472.0,
20260806,001450,,14.0,0,,
20260806,001530,657.0,1.0,1,657.0,
20260806,001680,2694.0,2.0,1,2694.0,
20260806,001740,430.0,4.0,1,430.0,
20260806,001940,988.0,1.0,1,988.0,
20260806,002020,4976.0,1.0,1,4976.0,
20260806,002350,1262.0,14.0,1,1262.0,
20260806,002380,186890.0,5.0,1,186890.0,
20260806,002990,1469.0,2.0,1,1469.0,
20260806,003030,18326.0,1.0,1,18326.0,
20260806,003070,2293.0,1.0,1,2293.0,
20260806,003160,1424.0,2.0,1,1424.0,
20260806,003220,664.0,3.0,1,664.0,
20260806,003230,74874.0,14.0,1,74874.0,
20260806,003380,2518.0,1.0,1,2518.0,
20260806,003490,964.0,10.0,1,964.0,
20260806,003540,4700.0,3.0,1,4700.0,
20260806,003550,7615.0,13.0,1,7615.0,
20260806,003570,2734.0,1.0,1,2734.0,
20260806,003620,312.0,,1,312.0,
20260806,003670,245.0,17.0,1,245.0,
20260806,003850,772.0,1.0,1,772.0,
20260806,004000,8050.0,6.0,1,8050.0,
20260806,004020,845.0,17.0,1,845.0,
20260806,004170,41089.0,18.0,1,41089.0,
20260806,004370,32143.0,13.0,1,32143.0,
20260806,004690,37548.0,1.0,1,37548.0,
20260806,004800,23635.0,3.0,1,23635.0,
20260806,004990,897.0,4.0,1,897.0,
20260806,005070,121.0,2.0,1,121.0,
20260806,005090,1140.0,3.0,1,1140.0,
20260806,005180,8570.0,,1,8570.0,
20260806,005300,10275.0,10.0,1,10275.0,
20260806,005380,38148.0,25.0,1,38148.0,
20260806,005440,1850.0,4.0,1,1850.0,
20260806,005490,23149.0,18.0,1,23149.0,
20260806,005500,1719.0,1.0,1,1719.0,
20260806,005690,914.0,3.0,1,914.0,
20260806,005810,8518.0,2.0,1,8518.0,
20260806,005850,8294.0,7.0,1,8294.0,
20260806,005880,517.0,4.0,1,517.0,
20260806,005930,47929.0,24.0,1,47929.0,
20260806,005940,4521.0,17.0,1,4521.0,
20260806,006040,7716.0,4.0,1,7716.0,
20260806,006110,265.0,,1,265.0,
20260806,006260,19854.0,12.0,1,19854.0,
20260806,006280,15440.0,13.0,1,15440.0,
20260806,006360,1786.0,21.0,1,1786.0,
20260806,006400,8244.0,19.0,1,8244.0,
20260806,006650,12852.0,5.0,1,12852.0,
20260806,006730,661.0,5.0,1,661.0,
20260806,006800,4726.0,17.0,1,4726.0,
20260806,007070,2426.0,14.0,1,2426.0,
20260806,007340,5980.0,1.0,1,5980.0,
20260806,007660,3600.0,12.0,1,3600.0,
20260806,007690,6295.0,2.0,1,6295.0,
20260806,007810,4392.0,3.0,1,4392.0,
20260806,008730,516.0,,1,516.0,
20260806,008770,2878.0,13.0,1,2878.0,
20260806,009150,19742.0,20.0,1,19742.0,
20260806,009240,1091.0,7.0,1,1091.0,
20260806,009420,4.0,7.0,1,4.0,
20260806,009450,11851.0,2.0,1,11851.0,
20260806,009540,53747.0,15.0,1,53747.0,
20260806,009830,1614.0,13.0,1,1614.0,
20260806,009900,1534.0,1.0,1,1534.0,
20260806,010060,8632.0,7.0,1,8632.0,
20260806,010120,3608.0,15.0,1,3608.0,
20260806,010130,63195.0,4.0,1,63195.0,
20260806,010140,1068.0,20.0,1,1068.0,
20260806,010690,2520.0,1.0,1,2520.0,
20260806,010780,4901.0,5.0,1,4901.0,
20260806,010950,24109.0,17.0,1,24109.0,
20260806,011070,39030.0,20.0,1,39030.0,
20260806,011200,1796.0,12.0,1,1796.0,
20260806,011210,5544.0,16.0,1,5544.0,
20260806,011560,4622.0,1.0,1,4622.0,
20260806,011760,7927.0,3.0,1,7927.0,
20260806,011780,15121.0,13.0,1,15121.0,
20260806,011930,735.0,1.0,1,735.0,
20260806,012210,234.0,,1,234.0,
20260806,012330,45680.0,25.0,1,45680.0,
20260806,012450,44528.0,17.0,1,44528.0,
20260806,012630,3783.0,1.0,1,3783.0,
20260806,0126Z0,9510.0,3.0,1,9510.0,
20260806,012750,4443.0,3.0,1,4443.0,
20260806,013030,4754.0,1.0,1,4754.0,
20260806,013120,286.0,1.0,1,286.0,
20260806,013580,11757.0,1.0,1,11757.0,
20260806,014620,1544.0,3.0,1,1544.0,
20260806,014680,15383.0,7.0,1,15383.0,
20260806,014830,14044.0,7.0,1,14044.0,
20260806,015760,9011.0,15.0,1,9011.0,
20260806,016360,19014.0,18.0,1,19014.0,
20260806,016380,1781.0,3.0,1,1781.0,
20260806,017670,5858.0,19.0,1,5858.0,
20260806,017800,4221.0,1.0,1,4221.0,
20260806,017810,1241.0,2.0,1,1241.0,
20260806,017940,31166.0,1.0,1,31166.0,
20260806,017960,2230.0,3.0,1,2230.0,
20260806,018260,9137.0,13.0,1,9137.0,
20260806,018290,1631.0,1.0,1,1631.0,
20260806,018670,54884.0,5.0,1,54884.0,
20260806,018880,246.0,19.0,1,246.0,
20260806,020000,3409.0,6.0,1,3409.0,
20260806,021240,10272.0,2.0,1,10272.0,
20260806,021320,1869.0,1.0,1,1869.0,
20260806,023160,1991.0,2.0,1,1991.0,
20260806,023530,13389.0,15.0,1,13389.0,
20260806,024110,3496.0,15.0,1,3496.0,
20260806,025320,105.0,,1,105.0,
20260806,025540,11854.0,1.0,1,11854.0,
20260806,027410,648.0,1.0,1,648.0,
20260806,028050,3777.0,21.0,1,3777.0,
20260806,028260,16458.0,15.0,1,16458.0,
20260806,028670,873.0,13.0,1,873.0,
20260806,029780,5262.0,4.0,1,5262.0,
20260806,030000,1943.0,11.0,1,1943.0,
20260806,030190,1591.0,1.0,1,1591.0,
20260806,030200,5690.0,18.0,1,5690.0,
20260806,030520,1927.0,3.0,1,1927.0,
20260806,031430,1554.0,6.0,1,1554.0,
20260806,031980,6303.0,5.0,1,6303.0,
20260806,032350,937.0,9.0,1,937.0,
20260806,032500,48.0,1.0,1,48.0,
20260806,032640,1695.0,18.0,1,1695.0,
20260806,032830,14506.0,13.0,1,14506.0,
20260806,033240,3878.0,1.0,1,3878.0,
20260806,033270,2808.0,2.0,1,2808.0,
20260806,033500,2568.0,1.0,1,2568.0,
20260806,033640,230.0,1.0,1,230.0,
20260806,033780,12070.0,14.0,1,12070.0,
20260806,034020,493.0,16.0,1,493.0,
20260806,034120,249.0,6.0,1,249.0,
20260806,034220,62.0,7.0,1,62.0,
20260806,034230,982.0,11.0,1,982.0,
20260806,034730,125347.0,13.0,1,125347.0,
20260806,034830,305.0,1.0,1,305.0,
20260806,035150,2311.0,1.0,1,2311.0,
20260806,035250,1462.0,10.0,1,1462.0,
20260806,035420,11837.0,20.0,1,11837.0,
20260806,035600,2106.0,3.0,1,2106.0,
20260806,035720,1556.0,16.0,1,1556.0,
20260806,035760,2102.0,13.0,1,2102.0,
20260806,035900,3726.0,18.0,1,3726.0,
20260806,036460,10764.0,8.0,1,10764.0,
20260806,036530,8710.0,1.0,1,8710.0,
20260806,036540,18.0,1.0,1,18.0,
20260806,036570,21561.0,18.0,1,21561.0,
20260806,036620,512.0,2.0,1,512.0,
20260806,036800,5522.0,1.0,1,5522.0,
20260806,036890,1589.0,,1,1589.0,
20260806,036930,1052.0,1.0,1,1052.0,
20260806,037560,282.0,4.0,1,282.0,
20260806,039030,9574.0,2.0,1,9574.0,
20260806,039130,3499.0,5.0,1,3499.0,
20260806,039440,4901.0,1.0,1,4901.0,
20260806,039490,69082.0,16.0,1,69082.0,
20260806,039570,1271.0,1.0,1,1271.0,
20260806,039830,3396.0,,1,3396.0,
20260806,039840,1706.0,1.0,1,1706.0,
20260806,041510,5735.0,18.0,1,5735.0,
20260806,041830,3505.0,2.0,1,3505.0,
20260806,041920,1048.0,1.0,1,1048.0,
20260806,042000,1632.0,1.0,1,1632.0,
20260806,042520,1085.0,1.0,1,1085.0,
20260806,042660,6381.0,20.0,1,6381.0,
20260806,042700,3627.0,1.0,1,3627.0,
20260806,043150,3277.0,4.0,1,3277.0,
20260806,043260,3976.0,2.0,1,3976.0,
20260806,044490,1484.0,,1,1484.0,
20260806,047040,1372.0,16.0,1,1372.0,
20260806,047050,5227.0,13.0,1,5227.0,
20260806,047810,2758.0,19.0,1,2758.0,
20260806,049070,1693.0,1.0,1,1693.0,
20260806,050890,738.0,3.0,1,738.0,
20260806,051370,1237.0,1.0,1,1237.0,
20260806,051500,4575.0,6.0,1,4575.0,
20260806,051600,3500.0,11.0,1,3500.0,
20260806,051900,13547.0,13.0,1,13547.0,
20260806,052400,6716.0,2.0,1,6716.0,
20260806,052690,1714.0,12.0,1,1714.0,
20260806,052710,508.0,2.0,1,508.0,
20260806,053210,462.0,5.0,1,462.0,
20260806,053610,6365.0,,1,6365.0,
20260806,053690,2099.0,2.0,1,2099.0,
20260806,054450,1061.0,1.0,1,1061.0,
20260806,054950,2684.0,2.0,1,2684.0,
20260806,055550,12446.0,18.0,1,12446.0,
20260806,056190,2333.0,2.0,1,2333.0,
20260806,058430,408.0,2.0,1,408.0,
20260806,058470,2437.0,5.0,1,2437.0,
20260806,058610,803.0,2.0,1,803.0,
20260806,058650,19337.0,1.0,1,19337.0,
20260806,058970,146.0,1.0,1,146.0,
20260806,059210,613.0,,1,613.0,
20260806,060250,1422.0,4.0,1,1422.0,
20260806,060370,459.0,1.0,1,459.0,
20260806,060720,950.0,3.0,1,950.0,
20260806,060980,6345.0,3.0,1,6345.0,
20260806,061090,5706.0,1.0,1,5706.0,
20260806,062040,6740.0,7.0,1,6740.0,
20260806,063570,419.0,1.0,1,419.0,
20260806,064290,443.0,2.0,1,443.0,
20260806,064350,8231.0,17.0,1,8231.0,
20260806,064400,4903.0,10.0,1,4903.0,
20260806,064760,9528.0,6.0,1,9528.0,
20260806,064850,2191.0,,1,2191.0,
20260806,064960,3570.0,6.0,1,3570.0,
20260806,066570,12631.0,17.0,1,12631.0,
20260806,067160,6974.0,5.0,1,6974.0,
20260806,067310,2440.0,4.0,1,2440.0,
20260806,068270,6713.0,18.0,1,6713.0,
20260806,068930,1114.0,1.0,1,1114.0,
20260806,069260,1868.0,3.0,1,1868.0,
20260806,069620,15931.0,13.0,1,15931.0,
20260806,069960,13167.0,18.0,1,13167.0,
20260806,070960,104.0,1.0,1,104.0,
20260806,071050,46408.0,16.0,1,46408.0,
20260806,071320,20089.0,2.0,1,20089.0,
20260806,071970,3786.0,5.0,1,3786.0,
20260806,073240,1417.0,11.0,1,1417.0,
20260806,073490,2117.0,2.0,1,2117.0,
20260806,074600,2607.0,3.0,1,2607.0,
20260806,077970,2117.0,2.0,1,2117.0,
20260806,078340,1430.0,5.0,1,1430.0,
20260806,078520,1161.0,,1,1161.0,
20260806,078600,1078.0,2.0,1,1078.0,
20260806,078930,16872.0,5.0,1,16872.0,
20260806,079430,412.0,3.0,1,412.0,
20260806,079550,17051.0,17.0,1,17051.0,
20260806,079900,2285.0,2.0,1,2285.0,
20260806,080160,307.0,1.0,1,307.0,
20260806,080580,1002.0,1.0,1,1002.0,
20260806,081660,5155.0,9.0,1,5155.0,
20260806,082740,2412.0,7.0,1,2412.0,
20260806,082920,1724.0,3.0,1,1724.0,
20260806,083450,3505.0,,1,3505.0,
20260806,083650,2556.0,3.0,1,2556.0,
20260806,084010,567.0,2.0,1,567.0,
20260806,084370,4060.0,3.0,1,4060.0,
20260806,084850,185.0,,1,185.0,
20260806,085910,819.0,1.0,1,819.0,
20260806,086280,22213.0,16.0,1,22213.0,
20260806,086390,961.0,2.0,1,961.0,
20260806,086450,1965.0,2.0,1,1965.0,
20260806,086790,16056.0,19.0,1,16056.0,
20260806,086900,3553.0,2.0,1,3553.0,
20260806,088350,950.0,12.0,1,950.0,
20260806,088980,710.0,2.0,1,710.0,
20260806,089010,2018.0,2.0,1,2018.0,
20260806,089600,1573.0,3.0,1,1573.0,
20260806,089860,4236.0,10.0,1,4236.0,
20260806,089890,1990.0,1.0,1,1990.0,
20260806,089970,3354.0,3.0,1,3354.0,
20260806,089980,475.0,1.0,1,475.0,
20260806,090430,5399.0,17.0,1,5399.0,
20260806,090460,2487.0,12.0,1,2487.0,
20260806,091580,1399.0,1.0,1,1399.0,
20260806,091700,633.0,2.0,1,633.0,
20260806,092130,1146.0,1.0,1,1146.0,
20260806,092730,1841.0,2.0,1,1841.0,
20260806,092870,1532.0,,1,1532.0,
20260806,093370,206.0,1.0,1,206.0,
20260806,093520,2120.0,1.0,1,2120.0,
20260806,094170,478.0,,1,478.0,
20260806,094360,445.0,2.0,1,445.0,
20260806,095340,4229.0,6.0,1,4229.0,
20260806,095570,501.0,3.0,1,501.0,
20260806,095610,5196.0,8.0,1,5196.0,
20260806,095660,2014.0,8.0,1,2014.0,
20260806,096530,1748.0,2.0,1,1748.0,
20260806,096770,15839.0,15.0,1,15839.0,
20260806,097230,1750.0,1.0,1,1750.0,
20260806,097520,2442.0,3.0,1,2442.0,
20260806,097950,23833.0,13.0,1,23833.0,
20260806,098070,3021.0,,1,3021.0,
20260806,098460,860.0,6.0,1,860.0,
20260806,099190,317.0,2.0,1,317.0,
20260806,099320,995.0,1.0,1,995.0,
20260806,099430,448.0,1.0,1,448.0,
20260806,100090,719.0,6.0,1,719.0,
20260806,100120,4016.0,3.0,1,4016.0,
20260806,100840,5295.0,2.0,1,5295.0,
20260806,102710,4532.0,2.0,1,4532.0,
20260806,103140,10612.0,12.0,1,10612.0,
20260806,103590,3352.0,3.0,1,3352.0,
20260806,104700,219.0,1.0,1,219.0,
20260806,104830,5084.0,2.0,1,5084.0,
20260806,105560,18392.0,18.0,1,18392.0,
20260806,105630,1321.0,10.0,1,1321.0,
20260806,105840,797.0,1.0,1,797.0,
20260806,107640,631.0,1.0,1,631.0,
20260806,108320,3843.0,2.0,1,3843.0,
20260806,108380,2728.0,1.0,1,2728.0,
20260806,108490,408.0,6.0,1,408.0,
20260806,108670,8402.0,5.0,1,8402.0,
20260806,111770,13504.0,10.0,1,13504.0,
20260806,112040,1355.0,1.0,1,1355.0,
20260806,112290,396.0,,1,396.0,
20260806,112610,4297.0,9.0,1,4297.0,
20260806,114090,996.0,11.0,1,996.0,
20260806,114810,1191.0,1.0,1,1191.0,
20260806,114840,1119.0,1.0,1,1119.0,
20260806,119610,1754.0,1.0,1,1754.0,
20260806,119850,2535.0,,1,2535.0,
20260806,120110,6904.0,4.0,1,6904.0,
20260806,121600,735.0,1.0,1,735.0,
20260806,122450,739.0,,1,739.0,
20260806,122640,997.0,2.0,1,997.0,
20260806,122870,2815.0,19.0,1,2815.0,
20260806,122900,1256.0,1.0,1,1256.0,
20260806,123330,2654.0,,1,2654.0,
20260806,125490,205.0,2.0,1,205.0,
20260806,126340,281.0,1.0,1,281.0,
20260806,126700,1780.0,,1,1780.0,
20260806,126720,3850.0,1.0,1,3850.0,
20260806,128940,16486.0,18.0,1,16486.0,
20260806,131290,11938.0,4.0,1,11938.0,
20260806,131970,2001.0,6.0,1,2001.0,
20260806,138040,14254.0,4.0,1,14254.0,
20260806,138080,366.0,1.0,1,366.0,
20260806,138930,2553.0,16.0,1,2553.0,
20260806,139130,3003.0,16.0,1,3003.0,
20260806,139480,4566.0,10.0,1,4566.0,
20260806,140860,7185.0,8.0,1,7185.0,
20260806,142210,2496.0,,1,2496.0,
20260806,144960,1005.0,1.0,1,1005.0,
20260806,145020,14311.0,14.0,1,14311.0,
20260806,145720,7151.0,5.0,1,7151.0,
20260806,146320,336.0,1.0,1,336.0,
20260806,148150,287.0,1.0,1,287.0,
20260806,149950,585.0,1.0,1,585.0,
20260806,161390,10751.0,16.0,1,10751.0,
20260806,161890,7384.0,20.0,1,7384.0,
20260806,166090,3843.0,3.0,1,3843.0,
20260806,170900,4013.0,3.0,1,4013.0,
20260806,170920,2262.0,1.0,1,2262.0,
20260806,171090,7937.0,3.0,1,7937.0,
20260806,175330,3959.0,16.0,1,3959.0,
20260806,178320,861.0,2.0,1,861.0,
20260806,178920,1788.0,2.0,1,1788.0,
20260806,181710,3485.0,9.0,1,3485.0,
20260806,183190,1110.0,3.0,1,1110.0,
20260806,183300,3173.0,2.0,1,3173.0,
20260806,185750,4742.0,9.0,1,4742.0,
20260806,189300,3798.0,6.0,1,3798.0,
20260806,190510,1079.0,,1,1079.0,
20260806,192080,9227.0,13.0,1,9227.0,
20260806,192400,4330.0,1.0,1,4330.0,
20260806,192650,180.0,3.0,1,180.0,
20260806,192820,13201.0,19.0,1,13201.0,
20260806,194370,3753.0,1.0,1,3753.0,
20260806,194700,2688.0,1.0,1,2688.0,
20260806,195870,4634.0,11.0,1,4634.0,
20260806,195940,3253.0,14.0,1,3253.0,
20260806,196170,3848.0,4.0,1,3848.0,
20260806,200670,3939.0,2.0,1,3939.0,
20260806,200710,1549.0,2.0,1,1549.0,
20260806,204270,997.0,1.0,1,997.0,
20260806,204320,4308.0,21.0,1,4308.0,
20260806,207940,40521.0,21.0,1,40521.0,
20260806,213420,3132.0,7.0,1,3132.0,
20260806,213500,2813.0,2.0,1,2813.0,
20260806,214150,2645.0,16.0,1,2645.0,
20260806,214180,3075.0,2.0,1,3075.0,
20260806,214320,2829.0,9.0,1,2829.0,
20260806,214420,665.0,1.0,1,665.0,
20260806,214430,2682.0,,1,2682.0,
20260806,214450,19052.0,15.0,1,19052.0,
20260806,215000,7266.0,1.0,1,7266.0,
20260806,215200,9088.0,2.0,1,9088.0,
20260806,217590,249.0,,1,249.0,
20260806,218410,1913.0,4.0,1,1913.0,
20260806,219130,3310.0,,1,3310.0,
20260806,222040,923.0,1.0,1,923.0,
20260806,222800,3968.0,8.0,1,3968.0,
20260806,226400,501.0,2.0,1,501.0,
20260806,229640,1716.0,5.0,1,1716.0,
20260806,230240,1116.0,2.0,1,1116.0,
20260806,232140,431.0,4.0,1,431.0,
20260806,234080,1730.0,1.0,1,1730.0,
20260806,234340,1596.0,2.0,1,1596.0,
20260806,236200,5984.0,1.0,1,5984.0,
20260806,237690,3291.0,14.0,1,3291.0,
20260806,237880,1144.0,2.0,1,1144.0,
20260806,240810,3544.0,6.0,1,3544.0,
20260806,241560,5767.0,7.0,1,5767.0,
20260806,241590,407.0,4.0,1,407.0,
20260806,241710,6455.0,10.0,1,6455.0,
20260806,243840,304.0,2.0,1,304.0,
20260806,247540,195.0,16.0,1,195.0,
20260806,248070,1022.0,5.0,1,1022.0,
20260806,251270,5122.0,12.0,1,5122.0,
20260806,251970,3698.0,4.0,1,3698.0,
20260806,252990,546.0,,1,546.0,
20260806,253450,1221.0,11.0,1,1221.0,
20260806,257720,3457.0,8.0,1,3457.0,
20260806,259630,1781.0,,1,1781.0,
20260806,259960,20065.0,17.0,1,20065.0,
20260806,263750,5667.0,8.0,1,5667.0,
20260806,263860,1344.0,,1,1344.0,
20260806,264660,1708.0,,1,1708.0,
20260806,265740,826.0,,1,826.0,
20260806,267250,43327.0,6.0,1,43327.0,
20260806,267260,26555.0,14.0,1,26555.0,
20260806,267270,12291.0,6.0,1,12291.0,
20260806,267980,8821.0,1.0,1,8821.0,
20260806,271560,12153.0,13.0,1,12153.0,
20260806,272110,3364.0,,1,3364.0,
20260806,272210,808.0,15.0,1,808.0,
20260806,272290,2869.0,1.0,1,2869.0,
20260806,277810,773.0,1.0,1,773.0,
20260806,278470,15141.0,20.0,1,15141.0,
20260806,279570,291.0,1.0,1,291.0,
20260806,280360,12548.0,11.0,1,12548.0,
20260806,281820,6467.0,1.0,1,6467.0,
20260806,282330,13073.0,15.0,1,13073.0,
20260806,282880,1334.0,1.0,1,1334.0,
20260806,285130,7719.0,2.0,1,7719.0,
20260806,286940,1685.0,3.0,1,1685.0,
20260806,290550,1822.0,2.0,1,1822.0,
20260806,290650,881.0,,1,881.0,
20260806,293480,1232.0,1.0,1,1232.0,
20260806,294570,2249.0,,1,2249.0,
20260806,294870,5546.0,16.0,1,5546.0,
20260806,295310,1204.0,1.0,1,1204.0,
20260806,298020,61734.0,6.0,1,61734.0,
20260806,298040,82830.0,13.0,1,82830.0,
20260806,298050,17906.0,5.0,1,17906.0,
20260806,300720,952.0,2.0,1,952.0,
20260806,306200,23666.0,4.0,1,23666.0,
20260806,307950,7745.0,15.0,1,7745.0,
20260806,316140,4400.0,18.0,1,4400.0,
20260806,317400,1448.0,1.0,1,1448.0,
20260806,319660,5236.0,7.0,1,5236.0,
20260806,322000,10464.0,2.0,1,10464.0,
20260806,323410,1254.0,13.0,1,1254.0,
20260806,326030,4210.0,12.0,1,4210.0,
20260806,327260,691.0,2.0,1,691.0,
20260806,329180,30527.0,21.0,1,30527.0,
20260806,330860,1469.0,2.0,1,1469.0,
20260806,332570,822.0,,1,822.0,
20260806,336370,1206.0,2.0,1,1206.0,
20260806,336570,525.0,1.0,1,525.0,
20260806,339770,416.0,1.0,1,416.0,
20260806,340450,262.0,,1,262.0,
20260806,340570,3657.0,3.0,1,3657.0,
20260806,347700,916.0,1.0,1,916.0,
20260806,348210,1887.0,3.0,1,1887.0,
20260806,352480,1343.0,,1,1343.0,
20260806,352820,4370.0,20.0,1,4370.0,
20260806,353200,4465.0,12.0,1,4465.0,
20260806,354320,1200.0,1.0,1,1200.0,
20260806,355150,988.0,,1,988.0,
20260806,356860,1969.0,8.0,1,1969.0,
20260806,357780,18895.0,9.0,1,18895.0,
20260806,361390,229.0,1.0,1,229.0,
20260806,368770,493.0,,1,493.0,
20260806,375500,11520.0,19.0,1,11520.0,
20260806,376270,1735.0,1.0,1,1735.0,
20260806,376300,1576.0,13.0,1,1576.0,
20260806,377300,938.0,6.0,1,938.0,
20260806,381970,1035.0,3.0,1,1035.0,
20260806,382800,764.0,,1,764.0,
20260806,383220,12701.0,8.0,1,12701.0,
20260806,383310,1333.0,1.0,1,1333.0,
20260806,383800,1955.0,2.0,1,1955.0,
20260806,388050,540.0,,1,540.0,
20260806,388210,6391.0,3.0,1,6391.0,
20260806,389260,1384.0,,1,1384.0,
20260806,396300,264.0,,1,264.0,
20260806,397030,37.0,2.0,1,37.0,
20260806,402340,296272.0,7.0,1,296272.0,
20260806,403550,83.0,1.0,1,83.0,
20260806,403870,1440.0,6.0,1,1440.0,
20260806,405100,1008.0,1.0,1,1008.0,
20260806,413630,124.0,,1,124.0,
20260806,417840,1231.0,1.0,1,1231.0,
20260806,419530,2869.0,2.0,1,2869.0,
20260806,420770,1930.0,4.0,1,1930.0,
20260806,425420,2620.0,,1,2620.0,
20260806,439260,7937.0,4.0,1,7937.0,
20260806,440110,1817.0,1.0,1,1817.0,
20260806,441270,546.0,1.0,1,546.0,
20260806,443060,7838.0,11.0,1,7838.0,
20260806,445090,549.0,,1,549.0,
20260806,450950,97.0,2.0,1,97.0,
20260806,451760,457.0,1.0,1,457.0,
20260806,452430,419.0,1.0,1,419.0,
20260806,453340,3497.0,3.0,1,3497.0,
20260806,454910,108.0,1.0,1,108.0,
20260806,456010,7.0,1.0,1,7.0,
20260806,456040,12816.0,3.0,1,12816.0,
20260806,458870,1618.0,4.0,1,1618.0,
20260806,460860,833.0,3.0,1,833.0,
20260806,462870,2225.0,9.0,1,2225.0,
20260806,475150,890.0,4.0,1,890.0,
20260806,475960,37.0,1.0,1,37.0,
20260806,476060,609.0,2.0,1,609.0,
20260806,482630,1028.0,2.0,1,1028.0,
20260806,483650,10305.0,15.0,1,10305.0,
20260806,484120,1305.0,,1,1305.0,
20260806,484870,1868.0,1.0,1,1868.0,
20260806,488280,148.0,,1,148.0,
20260806,489460,644.0,,1,644.0,
20260806,489500,1479.0,,1,1479.0,
20260806,489790,3786.0,3.0,1,3786.0,
20260806,499790,2980.0,6.0,1,2980.0,
20260807,000080,1377.0,6.0,1,1377.0,
20260807,000100,2056.0,14.0,1,2056.0,
20260807,000120,9792.0,10.0,1,9792.0,
20260807,000150,22687.0,12.0,1,22687.0,
20260807,000210,11589.0,2.0,1,11589.0,
20260807,000270,21865.0,25.0,1,21865.0,
20260807,000500,3093.0,,1,3093.0,
20260807,000640,10793.0,3.0,1,10793.0,
20260807,000660,345914.0,24.0,1,345914.0,
20260807,000720,4596.0,20.0,1,4596.0,
20260807,000810,46458.0,15.0,1,46458.0,
20260807,000880,10479.0,11.0,1,10479.0,
20260807,0008Z0,2119.0,1.0,1,2119.0,
20260807,000990,8413.0,3.0,1,8413.0,
20260807,001040,10862.0,11.0,1,10862.0,
20260807,001120,7001.0,6.0,1,7001.0,
20260807,001230,179.0,1.0,1,179.0,
20260807,001250,246.0,1.0,1,246.0,
20260807,001340,229.0,1.0,1,229.0,
20260807,001430,2779.0,10.0,1,2779.0,
20260807,001440,472.0,7.0,1,472.0,
20260807,001450,,14.0,0,,
20260807,001530,657.0,1.0,1,657.0,
20260807,001680,2694.0,2.0,1,2694.0,
20260807,001740,430.0,4.0,1,430.0,
20260807,001940,988.0,1.0,1,988.0,
20260807,002020,4976.0,1.0,1,4976.0,
20260807,002350,1262.0,15.0,1,1262.0,
20260807,002380,201206.0,5.0,1,201206.0,
20260807,002990,1469.0,2.0,1,1469.0,
20260807,003030,18326.0,1.0,1,18326.0,
20260807,003070,2293.0,1.0,1,2293.0,
20260807,003160,1424.0,2.0,1,1424.0,
20260807,003220,664.0,3.0,1,664.0,
20260807,003230,74874.0,14.0,1,74874.0,
20260807,003380,2518.0,1.0,1,2518.0,
20260807,003490,964.0,10.0,1,964.0,
20260807,003540,4700.0,3.0,1,4700.0,
20260807,003550,7615.0,13.0,1,7615.0,
20260807,003570,2734.0,1.0,1,2734.0,
20260807,003620,312.0,,1,312.0,
20260807,003670,245.0,17.0,1,245.0,
20260807,003850,772.0,1.0,1,772.0,
20260807,004000,8050.0,6.0,1,8050.0,
20260807,004020,845.0,17.0,1,845.0,
20260807,004170,41089.0,18.0,1,41089.0,
20260807,004370,32143.0,13.0,1,32143.0,
20260807,004690,37548.0,1.0,1,37548.0,
20260807,004800,23635.0,3.0,1,23635.0,
20260807,004990,897.0,4.0,1,897.0,
20260807,005070,121.0,2.0,1,121.0,
20260807,005090,1140.0,3.0,1,1140.0,
20260807,005180,8570.0,,1,8570.0,
20260807,005300,9754.0,12.0,1,9754.0,
20260807,005380,38148.0,25.0,1,38148.0,
20260807,005440,1850.0,4.0,1,1850.0,
20260807,005490,23552.0,17.0,1,23552.0,
20260807,005500,1719.0,1.0,1,1719.0,
20260807,005690,914.0,3.0,1,914.0,
20260807,005810,8518.0,2.0,1,8518.0,
20260807,005850,8294.0,7.0,1,8294.0,
20260807,005880,517.0,4.0,1,517.0,
20260807,005930,47929.0,24.0,1,47929.0,
20260807,005940,4521.0,17.0,1,4521.0,
20260807,006040,7716.0,4.0,1,7716.0,
20260807,006110,265.0,,1,265.0,
20260807,006120,,,0,,
20260807,006260,19854.0,12.0,1,19854.0,
20260807,006280,15440.0,13.0,1,15440.0,
20260807,006360,1786.0,21.0,1,1786.0,
20260807,006400,8244.0,19.0,1,8244.0,
20260807,006650,12852.0,5.0,1,12852.0,
20260807,006730,646.0,6.0,1,646.0,
20260807,006800,4726.0,17.0,1,4726.0,
20260807,007070,2426.0,14.0,1,2426.0,
20260807,007340,5980.0,1.0,1,5980.0,
20260807,007660,3600.0,12.0,1,3600.0,
20260807,007690,6295.0,2.0,1,6295.0,
20260807,007810,4392.0,3.0,1,4392.0,
20260807,008730,516.0,,1,516.0,
20260807,008770,2878.0,13.0,1,2878.0,
20260807,009150,19742.0,20.0,1,19742.0,
20260807,009240,1091.0,7.0,1,1091.0,
20260807,009420,4.0,7.0,1,4.0,
20260807,009450,11851.0,2.0,1,11851.0,
20260807,009540,53747.0,15.0,1,53747.0,
20260807,009830,1614.0,13.0,1,1614.0,
20260807,009900,1534.0,1.0,1,1534.0,
20260807,010060,8632.0,7.0,1,8632.0,
20260807,010120,3608.0,15.0,1,3608.0,
20260807,010130,63195.0,4.0,1,63195.0,
20260807,010140,1068.0,20.0,1,1068.0,
20260807,010690,2520.0,1.0,1,2520.0,
20260807,010780,4901.0,5.0,1,4901.0,
20260807,010950,24109.0,17.0,1,24109.0,
20260807,011070,39030.0,20.0,1,39030.0,
20260807,011200,1796.0,12.0,1,1796.0,
20260807,011210,5544.0,16.0,1,5544.0,
20260807,011560,4622.0,1.0,1,4622.0,
20260807,011760,7927.0,3.0,1,7927.0,
20260807,011780,15121.0,13.0,1,15121.0,
20260807,011930,735.0,1.0,1,735.0,
20260807,012210,234.0,,1,234.0,
20260807,012330,45680.0,25.0,1,45680.0,
20260807,012450,44528.0,17.0,1,44528.0,
20260807,012630,3783.0,1.0,1,3783.0,
20260807,0126Z0,9510.0,3.0,1,9510.0,
20260807,012750,4443.0,3.0,1,4443.0,
20260807,013030,4754.0,1.0,1,4754.0,
20260807,013120,286.0,1.0,1,286.0,
20260807,013580,11757.0,1.0,1,11757.0,
20260807,014620,1544.0,3.0,1,1544.0,
20260807,014680,15383.0,7.0,1,15383.0,
20260807,014830,14044.0,7.0,1,14044.0,
20260807,015760,9011.0,15.0,1,9011.0,
20260807,016360,19014.0,18.0,1,19014.0,
20260807,016380,1781.0,3.0,1,1781.0,
20260807,017670,6238.0,19.0,1,6238.0,
20260807,017800,4221.0,1.0,1,4221.0,
20260807,017810,1241.0,2.0,1,1241.0,
20260807,017940,31166.0,1.0,1,31166.0,
20260807,017960,2230.0,3.0,1,2230.0,
20260807,018260,9137.0,13.0,1,9137.0,
20260807,018290,1631.0,1.0,1,1631.0,
20260807,018670,49871.0,5.0,1,49871.0,
20260807,018880,245.0,19.0,1,245.0,
20260807,020000,3409.0,6.0,1,3409.0,
20260807,021240,10272.0,2.0,1,10272.0,
20260807,021320,1869.0,1.0,1,1869.0,
20260807,023160,1991.0,2.0,1,1991.0,
20260807,023530,13389.0,15.0,1,13389.0,
20260807,024110,3496.0,15.0,1,3496.0,
20260807,025320,105.0,,1,105.0,
20260807,025540,11854.0,1.0,1,11854.0,
20260807,027410,648.0,1.0,1,648.0,
20260807,028050,3777.0,21.0,1,3777.0,
20260807,028260,16532.0,15.0,1,16532.0,
20260807,028670,888.0,12.0,1,888.0,
20260807,029780,5262.0,4.0,1,5262.0,
20260807,030000,1943.0,11.0,1,1943.0,
20260807,030190,1591.0,1.0,1,1591.0,
20260807,030200,5690.0,18.0,1,5690.0,
20260807,030520,1927.0,3.0,1,1927.0,
20260807,031430,1554.0,6.0,1,1554.0,
20260807,031980,6303.0,5.0,1,6303.0,
20260807,032350,966.0,10.0,1,966.0,
20260807,032500,48.0,1.0,1,48.0,
20260807,032640,1695.0,18.0,1,1695.0,
20260807,032830,14506.0,13.0,1,14506.0,
20260807,033240,3878.0,1.0,1,3878.0,
20260807,033270,2808.0,2.0,1,2808.0,
20260807,033500,2568.0,1.0,1,2568.0,
20260807,033640,230.0,1.0,1,230.0,
20260807,033780,12070.0,14.0,1,12070.0,
20260807,034020,493.0,16.0,1,493.0,
20260807,034120,249.0,6.0,1,249.0,
20260807,034220,62.0,7.0,1,62.0,
20260807,034230,998.0,12.0,1,998.0,
20260807,034730,125347.0,13.0,1,125347.0,
20260807,034830,305.0,1.0,1,305.0,
20260807,035150,2311.0,1.0,1,2311.0,
20260807,035250,1462.0,10.0,1,1462.0,
20260807,035420,11837.0,20.0,1,11837.0,
20260807,035600,2106.0,3.0,1,2106.0,
20260807,035720,1511.0,16.0,1,1511.0,
20260807,035760,2102.0,13.0,1,2102.0,
20260807,035900,3726.0,18.0,1,3726.0,
20260807,036460,10764.0,8.0,1,10764.0,
20260807,036530,8710.0,1.0,1,8710.0,
20260807,036540,18.0,1.0,1,18.0,
20260807,036570,21561.0,18.0,1,21561.0,
20260807,036620,512.0,2.0,1,512.0,
20260807,036800,5522.0,1.0,1,5522.0,
20260807,036890,1589.0,,1,1589.0,
20260807,036930,1052.0,1.0,1,1052.0,
20260807,037560,282.0,4.0,1,282.0,
20260807,039030,9574.0,2.0,1,9574.0,
20260807,039130,3496.0,5.0,1,3496.0,
20260807,039440,4901.0,1.0,1,4901.0,
20260807,039490,69324.0,17.0,1,69324.0,
20260807,039570,1271.0,1.0,1,1271.0,
20260807,039830,3396.0,,1,3396.0,
20260807,039840,1706.0,1.0,1,1706.0,
20260807,041510,5484.0,18.0,1,5484.0,
20260807,041830,3505.0,2.0,1,3505.0,
20260807,041920,1048.0,1.0,1,1048.0,
20260807,042000,1632.0,1.0,1,1632.0,
20260807,042520,1085.0,1.0,1,1085.0,
20260807,042660,6425.0,20.0,1,6425.0,
20260807,042700,3627.0,1.0,1,3627.0,
20260807,043150,3277.0,4.0,1,3277.0,
20260807,043260,3976.0,2.0,1,3976.0,
20260807,044490,1484.0,,1,1484.0,
20260807,047040,1372.0,16.0,1,1372.0,
20260807,047050,5227.0,13.0,1,5227.0,
20260807,047810,2758.0,19.0,1,2758.0,
20260807,049070,1693.0,1.0,1,1693.0,
20260807,050890,786.0,2.0,1,786.0,
20260807,051370,1237.0,1.0,1,1237.0,
20260807,051500,4575.0,6.0,1,4575.0,
20260807,051600,3500.0,11.0,1,3500.0,
20260807,051900,13547.0,13.0,1,13547.0,
20260807,052400,6716.0,2.0,1,6716.0,
20260807,052690,1714.0,12.0,1,1714.0,
20260807,052710,508.0,2.0,1,508.0,
20260807,053210,462.0,5.0,1,462.0,
20260807,053610,6365.0,,1,6365.0,
20260807,053690,2099.0,2.0,1,2099.0,
20260807,054450,1061.0,1.0,1,1061.0,
20260807,054950,2684.0,2.0,1,2684.0,
20260807,055550,12446.0,18.0,1,12446.0,
20260807,056190,2333.0,2.0,1,2333.0,
20260807,058430,408.0,2.0,1,408.0,
20260807,058470,2437.0,5.0,1,2437.0,
20260807,058610,803.0,2.0,1,803.0,
20260807,058650,19337.0,1.0,1,19337.0,
20260807,058970,146.0,1.0,1,146.0,
20260807,059210,613.0,,1,613.0,
20260807,060250,1422.0,4.0,1,1422.0,
20260807,060370,477.0,1.0,1,477.0,
20260807,060720,950.0,3.0,1,950.0,
20260807,060980,6345.0,3.0,1,6345.0,
20260807,061090,5706.0,1.0,1,5706.0,
20260807,062040,6740.0,7.0,1,6740.0,
20260807,063570,419.0,1.0,1,419.0,
20260807,064290,443.0,2.0,1,443.0,
20260807,064350,8231.0,17.0,1,8231.0,
20260807,064400,4903.0,10.0,1,4903.0,
20260807,064760,9528.0,6.0,1,9528.0,
20260807,064850,2191.0,,1,2191.0,
20260807,064960,3570.0,6.0,1,3570.0,
20260807,066570,12631.0,17.0,1,12631.0,
20260807,067160,6974.0,5.0,1,6974.0,
20260807,067310,2440.0,4.0,1,2440.0,
20260807,068270,6713.0,18.0,1,6713.0,
20260807,068930,1114.0,1.0,1,1114.0,
20260807,069260,1868.0,3.0,1,1868.0,
20260807,069620,15931.0,13.0,1,15931.0,
20260807,069960,12679.0,18.0,1,12679.0,
20260807,070960,104.0,1.0,1,104.0,
20260807,071050,46408.0,16.0,1,46408.0,
20260807,071320,20089.0,2.0,1,20089.0,
20260807,071970,3786.0,5.0,1,3786.0,
20260807,073240,1417.0,11.0,1,1417.0,
20260807,073490,2117.0,2.0,1,2117.0,
20260807,074600,2607.0,3.0,1,2607.0,
20260807,077970,2117.0,2.0,1,2117.0,
20260807,078340,1430.0,5.0,1,1430.0,
20260807,078520,1161.0,,1,1161.0,
20260807,078600,1078.0,2.0,1,1078.0,
20260807,078930,16872.0,5.0,1,16872.0,
20260807,079430,412.0,3.0,1,412.0,
20260807,079550,17051.0,17.0,1,17051.0,
20260807,079900,2285.0,2.0,1,2285.0,
20260807,080160,307.0,1.0,1,307.0,
20260807,080580,1002.0,1.0,1,1002.0,
20260807,081660,5155.0,9.0,1,5155.0,
20260807,082740,2412.0,7.0,1,2412.0,
20260807,082920,1724.0,3.0,1,1724.0,
20260807,083450,3505.0,,1,3505.0,
20260807,083650,2556.0,3.0,1,2556.0,
20260807,084010,567.0,2.0,1,567.0,
20260807,084370,4060.0,3.0,1,4060.0,
20260807,084850,185.0,,1,185.0,
20260807,085910,819.0,1.0,1,819.0,
20260807,086280,22213.0,16.0,1,22213.0,
20260807,086390,961.0,2.0,1,961.0,
20260807,086450,1965.0,2.0,1,1965.0,
20260807,086790,16056.0,19.0,1,16056.0,
20260807,086900,3553.0,2.0,1,3553.0,
20260807,088350,950.0,12.0,1,950.0,
20260807,088980,710.0,2.0,1,710.0,
20260807,089010,2018.0,2.0,1,2018.0,
20260807,089600,1573.0,3.0,1,1573.0,
20260807,089860,3884.0,10.0,1,3884.0,
20260807,089890,1990.0,1.0,1,1990.0,
20260807,089970,3287.0,4.0,1,3287.0,
20260807,089980,475.0,1.0,1,475.0,
20260807,090430,5399.0,17.0,1,5399.0,
20260807,090460,2487.0,12.0,1,2487.0,
20260807,091580,1399.0,1.0,1,1399.0,
20260807,091700,633.0,2.0,1,633.0,
20260807,092130,1146.0,1.0,1,1146.0,
20260807,092730,1841.0,2.0,1,1841.0,
20260807,092870,1532.0,,1,1532.0,
20260807,093370,206.0,1.0,1,206.0,
20260807,093520,2120.0,1.0,1,2120.0,
20260807,094170,478.0,,1,478.0,
20260807,094360,445.0,2.0,1,445.0,
20260807,095340,4229.0,6.0,1,4229.0,
20260807,095570,501.0,3.0,1,501.0,
20260807,095610,5150.0,9.0,1,5150.0,
20260807,095660,2014.0,8.0,1,2014.0,
20260807,096530,1748.0,2.0,1,1748.0,
20260807,096770,15839.0,15.0,1,15839.0,
20260807,097230,1750.0,1.0,1,1750.0,
20260807,097520,2442.0,3.0,1,2442.0,
20260807,097950,23833.0,13.0,1,23833.0,
20260807,098070,3021.0,,1,3021.0,
20260807,098460,860.0,6.0,1,860.0,
20260807,099190,317.0,2.0,1,317.0,
20260807,099320,995.0,1.0,1,995.0,
20260807,099430,448.0,1.0,1,448.0,
20260807,100090,719.0,6.0,1,719.0,
20260807,100120,4016.0,3.0,1,4016.0,
20260807,100840,5295.0,2.0,1,5295.0,
20260807,102710,4532.0,2.0,1,4532.0,
20260807,103140,10612.0,12.0,1,10612.0,
20260807,103590,3352.0,3.0,1,3352.0,
20260807,104700,219.0,1.0,1,219.0,
20260807,104830,5084.0,2.0,1,5084.0,
20260807,105560,18392.0,18.0,1,18392.0,
20260807,105630,1321.0,10.0,1,1321.0,
20260807,105840,797.0,1.0,1,797.0,
20260807,107640,631.0,1.0,1,631.0,
20260807,108320,3843.0,2.0,1,3843.0,
20260807,108380,2728.0,1.0,1,2728.0,
20260807,108490,288.0,5.0,1,288.0,
20260807,108670,8402.0,5.0,1,8402.0,
20260807,111770,13504.0,10.0,1,13504.0,
20260807,112040,1355.0,1.0,1,1355.0,
20260807,112290,396.0,,1,396.0,
20260807,112610,4297.0,9.0,1,4297.0,
20260807,114090,996.0,11.0,1,996.0,
20260807,114810,1191.0,1.0,1,1191.0,
20260807,114840,1119.0,1.0,1,1119.0,
20260807,119610,1754.0,1.0,1,1754.0,
20260807,119850,2535.0,,1,2535.0,
20260807,120110,6904.0,4.0,1,6904.0,
20260807,121600,735.0,1.0,1,735.0,
20260807,122450,739.0,,1,739.0,
20260807,122640,997.0,2.0,1,997.0,
20260807,122870,2815.0,19.0,1,2815.0,
20260807,122900,1256.0,1.0,1,1256.0,
20260807,123330,2654.0,,1,2654.0,
20260807,125490,205.0,2.0,1,205.0,
20260807,126340,281.0,1.0,1,281.0,
20260807,126700,1780.0,,1,1780.0,
20260807,126720,3850.0,1.0,1,3850.0,
20260807,128940,16486.0,18.0,1,16486.0,
20260807,131290,11938.0,4.0,1,11938.0,
20260807,131970,2001.0,6.0,1,2001.0,
20260807,138040,14254.0,4.0,1,14254.0,
20260807,138080,366.0,1.0,1,366.0,
20260807,138930,2553.0,16.0,1,2553.0,
20260807,139130,3003.0,16.0,1,3003.0,
20260807,139480,4566.0,10.0,1,4566.0,
20260807,140860,7185.0,8.0,1,7185.0,
20260807,142210,2496.0,,1,2496.0,
20260807,144960,1005.0,1.0,1,1005.0,
20260807,145020,14311.0,14.0,1,14311.0,
20260807,145720,7151.0,5.0,1,7151.0,
20260807,146320,336.0,1.0,1,336.0,
20260807,148150,287.0,1.0,1,287.0,
20260807,149950,585.0,1.0,1,585.0,
20260807,161390,10751.0,16.0,1,10751.0,
20260807,161890,7405.0,19.0,1,7405.0,
20260807,166090,3843.0,3.0,1,3843.0,
20260807,170900,4013.0,3.0,1,4013.0,
20260807,170920,2262.0,1.0,1,2262.0,
20260807,171090,7937.0,3.0,1,7937.0,
20260807,175330,3959.0,16.0,1,3959.0,
20260807,178320,861.0,2.0,1,861.0,
20260807,178920,1805.0,1.0,1,1805.0,
20260807,181710,3485.0,9.0,1,3485.0,
20260807,183190,1110.0,3.0,1,1110.0,
20260807,183300,3173.0,1.0,1,3173.0,
20260807,185750,4742.0,9.0,1,4742.0,
20260807,189300,3913.0,5.0,1,3913.0,
20260807,190510,1079.0,,1,1079.0,
20260807,192080,9227.0,13.0,1,9227.0,
20260807,192400,4330.0,1.0,1,4330.0,
20260807,192650,180.0,3.0,1,180.0,
20260807,192820,13356.0,18.0,1,13356.0,
20260807,194370,3753.0,1.0,1,3753.0,
20260807,194700,2688.0,1.0,1,2688.0,
20260807,195870,4804.0,9.0,1,4804.0,
20260807,195940,3253.0,14.0,1,3253.0,
20260807,196170,3665.0,4.0,1,3665.0,
20260807,200670,3939.0,2.0,1,3939.0,
20260807,200710,1549.0,2.0,1,1549.0,
20260807,204270,997.0,1.0,1,997.0,
20260807,204320,4309.0,22.0,1,4309.0,
20260807,207940,40521.0,21.0,1,40521.0,
20260807,213420,3132.0,7.0,1,3132.0,
20260807,213500,2813.0,2.0,1,2813.0,
20260807,214150,2645.0,16.0,1,2645.0,
20260807,214180,3075.0,2.0,1,3075.0,
20260807,214320,2931.0,9.0,1,2931.0,
20260807,214420,665.0,1.0,1,665.0,
20260807,214430,2682.0,,1,2682.0,
20260807,214450,19052.0,15.0,1,19052.0,
20260807,215000,,,0,,
20260807,215200,9088.0,2.0,1,9088.0,
20260807,217590,249.0,,1,249.0,
20260807,218410,1983.0,3.0,1,1983.0,
20260807,219130,3310.0,,1,3310.0,
20260807,222040,923.0,1.0,1,923.0,
20260807,222800,4747.0,9.0,1,4747.0,
20260807,226400,501.0,2.0,1,501.0,
20260807,229640,1732.0,6.0,1,1732.0,
20260807,230240,1116.0,2.0,1,1116.0,
20260807,232140,431.0,4.0,1,431.0,
20260807,234080,,,0,,
20260807,234340,1596.0,2.0,1,1596.0,
20260807,236200,6442.0,1.0,1,6442.0,
20260807,237690,3291.0,14.0,1,3291.0,
20260807,237880,1144.0,2.0,1,1144.0,
20260807,240810,3632.0,7.0,1,3632.0,
20260807,241560,5767.0,7.0,1,5767.0,
20260807,241590,407.0,4.0,1,407.0,
20260807,241710,6455.0,10.0,1,6455.0,
20260807,243840,304.0,2.0,1,304.0,
20260807,247540,177.0,16.0,1,177.0,
20260807,248070,1022.0,5.0,1,1022.0,
20260807,251270,5935.0,15.0,1,5935.0,
20260807,251970,3698.0,4.0,1,3698.0,
20260807,252990,567.0,,1,567.0,
20260807,253450,1221.0,11.0,1,1221.0,
20260807,257720,3457.0,8.0,1,3457.0,
20260807,259630,1781.0,,1,1781.0,
20260807,259960,20065.0,17.0,1,20065.0,
20260807,263750,5667.0,8.0,1,5667.0,
20260807,263860,1344.0,,1,1344.0,
20260807,264660,1708.0,,1,1708.0,
20260807,265740,826.0,,1,826.0,
20260807,267250,43327.0,6.0,1,43327.0,
20260807,267260,26555.0,14.0,1,26555.0,
20260807,267270,12291.0,6.0,1,12291.0,
20260807,267980,8821.0,1.0,1,8821.0,
20260807,271560,12153.0,13.0,1,12153.0,
20260807,272110,3364.0,,1,3364.0,
20260807,272210,808.0,15.0,1,808.0,
20260807,272290,2869.0,1.0,1,2869.0,
20260807,277810,773.0,1.0,1,773.0,
20260807,278470,15540.0,21.0,1,15540.0,
20260807,279570,291.0,1.0,1,291.0,
20260807,280360,12548.0,11.0,1,12548.0,
20260807,281820,6467.0,1.0,1,6467.0,
20260807,282330,13073.0,15.0,1,13073.0,
20260807,282880,1334.0,1.0,1,1334.0,
20260807,285130,7719.0,2.0,1,7719.0,
20260807,286940,1945.0,4.0,1,1945.0,
20260807,290550,1822.0,2.0,1,1822.0,
20260807,290650,881.0,,1,881.0,
20260807,293480,1232.0,1.0,1,1232.0,
20260807,294570,2249.0,,1,2249.0,
20260807,294870,5546.0,16.0,1,5546.0,
20260807,295310,1204.0,1.0,1,1204.0,
20260807,298020,61734.0,6.0,1,61734.0,
20260807,298040,82830.0,13.0,1,82830.0,
20260807,298050,17906.0,5.0,1,17906.0,
20260807,300720,952.0,2.0,1,952.0,
20260807,306200,23666.0,4.0,1,23666.0,
20260807,307950,7745.0,15.0,1,7745.0,
20260807,316140,4400.0,18.0,1,4400.0,
20260807,317400,1550.0,1.0,1,1550.0,
20260807,319660,5236.0,7.0,1,5236.0,
20260807,322000,10464.0,2.0,1,10464.0,
20260807,323410,1271.0,13.0,1,1271.0,
20260807,326030,4265.0,16.0,1,4265.0,
20260807,327260,691.0,2.0,1,691.0,
20260807,329180,30527.0,21.0,1,30527.0,
20260807,330860,1469.0,2.0,1,1469.0,
20260807,332570,822.0,,1,822.0,
20260807,336370,1206.0,2.0,1,1206.0,
20260807,336570,525.0,1.0,1,525.0,
20260807,339770,416.0,1.0,1,416.0,
20260807,340450,262.0,,1,262.0,
20260807,340570,3657.0,3.0,1,3657.0,
20260807,347700,912.0,1.0,1,912.0,
20260807,348210,1887.0,3.0,1,1887.0,
20260807,352480,1343.0,,1,1343.0,
20260807,352820,4370.0,20.0,1,4370.0,
20260807,353200,4465.0,12.0,1,4465.0,
20260807,354320,1200.0,1.0,1,1200.0,
20260807,355150,988.0,,1,988.0,
20260807,356860,1969.0,8.0,1,1969.0,
20260807,357780,18895.0,9.0,1,18895.0,
20260807,361390,229.0,1.0,1,229.0,
20260807,368770,493.0,,1,493.0,
20260807,375500,11520.0,19.0,1,11520.0,
20260807,376270,1735.0,1.0,1,1735.0,
20260807,376300,1553.0,12.0,1,1553.0,
20260807,377300,938.0,6.0,1,938.0,
20260807,381970,1035.0,3.0,1,1035.0,
20260807,382800,764.0,,1,764.0,
20260807,383220,12701.0,8.0,1,12701.0,
20260807,383310,1333.0,1.0,1,1333.0,
20260807,383800,1955.0,2.0,1,1955.0,
20260807,388050,540.0,,1,540.0,
20260807,388210,6391.0,3.0,1,6391.0,
20260807,389260,1384.0,,1,1384.0,
20260807,396300,264.0,,1,264.0,
20260807,397030,37.0,2.0,1,37.0,
20260807,402340,296272.0,7.0,1,296272.0,
20260807,403550,83.0,1.0,1,83.0,
20260807,403870,1440.0,6.0,1,1440.0,
20260807,405100,1008.0,1.0,1,1008.0,
20260807,413630,124.0,,1,124.0,
20260807,417840,1231.0,1.0,1,1231.0,
20260807,419530,2869.0,2.0,1,2869.0,
20260807,420770,1930.0,4.0,1,1930.0,
20260807,425420,2620.0,,1,2620.0,
20260807,439260,7937.0,4.0,1,7937.0,
20260807,440110,1817.0,1.0,1,1817.0,
20260807,441270,546.0,1.0,1,546.0,
20260807,443060,7838.0,11.0,1,7838.0,
20260807,445090,549.0,,1,549.0,
20260807,450950,97.0,2.0,1,97.0,
20260807,451760,457.0,1.0,1,457.0,
20260807,452430,419.0,1.0,1,419.0,
20260807,453340,3497.0,3.0,1,3497.0,
20260807,454910,108.0,1.0,1,108.0,
20260807,456010,7.0,1.0,1,7.0,
20260807,456040,12816.0,3.0,1,12816.0,
20260807,458870,1618.0,4.0,1,1618.0,
20260807,460860,833.0,3.0,1,833.0,
20260807,462870,2225.0,9.0,1,2225.0,
20260807,475150,890.0,4.0,1,890.0,
20260807,475960,37.0,1.0,1,37.0,
20260807,476060,609.0,2.0,1,609.0,
20260807,482630,1028.0,2.0,1,1028.0,
20260807,483650,10305.0,15.0,1,10305.0,
20260807,484120,1305.0,,1,1305.0,
20260807,484870,1868.0,1.0,1,1868.0,
20260807,488280,148.0,,1,148.0,
20260807,489460,644.0,,1,644.0,
20260807,489500,1479.0,,1,1479.0,
20260807,489790,3786.0,3.0,1,3786.0,
20260807,499790,2980.0,6.0,1,2980.0,
20260810,000080,1377.0,6.0,1,1377.0,
20260810,000100,2056.0,14.0,1,2056.0,
20260810,000120,9792.0,10.0,1,9792.0,
20260810,000150,22687.0,12.0,1,22687.0,
20260810,000210,11589.0,2.0,1,11589.0,
20260810,000270,21865.0,25.0,1,21865.0,
20260810,000500,3370.0,,1,3370.0,
20260810,000640,10793.0,3.0,1,10793.0,
20260810,000660,345914.0,24.0,1,345914.0,
20260810,000720,4596.0,20.0,1,4596.0,
20260810,000810,46458.0,15.0,1,46458.0,
20260810,000880,10277.0,10.0,1,10277.0,
20260810,0008Z0,2119.0,1.0,1,2119.0,
20260810,000990,8413.0,3.0,1,8413.0,
20260810,001040,10862.0,11.0,1,10862.0,
20260810,001120,7001.0,6.0,1,7001.0,
20260810,001230,179.0,1.0,1,179.0,
20260810,001250,246.0,1.0,1,246.0,
20260810,001340,229.0,1.0,1,229.0,
20260810,001430,2779.0,10.0,1,2779.0,
20260810,001440,472.0,7.0,1,472.0,
20260810,001450,,14.0,0,,
20260810,001530,657.0,1.0,1,657.0,
20260810,001680,2694.0,2.0,1,2694.0,
20260810,001740,430.0,4.0,1,430.0,
20260810,001940,988.0,1.0,1,988.0,
20260810,002020,4976.0,1.0,1,4976.0,
20260810,002350,1253.0,15.0,1,1253.0,
20260810,002380,201206.0,5.0,1,201206.0,
20260810,002990,1469.0,2.0,1,1469.0,
20260810,003030,18326.0,1.0,1,18326.0,
20260810,003070,2293.0,1.0,1,2293.0,
20260810,003160,1424.0,2.0,1,1424.0,
20260810,003220,664.0,3.0,1,664.0,
20260810,003230,74874.0,14.0,1,74874.0,
20260810,003380,2518.0,1.0,1,2518.0,
20260810,003490,964.0,10.0,1,964.0,
20260810,003540,4700.0,3.0,1,4700.0,
20260810,003550,7615.0,13.0,1,7615.0,
20260810,003570,2734.0,1.0,1,2734.0,
20260810,003620,312.0,,1,312.0,
20260810,003670,245.0,17.0,1,245.0,
20260810,003850,772.0,1.0,1,772.0,
20260810,004000,8050.0,6.0,1,8050.0,
20260810,004020,821.0,17.0,1,821.0,
20260810,004170,41089.0,18.0,1,41089.0,
20260810,004370,32143.0,13.0,1,32143.0,
20260810,004690,37548.0,1.0,1,37548.0,
20260810,004800,23635.0,3.0,1,23635.0,
20260810,004990,897.0,4.0,1,897.0,
20260810,005070,121.0,2.0,1,121.0,
20260810,005090,1140.0,3.0,1,1140.0,
20260810,005180,8570.0,,1,8570.0,
20260810,005300,9754.0,12.0,1,9754.0,
20260810,005380,38028.0,25.0,1,38028.0,
20260810,005440,1850.0,4.0,1,1850.0,
20260810,005490,23552.0,17.0,1,23552.0,
20260810,005500,1719.0,1.0,1,1719.0,
20260810,005690,914.0,3.0,1,914.0,
20260810,005810,8518.0,2.0,1,8518.0,
20260810,005850,8294.0,7.0,1,8294.0,
20260810,005880,517.0,4.0,1,517.0,
20260810,005930,47929.0,24.0,1,47929.0,
20260810,005940,4521.0,17.0,1,4521.0,
20260810,006040,7716.0,4.0,1,7716.0,
20260810,006110,265.0,,1,265.0,
20260810,006260,19854.0,12.0,1,19854.0,
20260810,006280,15440.0,13.0,1,15440.0,
20260810,006360,1786.0,21.0,1,1786.0,
20260810,006400,8244.0,19.0,1,8244.0,
20260810,006650,12852.0,5.0,1,12852.0,
20260810,006730,646.0,6.0,1,646.0,
20260810,006800,4726.0,17.0,1,4726.0,
20260810,007070,2426.0,14.0,1,2426.0,
20260810,007340,5980.0,1.0,1,5980.0,
20260810,007660,3600.0,12.0,1,3600.0,
20260810,007690,6295.0,2.0,1,6295.0,
20260810,007810,4392.0,3.0,1,4392.0,
20260810,008730,516.0,,1,516.0,
20260810,008770,2878.0,13.0,1,2878.0,
20260810,009150,19742.0,20.0,1,19742.0,
20260810,009240,1091.0,7.0,1,1091.0,
20260810,009420,4.0,7.0,1,4.0,
20260810,009450,11851.0,2.0,1,11851.0,
20260810,009540,53747.0,15.0,1,53747.0,
20260810,009830,1614.0,13.0,1,1614.0,
20260810,009900,1534.0,1.0,1,1534.0,
20260810,010060,8632.0,7.0,1,8632.0,
20260810,010120,3608.0,15.0,1,3608.0,
20260810,010130,62943.0,5.0,1,62943.0,
20260810,010140,1068.0,20.0,1,1068.0,
20260810,010690,2520.0,1.0,1,2520.0,
20260810,010780,4901.0,5.0,1,4901.0,
20260810,010950,24109.0,17.0,1,24109.0,
20260810,011070,39030.0,20.0,1,39030.0,
20260810,011200,1796.0,12.0,1,1796.0,
20260810,011210,5544.0,16.0,1,5544.0,
20260810,011560,4622.0,1.0,1,4622.0,
20260810,011760,8147.0,4.0,1,8147.0,
20260810,011780,14974.0,12.0,1,14974.0,
20260810,011930,735.0,1.0,1,735.0,
20260810,012210,115.0,,1,115.0,
20260810,012330,45680.0,25.0,1,45680.0,
20260810,012450,44528.0,17.0,1,44528.0,
20260810,012630,3783.0,1.0,1,3783.0,
20260810,0126Z0,9510.0,3.0,1,9510.0,
20260810,012750,4443.0,3.0,1,4443.0,
20260810,013030,4754.0,1.0,1,4754.0,
20260810,013120,286.0,1.0,1,286.0,
20260810,013580,11757.0,1.0,1,11757.0,
20260810,014620,1544.0,3.0,1,1544.0,
20260810,014680,15383.0,7.0,1,15383.0,
20260810,014830,14044.0,7.0,1,14044.0,
20260810,015760,9011.0,15.0,1,9011.0,
20260810,016360,18915.0,18.0,1,18915.0,
20260810,016380,1781.0,3.0,1,1781.0,
20260810,017670,6238.0,19.0,1,6238.0,
20260810,017800,4221.0,1.0,1,4221.0,
20260810,017810,1241.0,2.0,1,1241.0,
20260810,017940,31166.0,1.0,1,31166.0,
20260810,017960,2230.0,3.0,1,2230.0,
20260810,018260,9137.0,13.0,1,9137.0,
20260810,018290,1631.0,1.0,1,1631.0,
20260810,018670,49871.0,5.0,1,49871.0,
20260810,018880,246.0,18.0,1,246.0,
20260810,020000,3409.0,6.0,1,3409.0,
20260810,021240,10272.0,2.0,1,10272.0,
20260810,021320,1869.0,1.0,1,1869.0,
20260810,023160,1991.0,2.0,1,1991.0,
20260810,023530,13221.0,15.0,1,13221.0,
20260810,024110,3496.0,15.0,1,3496.0,
20260810,025320,105.0,,1,105.0,
20260810,025540,11854.0,1.0,1,11854.0,
20260810,027410,658.0,1.0,1,658.0,
20260810,028050,3777.0,21.0,1,3777.0,
20260810,028260,16532.0,15.0,1,16532.0,
20260810,028670,886.0,12.0,1,886.0,
20260810,029780,5262.0,4.0,1,5262.0,
20260810,030000,1943.0,11.0,1,1943.0,
20260810,030190,1591.0,1.0,1,1591.0,
20260810,030200,5690.0,18.0,1,5690.0,
20260810,030520,1927.0,3.0,1,1927.0,
20260810,031430,1554.0,6.0,1,1554.0,
20260810,031980,6303.0,5.0,1,6303.0,
20260810,032350,966.0,10.0,1,966.0,
20260810,032500,48.0,1.0,1,48.0,
20260810,032640,1704.0,19.0,1,1704.0,
20260810,032830,14506.0,13.0,1,14506.0,
20260810,033240,3878.0,1.0,1,3878.0,
20260810,033270,2808.0,2.0,1,2808.0,
20260810,033500,2568.0,1.0,1,2568.0,
20260810,033640,230.0,1.0,1,230.0,
20260810,033780,12525.0,14.0,1,12525.0,
20260810,034020,493.0,16.0,1,493.0,
20260810,034120,249.0,6.0,1,249.0,
20260810,034220,62.0,7.0,1,62.0,
20260810,034230,1016.0,11.0,1,1016.0,
20260810,034730,125347.0,13.0,1,125347.0,
20260810,034830,305.0,1.0,1,305.0,
20260810,035150,2311.0,1.0,1,2311.0,
20260810,035250,1459.0,10.0,1,1459.0,
20260810,035420,11818.0,20.0,1,11818.0,
20260810,035600,2106.0,3.0,1,2106.0,
20260810,035720,1373.0,16.0,1,1373.0,
20260810,035760,2224.0,14.0,1,2224.0,
20260810,035900,3726.0,18.0,1,3726.0,
20260810,036460,10764.0,8.0,1,10764.0,
20260810,036530,8710.0,1.0,1,8710.0,
20260810,036540,18.0,1.0,1,18.0,
20260810,036570,21561.0,18.0,1,21561.0,
20260810,036620,512.0,2.0,1,512.0,
20260810,036800,5522.0,1.0,1,5522.0,
20260810,036890,1589.0,,1,1589.0,
20260810,036930,1052.0,1.0,1,1052.0,
20260810,037560,282.0,4.0,1,282.0,
20260810,039030,9574.0,2.0,1,9574.0,
20260810,039130,3496.0,5.0,1,3496.0,
20260810,039440,4901.0,1.0,1,4901.0,
20260810,039490,69526.0,17.0,1,69526.0,
20260810,039570,1271.0,1.0,1,1271.0,
20260810,039830,3396.0,,1,3396.0,
20260810,039840,1750.0,,1,1750.0,
20260810,041510,5341.0,15.0,1,5341.0,
20260810,041830,3829.0,3.0,1,3829.0,
20260810,041920,1048.0,1.0,1,1048.0,
20260810,042000,1632.0,1.0,1,1632.0,
20260810,042520,1085.0,1.0,1,1085.0,
20260810,042660,6425.0,20.0,1,6425.0,
20260810,042700,3627.0,1.0,1,3627.0,
20260810,043150,3277.0,4.0,1,3277.0,
20260810,043260,3976.0,2.0,1,3976.0,
20260810,044490,1484.0,,1,1484.0,
20260810,047040,1372.0,16.0,1,1372.0,
20260810,047050,5227.0,13.0,1,5227.0,
20260810,047810,2758.0,19.0,1,2758.0,
20260810,049070,1693.0,1.0,1,1693.0,
20260810,050890,786.0,2.0,1,786.0,
20260810,051370,1237.0,1.0,1,1237.0,
20260810,051500,4557.0,6.0,1,4557.0,
20260810,051600,3500.0,11.0,1,3500.0,
20260810,051900,13547.0,13.0,1,13547.0,
20260810,052400,6716.0,2.0,1,6716.0,
20260810,052690,1714.0,12.0,1,1714.0,
20260810,052710,508.0,2.0,1,508.0,
20260810,053210,462.0,5.0,1,462.0,
20260810,053610,6365.0,,1,6365.0,
20260810,053690,2099.0,2.0,1,2099.0,
20260810,054450,931.0,1.0,1,931.0,
20260810,054950,2684.0,2.0,1,2684.0,
20260810,055550,12446.0,18.0,1,12446.0,
20260810,056190,2333.0,2.0,1,2333.0,
20260810,058430,408.0,2.0,1,408.0,
20260810,058470,2437.0,5.0,1,2437.0,
20260810,058610,803.0,2.0,1,803.0,
20260810,058650,19337.0,1.0,1,19337.0,
20260810,058970,146.0,1.0,1,146.0,
20260810,059210,613.0,,1,613.0,
20260810,060250,1422.0,4.0,1,1422.0,
20260810,060370,477.0,1.0,1,477.0,
20260810,060720,950.0,3.0,1,950.0,
20260810,060980,6345.0,3.0,1,6345.0,
20260810,061090,5706.0,1.0,1,5706.0,
20260810,062040,6740.0,7.0,1,6740.0,
20260810,063570,419.0,1.0,1,419.0,
20260810,064290,443.0,2.0,1,443.0,
20260810,064350,8231.0,17.0,1,8231.0,
20260810,064400,4903.0,10.0,1,4903.0,
20260810,064760,9528.0,6.0,1,9528.0,
20260810,064850,2191.0,,1,2191.0,
20260810,064960,3570.0,6.0,1,3570.0,
20260810,066570,12631.0,17.0,1,12631.0,
20260810,067160,6974.0,5.0,1,6974.0,
20260810,067310,2440.0,4.0,1,2440.0,
20260810,068270,6727.0,18.0,1,6727.0,
20260810,068930,1220.0,1.0,1,1220.0,
20260810,069260,1868.0,3.0,1,1868.0,
20260810,069620,15931.0,13.0,1,15931.0,
20260810,069960,12652.0,17.0,1,12652.0,
20260810,070960,104.0,1.0,1,104.0,
20260810,071050,48228.0,16.0,1,48228.0,
20260810,071320,20089.0,2.0,1,20089.0,
20260810,071970,3786.0,5.0,1,3786.0,
20260810,073240,1417.0,11.0,1,1417.0,
20260810,073490,2117.0,2.0,1,2117.0,
20260810,074600,2607.0,3.0,1,2607.0,
20260810,077970,2117.0,2.0,1,2117.0,
20260810,078340,1430.0,5.0,1,1430.0,
20260810,078520,1161.0,,1,1161.0,
20260810,078600,1078.0,2.0,1,1078.0,
20260810,078930,16872.0,5.0,1,16872.0,
20260810,079430,412.0,3.0,1,412.0,
20260810,079550,16795.0,19.0,1,16795.0,
20260810,079900,2285.0,2.0,1,2285.0,
20260810,080160,307.0,1.0,1,307.0,
20260810,080580,1002.0,1.0,1,1002.0,
20260810,081660,5155.0,9.0,1,5155.0,
20260810,082740,2412.0,7.0,1,2412.0,
20260810,082920,1724.0,3.0,1,1724.0,
20260810,083450,3462.0,1.0,1,3462.0,
20260810,083650,2520.0,3.0,1,2520.0,
20260810,084010,567.0,2.0,1,567.0,
20260810,084370,4060.0,3.0,1,4060.0,
20260810,084850,185.0,,1,185.0,
20260810,085910,819.0,1.0,1,819.0,
20260810,086280,22213.0,16.0,1,22213.0,
20260810,086390,961.0,2.0,1,961.0,
20260810,086450,1965.0,2.0,1,1965.0,
20260810,086790,16056.0,19.0,1,16056.0,
20260810,086900,3553.0,2.0,1,3553.0,
20260810,088350,950.0,12.0,1,950.0,
20260810,088980,710.0,2.0,1,710.0,
20260810,089010,2018.0,2.0,1,2018.0,
20260810,089600,1621.0,2.0,1,1621.0,
20260810,089860,3884.0,10.0,1,3884.0,
20260810,089890,1990.0,1.0,1,1990.0,
20260810,089970,3287.0,4.0,1,3287.0,
20260810,089980,475.0,1.0,1,475.0,
20260810,090430,5399.0,17.0,1,5399.0,
20260810,090460,2565.0,11.0,1,2565.0,
20260810,091580,1399.0,1.0,1,1399.0,
20260810,091700,633.0,2.0,1,633.0,
20260810,092130,1146.0,1.0,1,1146.0,
20260810,092730,1841.0,2.0,1,1841.0,
20260810,092870,1532.0,,1,1532.0,
20260810,093370,206.0,1.0,1,206.0,
20260810,093520,2120.0,1.0,1,2120.0,
20260810,094170,478.0,,1,478.0,
20260810,094360,445.0,2.0,1,445.0,
20260810,095340,4229.0,6.0,1,4229.0,
20260810,095570,501.0,3.0,1,501.0,
20260810,095610,5150.0,9.0,1,5150.0,
20260810,095660,2014.0,8.0,1,2014.0,
20260810,096530,1748.0,2.0,1,1748.0,
20260810,096770,15839.0,15.0,1,15839.0,
20260810,097230,1750.0,1.0,1,1750.0,
20260810,097520,2442.0,3.0,1,2442.0,
20260810,097950,23833.0,13.0,1,23833.0,
20260810,098070,3021.0,,1,3021.0,
20260810,098460,860.0,6.0,1,860.0,
20260810,099190,317.0,2.0,1,317.0,
20260810,099320,995.0,1.0,1,995.0,
20260810,099430,448.0,1.0,1,448.0,
20260810,100090,719.0,6.0,1,719.0,
20260810,100120,4419.0,2.0,1,4419.0,
20260810,100840,5295.0,2.0,1,5295.0,
20260810,102710,4532.0,2.0,1,4532.0,
20260810,103140,10612.0,12.0,1,10612.0,
20260810,103590,3352.0,3.0,1,3352.0,
20260810,104700,219.0,1.0,1,219.0,
20260810,104830,5084.0,2.0,1,5084.0,
20260810,105560,18392.0,18.0,1,18392.0,
20260810,105630,1321.0,10.0,1,1321.0,
20260810,105840,797.0,1.0,1,797.0,
20260810,107640,631.0,1.0,1,631.0,
20260810,108320,3843.0,2.0,1,3843.0,
20260810,108380,2728.0,1.0,1,2728.0,
20260810,108490,288.0,5.0,1,288.0,
20260810,108670,8402.0,5.0,1,8402.0,
20260810,111770,13504.0,10.0,1,13504.0,
20260810,112040,1355.0,1.0,1,1355.0,
20260810,112290,396.0,,1,396.0,
20260810,112610,4164.0,7.0,1,4164.0,
20260810,114090,996.0,11.0,1,996.0,
20260810,114810,1191.0,1.0,1,1191.0,
20260810,114840,1119.0,1.0,1,1119.0,
20260810,119610,1754.0,1.0,1,1754.0,
20260810,119850,2535.0,,1,2535.0,
20260810,120110,6904.0,4.0,1,6904.0,
20260810,121600,735.0,1.0,1,735.0,
20260810,122450,739.0,,1,739.0,
20260810,122640,997.0,2.0,1,997.0,
20260810,122870,2815.0,19.0,1,2815.0,
20260810,122900,1256.0,1.0,1,1256.0,
20260810,123330,2654.0,,1,2654.0,
20260810,125490,205.0,2.0,1,205.0,
20260810,126340,281.0,1.0,1,281.0,
20260810,126700,1780.0,,1,1780.0,
20260810,126720,3850.0,1.0,1,3850.0,
20260810,128940,16486.0,18.0,1,16486.0,
20260810,131290,11938.0,4.0,1,11938.0,
20260810,131970,2001.0,6.0,1,2001.0,
20260810,138040,14254.0,4.0,1,14254.0,
20260810,138080,366.0,1.0,1,366.0,
20260810,138930,2553.0,16.0,1,2553.0,
20260810,139130,3003.0,16.0,1,3003.0,
20260810,139480,4566.0,10.0,1,4566.0,
20260810,140860,7185.0,8.0,1,7185.0,
20260810,142210,2496.0,,1,2496.0,
20260810,144960,1005.0,1.0,1,1005.0,
20260810,145020,14142.0,14.0,1,14142.0,
20260810,145720,7151.0,5.0,1,7151.0,
20260810,146320,336.0,1.0,1,336.0,
20260810,148150,287.0,1.0,1,287.0,
20260810,149950,585.0,1.0,1,585.0,
20260810,161390,10751.0,16.0,1,10751.0,
20260810,161890,7405.0,19.0,1,7405.0,
20260810,166090,3843.0,3.0,1,3843.0,
20260810,170900,4013.0,3.0,1,4013.0,
20260810,170920,2262.0,1.0,1,2262.0,
20260810,171090,7937.0,3.0,1,7937.0,
20260810,175330,3959.0,16.0,1,3959.0,
20260810,178320,861.0,2.0,1,861.0,
20260810,178920,1803.0,2.0,1,1803.0,
20260810,181710,3485.0,9.0,1,3485.0,
20260810,183190,1110.0,3.0,1,1110.0,
20260810,183300,3173.0,1.0,1,3173.0,
20260810,185750,4742.0,9.0,1,4742.0,
20260810,189300,3913.0,5.0,1,3913.0,
20260810,190510,1079.0,,1,1079.0,
20260810,192080,9227.0,13.0,1,9227.0,
20260810,192400,4330.0,1.0,1,4330.0,
20260810,192650,180.0,3.0,1,180.0,
20260810,192820,13356.0,18.0,1,13356.0,
20260810,194370,3753.0,1.0,1,3753.0,
20260810,194700,2688.0,1.0,1,2688.0,
20260810,195870,4804.0,9.0,1,4804.0,
20260810,195940,3253.0,14.0,1,3253.0,
20260810,196170,3665.0,4.0,1,3665.0,
20260810,200670,3939.0,2.0,1,3939.0,
20260810,200710,1549.0,2.0,1,1549.0,
20260810,204270,997.0,1.0,1,997.0,
20260810,204320,4309.0,22.0,1,4309.0,
20260810,207940,40521.0,21.0,1,40521.0,
20260810,213420,3186.0,7.0,1,3186.0,
20260810,213500,2813.0,2.0,1,2813.0,
20260810,214150,2645.0,16.0,1,2645.0,
20260810,214180,3009.0,1.0,1,3009.0,
20260810,214320,2931.0,9.0,1,2931.0,
20260810,214420,665.0,1.0,1,665.0,
20260810,214430,2682.0,,1,2682.0,
20260810,214450,19052.0,15.0,1,19052.0,
20260810,215000,5386.0,1.0,1,5386.0,
20260810,215200,9088.0,2.0,1,9088.0,
20260810,217590,249.0,,1,249.0,
20260810,218410,1983.0,3.0,1,1983.0,
20260810,219130,3310.0,,1,3310.0,
20260810,222040,1052.0,1.0,1,1052.0,
20260810,222800,4747.0,9.0,1,4747.0,
20260810,226400,501.0,2.0,1,501.0,
20260810,229640,1753.0,6.0,1,1753.0,
20260810,230240,1116.0,2.0,1,1116.0,
20260810,232140,431.0,4.0,1,431.0,
20260810,234080,,,0,,
20260810,234340,1596.0,2.0,1,1596.0,
20260810,236200,6442.0,1.0,1,6442.0,
20260810,237690,3291.0,14.0,1,3291.0,
20260810,237880,1144.0,2.0,1,1144.0,
20260810,240810,4439.0,7.0,1,4439.0,
20260810,241560,5767.0,7.0,1,5767.0,
20260810,241590,407.0,4.0,1,407.0,
20260810,241710,6455.0,10.0,1,6455.0,
20260810,243840,304.0,2.0,1,304.0,
20260810,247540,177.0,16.0,1,177.0,
20260810,248070,1022.0,5.0,1,1022.0,
20260810,251270,5944.0,16.0,1,5944.0,
20260810,251970,3698.0,4.0,1,3698.0,
20260810,252990,601.0,,1,601.0,
20260810,253450,1195.0,12.0,1,1195.0,
20260810,257720,3457.0,8.0,1,3457.0,
20260810,259630,1781.0,,1,1781.0,
20260810,259960,20134.0,18.0,1,20134.0,
20260810,263750,5667.0,8.0,1,5667.0,
20260810,263860,1344.0,,1,1344.0,
20260810,264660,1708.0,,1,1708.0,
20260810,265740,826.0,,1,826.0,
20260810,267250,43327.0,6.0,1,43327.0,
20260810,267260,26555.0,14.0,1,26555.0,
20260810,267270,12291.0,6.0,1,12291.0,
20260810,267980,8821.0,1.0,1,8821.0,
20260810,271560,12153.0,13.0,1,12153.0,
20260810,272110,3364.0,,1,3364.0,
20260810,272210,808.0,15.0,1,808.0,
20260810,272290,2869.0,1.0,1,2869.0,
20260810,277810,773.0,1.0,1,773.0,
20260810,278470,15540.0,21.0,1,15540.0,
20260810,279570,291.0,1.0,1,291.0,
20260810,280360,12548.0,11.0,1,12548.0,
20260810,281820,6467.0,1.0,1,6467.0,
20260810,282330,13488.0,16.0,1,13488.0,
20260810,282880,1334.0,1.0,1,1334.0,
20260810,285130,7719.0,2.0,1,7719.0,
20260810,286940,1945.0,4.0,1,1945.0,
20260810,290550,1822.0,2.0,1,1822.0,
20260810,290650,881.0,,1,881.0,
20260810,293480,,,0,,
20260810,294570,2249.0,,1,2249.0,
20260810,294870,5546.0,16.0,1,5546.0,
20260810,295310,1204.0,1.0,1,1204.0,
20260810,298020,61734.0,6.0,1,61734.0,
20260810,298040,82830.0,13.0,1,82830.0,
20260810,298050,17906.0,5.0,1,17906.0,
20260810,300720,952.0,2.0,1,952.0,
20260810,306200,23666.0,4.0,1,23666.0,
20260810,307950,7745.0,15.0,1,7745.0,
20260810,316140,4400.0,18.0,1,4400.0,
20260810,317400,1550.0,1.0,1,1550.0,
20260810,319660,5236.0,7.0,1,5236.0,
20260810,322000,10464.0,2.0,1,10464.0,
20260810,323410,1271.0,13.0,1,1271.0,
20260810,326030,4244.0,17.0,1,4244.0,
20260810,327260,707.0,2.0,1,707.0,
20260810,329180,30527.0,21.0,1,30527.0,
20260810,330860,1469.0,2.0,1,1469.0,
20260810,332570,822.0,,1,822.0,
20260810,336370,1206.0,2.0,1,1206.0,
20260810,336570,525.0,1.0,1,525.0,
20260810,339770,416.0,1.0,1,416.0,
20260810,340450,262.0,,1,262.0,
20260810,340570,3657.0,3.0,1,3657.0,
20260810,347700,912.0,1.0,1,912.0,
20260810,348210,1887.0,3.0,1,1887.0,
20260810,352480,1343.0,,1,1343.0,
20260810,352820,4370.0,20.0,1,4370.0,
20260810,353200,4465.0,12.0,1,4465.0,
20260810,354320,1200.0,1.0,1,1200.0,
20260810,355150,,,0,,
20260810,356860,1969.0,8.0,1,1969.0,
20260810,357780,18895.0,9.0,1,18895.0,
20260810,361390,229.0,1.0,1,229.0,
20260810,368770,493.0,,1,493.0,
20260810,375500,11520.0,19.0,1,11520.0,
20260810,376270,1735.0,1.0,1,1735.0,
20260810,376300,1517.0,11.0,1,1517.0,
20260810,377300,946.0,5.0,1,946.0,
20260810,381970,1035.0,3.0,1,1035.0,
20260810,382800,781.0,,1,781.0,
20260810,383220,12701.0,8.0,1,12701.0,
20260810,383310,1333.0,1.0,1,1333.0,
20260810,383800,1955.0,2.0,1,1955.0,
20260810,388050,540.0,,1,540.0,
20260810,388210,6391.0,3.0,1,6391.0,
20260810,389260,1384.0,,1,1384.0,
20260810,396300,264.0,,1,264.0,
20260810,397030,110.0,2.0,1,110.0,
20260810,402340,296272.0,7.0,1,296272.0,
20260810,403550,83.0,1.0,1,83.0,
20260810,403870,1440.0,6.0,1,1440.0,
20260810,405100,1008.0,1.0,1,1008.0,
20260810,413630,124.0,,1,124.0,
20260810,417840,1231.0,1.0,1,1231.0,
20260810,419530,2869.0,2.0,1,2869.0,
20260810,420770,1930.0,4.0,1,1930.0,
20260810,425420,2620.0,,1,2620.0,
20260810,439260,7937.0,4.0,1,7937.0,
20260810,440110,1817.0,1.0,1,1817.0,
20260810,441270,546.0,1.0,1,546.0,
20260810,443060,7838.0,11.0,1,7838.0,
20260810,445090,549.0,,1,549.0,
20260810,450950,97.0,2.0,1,97.0,
20260810,451760,457.0,1.0,1,457.0,
20260810,452430,419.0,1.0,1,419.0,
20260810,453340,3415.0,3.0,1,3415.0,
20260810,454910,108.0,1.0,1,108.0,
20260810,456010,7.0,1.0,1,7.0,
20260810,456040,12816.0,3.0,1,12816.0,
20260810,458870,1618.0,4.0,1,1618.0,
20260810,460860,833.0,3.0,1,833.0,
20260810,462870,2225.0,9.0,1,2225.0,
20260810,475150,890.0,4.0,1,890.0,
20260810,475960,37.0,1.0,1,37.0,
20260810,476060,609.0,2.0,1,609.0,
20260810,482630,1028.0,2.0,1,1028.0,
20260810,483650,10305.0,15.0,1,10305.0,
20260810,484120,1305.0,,1,1305.0,
20260810,484870,1868.0,1.0,1,1868.0,
20260810,488280,148.0,,1,148.0,
20260810,489460,644.0,,1,644.0,
20260810,489500,1479.0,,1,1479.0,
20260810,489790,3786.0,3.0,1,3786.0,
20260810,499790,3032.0,5.0,1,3032.0,
